district,month,cases_registered,persons_arrested,ganja_kg,brownsugar_g,vehicles,ganja_plants_destroyed,bhanga,opium,cough_syrup_bottles,cash_recovered
Bhubaneswar,2015-01,26,42,0.2,1.8,13,267,0,6.81,88,25859
Ganjam,2015-01,7,9,5.62,0.36,2,79,0,0.92,19,6970
Koraput,2015-01,5,7,12.5,5.19,1,46,0,0.72,14,5026
Sambalpur,2015-01,3,5,21.63,0.54,0,38,0,0.46,8,2884
Puri,2015-01,19,34,8.61,33.4,6,175,0,0.54,59,18994
Balasore,2015-01,5,7,58.28,10.72,3,43,0,2.2,16,5075
Rourkela,2015-01,6,8,0.29,6.23,4,56,0,1.25,15,5976
Mayurbhanj,2015-01,1,1,0.27,1.28,1,7,0,0.71,8,995
Cuttack,2015-01,25,46,8.44,2.64,11,273,0,0.86,77,24933
Kalahandi,2015-01,2,2,4.49,4.72,0,17,0,1.96,5,1998
Bhubaneswar,2015-02,34,48,0.89,3.57,17,347,0,1.77,114,34023
Ganjam,2015-02,5,12,34.17,0.42,5,57,0,0.5,14,5014
Koraput,2015-02,4,4,2.24,2.18,1,39,0,0.2,5,3928
Sambalpur,2015-02,3,5,0.62,0.05,1,28,0,10.59,11,3052
Puri,2015-02,12,13,2.4,10.78,12,120,0,2.32,41,11900
Balasore,2015-02,0,1,14.51,0.11,0,0,0,0.63,0,1
Rourkela,2015-02,7,14,37.15,0.49,3,64,0,0.66,22,6906
Mayurbhanj,2015-02,2,5,359.16,0.1,1,34,0,1.09,2,1964
Cuttack,2015-02,25,34,2.77,4.07,16,225,0,0.73,69,24996
Kalahandi,2015-02,2,2,3.45,2.89,0,17,0,0.15,2,1987
Bhubaneswar,2015-03,22,32,52.31,0.63,11,214,0,0.24,68,21977
Ganjam,2015-03,2,3,35.03,0.18,2,22,0,2.18,9,1961
Koraput,2015-03,1,1,6.78,1.06,2,11,0,0.68,3,1017
Sambalpur,2015-03,5,10,4.38,4.29,5,49,0,5.11,9,5001
Puri,2015-03,10,10,11.81,2.22,8,98,0,0.91,32,9736
Balasore,2015-03,6,11,1.03,9.43,1,64,0,0.5,15,5920
Rourkela,2015-03,11,21,1.32,0.08,7,101,0,0.23,43,10878
Mayurbhanj,2015-03,2,5,49.53,53.96,1,23,0,1.08,6,2034
Cuttack,2015-03,37,53,52.81,0.18,15,382,0,0.73,103,37293
Kalahandi,2015-03,3,3,9.49,3.09,0,35,0,1.88,7,3048
Bhubaneswar,2015-04,32,62,10.64,2.81,17,344,0,1.64,97,32029
Ganjam,2015-04,5,5,5.17,0.53,2,68,0,0.73,13,4917
Koraput,2015-04,4,6,1.87,1.17,3,36,0,0.51,7,3961
Sambalpur,2015-04,8,9,0.51,11.42,5,75,0,0.37,23,8074
Puri,2015-04,10,13,26.66,2.67,2,113,0,1.39,29,9989
Balasore,2015-04,2,4,19.57,0.27,1,14,0,1.0,6,1971
Rourkela,2015-04,10,13,39.79,2.57,5,102,0,2.2,30,10189
Mayurbhanj,2015-04,3,4,0.95,1.28,1,29,0,1.79,11,3094
Cuttack,2015-04,27,44,181.14,0.78,14,260,0,2.71,91,27377
Kalahandi,2015-04,1,1,4.91,1.19,2,8,0,1.44,0,976
Bhubaneswar,2015-05,29,42,4.04,0.47,21,344,0,0.73,108,29340
Ganjam,2015-05,5,5,56.6,2.89,3,53,0,1.73,14,5075
Koraput,2015-05,8,13,9.48,22.7,7,75,0,0.19,22,7986
Sambalpur,2015-05,4,8,7.56,0.06,2,35,0,3.2,13,3998
Puri,2015-05,15,16,43.67,5.31,3,143,0,0.32,39,15022
Balasore,2015-05,4,7,4.81,3.06,1,41,0,1.06,17,3969
Rourkela,2015-05,16,29,0.3,28.4,8,158,0,0.15,48,16102
Mayurbhanj,2015-05,5,6,1.85,200.11,2,45,0,0.13,19,5043
Cuttack,2015-05,23,23,69.79,2.64,12,231,0,1.85,74,22954
Kalahandi,2015-05,1,1,5.01,0.04,1,9,0,2.16,3,944
Bhubaneswar,2015-06,28,48,273.97,0.59,12,298,0,0.29,95,28026
Ganjam,2015-06,3,3,6.86,3.48,3,21,0,1.48,8,3036
Koraput,2015-06,5,11,28.07,0.2,3,44,0,3.03,10,5081
Sambalpur,2015-06,6,7,1.8,0.05,2,62,0,0.37,15,5932
Puri,2015-06,17,33,1.34,0.17,9,180,0,2.69,58,16904
Balasore,2015-06,1,1,5.0,3.04,0,6,0,2.47,2,1012
Rourkela,2015-06,9,15,3.12,9.81,2,91,0,0.56,27,8823
Mayurbhanj,2015-06,4,4,5.02,0.06,0,41,0,0.99,10,4013
Cuttack,2015-06,31,57,70.34,4.59,12,302,0,1.19,94,31171
Kalahandi,2015-06,2,4,14.28,1.55,6,25,0,2.67,7,1963
Bhubaneswar,2015-07,32,45,6.29,16.22,15,329,0,1.11,93,32026
Ganjam,2015-07,5,9,2.59,28.18,2,51,0,0.28,14,5095
Koraput,2015-07,1,2,16.09,0.68,1,9,0,0.88,5,958
Sambalpur,2015-07,4,5,3.73,2.14,2,33,0,2.44,15,4008
Puri,2015-07,13,22,14.63,0.44,6,141,0,6.26,42,13016
Balasore,2015-07,3,6,10.47,234.25,2,36,0,1.86,13,2947
Rourkela,2015-07,6,6,0.36,13.72,6,65,0,0.32,13,5962
Mayurbhanj,2015-07,3,3,1.44,6.14,4,28,0,7.63,10,2901
Cuttack,2015-07,30,47,0.04,18.57,18,292,0,0.86,94,30183
Kalahandi,2015-07,0,1,0.28,1.21,0,4,0,1.94,1,1
Bhubaneswar,2015-08,31,58,77.25,0.03,19,312,0,0.51,106,30772
Ganjam,2015-08,8,14,100.13,3.54,2,74,0,3.49,20,7980
Koraput,2015-08,4,9,3.36,0.99,3,44,0,1.32,11,3973
Sambalpur,2015-08,6,7,4.08,0.71,2,50,0,0.52,21,5935
Puri,2015-08,6,11,1021.06,53.51,3,45,0,0.63,21,5791
Balasore,2015-08,10,18,0.82,44.11,4,84,0,0.3,31,9901
Rourkela,2015-08,9,13,12.2,9.76,7,87,0,0.36,22,9024
Mayurbhanj,2015-08,4,9,8.04,1.02,3,35,0,0.18,12,4107
Cuttack,2015-08,32,48,11.99,0.08,15,295,0,0.2,101,32011
Kalahandi,2015-08,4,10,0.66,6.93,0,29,0,1.69,15,3969
Bhubaneswar,2015-09,25,40,1.29,195.27,13,275,0,1.48,77,25212
Ganjam,2015-09,7,12,6.05,0.17,3,77,0,0.48,24,6903
Koraput,2015-09,2,4,24.5,1.56,2,17,0,0.37,8,1987
Sambalpur,2015-09,5,5,25.04,9.49,2,52,0,2.37,14,5068
Puri,2015-09,13,24,0.53,0.88,6,132,0,5.02,43,13019
Balasore,2015-09,5,8,351.75,4.03,2,42,0,0.59,17,5097
Rourkela,2015-09,10,17,3.33,17.33,9,89,0,4.1,39,9941
Mayurbhanj,2015-09,2,2,38.08,0.67,1,16,0,0.71,3,1959
Cuttack,2015-09,29,55,1.26,0.2,19,280,0,1.13,109,28850
Kalahandi,2015-09,0,1,9.1,1.04,0,0,0,3.17,3,1
Bhubaneswar,2015-10,34,45,2.75,7.6,14,325,0,1.77,115,33871
Ganjam,2015-10,4,4,4.64,31.92,0,41,0,1.03,19,3926
Koraput,2015-10,4,6,3.17,0.13,2,42,0,0.74,10,4105
Sambalpur,2015-10,8,12,57.56,9.96,4,76,0,0.68,18,7913
Puri,2015-10,10,16,71.68,1.02,5,91,0,3.99,28,9984
Balasore,2015-10,4,4,5.59,0.18,4,47,0,0.61,15,3844
Rourkela,2015-10,9,13,198.48,2.1,3,93,0,0.84,19,9027
Mayurbhanj,2015-10,3,3,54.83,0.32,2,36,0,1.11,14,3039
Cuttack,2015-10,30,39,5.04,14.62,12,310,0,1.4,83,29828
Kalahandi,2015-10,3,3,221.27,0.89,1,34,0,3.64,7,2937
Bhubaneswar,2015-11,27,40,19.1,2.94,12,306,0,0.65,71,26796
Ganjam,2015-11,7,7,29.81,1.46,6,62,0,4.08,27,7088
Koraput,2015-11,3,3,0.9,18.91,0,29,0,1.21,13,3039
Sambalpur,2015-11,5,11,2.44,0.6,4,56,0,0.2,16,4914
Puri,2015-11,15,16,2.7,1.87,8,155,0,3.74,41,15060
Balasore,2015-11,4,5,3.19,1.24,2,40,0,8.18,17,4042
Rourkela,2015-11,8,10,0.93,1.58,6,82,0,0.48,23,7990
Mayurbhanj,2015-11,1,1,20.91,2.43,0,5,0,0.38,1,966
Cuttack,2015-11,42,57,27.04,24.6,13,417,0,0.97,139,42122
Kalahandi,2015-11,1,2,1.71,2.55,1,10,0,6.65,2,1011
Bhubaneswar,2015-12,31,54,9.62,0.11,25,317,0,1.46,99,30698
Ganjam,2015-12,9,14,27.01,2.45,6,83,0,0.92,25,8869
Koraput,2015-12,5,6,0.91,1.72,3,58,0,2.7,11,5042
Sambalpur,2015-12,6,6,23.91,5.81,3,67,0,2.94,13,5954
Puri,2015-12,8,11,1.93,10.76,5,75,0,0.55,18,7955
Balasore,2015-12,10,14,8.55,34.67,4,75,0,14.34,45,9962
Rourkela,2015-12,2,6,243.63,73.08,2,23,0,0.6,3,2054
Mayurbhanj,2015-12,2,3,5.62,0.85,0,14,0,0.8,10,1995
Cuttack,2015-12,40,62,10.11,170.23,23,381,0,4.49,125,40218
Kalahandi,2015-12,1,1,4.71,0.88,0,10,0,2.81,4,979
Bhubaneswar,2016-01,32,38,3.36,9.12,23,320,0,13.11,102,32382
Ganjam,2016-01,5,5,453.23,2.66,3,31,0,0.67,16,4927
Koraput,2016-01,6,6,4.51,0.66,4,60,0,4.85,17,6036
Sambalpur,2016-01,4,4,1.82,1.06,3,51,0,5.08,19,4044
Puri,2016-01,11,16,23.26,0.63,7,112,0,0.52,32,10663
Balasore,2016-01,6,8,2.56,0.12,4,65,0,4.05,16,6014
Rourkela,2016-01,15,21,1.41,0.75,7,154,0,0.42,49,15207
Mayurbhanj,2016-01,5,12,8.08,3.27,1,64,0,1.2,16,5020
Cuttack,2016-01,30,54,5.06,4.0,17,304,0,3.54,95,30066
Kalahandi,2016-01,1,1,6.03,13.2,1,4,0,1.3,5,1021
Bhubaneswar,2016-02,32,49,1.9,2.0,16,330,0,0.64,106,31867
Ganjam,2016-02,7,7,15.12,5.47,6,88,0,1.38,18,7089
Koraput,2016-02,3,5,4.76,1.51,3,30,0,1.64,14,2974
Sambalpur,2016-02,2,2,17.8,27.4,0,16,0,1.52,5,2014
Puri,2016-02,8,13,3.8,3.52,3,85,0,1.63,19,8013
Balasore,2016-02,9,9,27.08,1.97,6,74,0,0.68,23,8929
Rourkela,2016-02,11,19,12.93,0.97,2,101,0,14.58,39,11077
Mayurbhanj,2016-02,1,2,15.51,4.88,0,7,0,1.16,7,956
Cuttack,2016-02,29,41,20.9,3.16,14,278,0,1.23,76,29019
Kalahandi,2016-02,2,3,7.18,43.79,2,16,0,1.49,7,1978
Bhubaneswar,2016-03,33,49,3.18,1.97,13,340,0,0.82,99,33086
Ganjam,2016-03,10,21,1.18,1.65,4,102,0,1.45,33,9906
Koraput,2016-03,1,3,3.57,4.81,2,10,0,1.67,5,998
Sambalpur,2016-03,5,5,55.23,21.68,0,52,0,1.17,12,4900
Puri,2016-03,8,15,49.12,0.47,4,82,0,1.87,30,7925
Balasore,2016-03,7,10,229.16,1.13,2,81,0,0.73,35,7069
Rourkela,2016-03,6,9,7.07,8.24,2,52,0,0.81,23,6020
Mayurbhanj,2016-03,2,2,2.76,1.61,1,22,0,0.39,4,1991
Cuttack,2016-03,30,54,0.8,1.42,13,271,0,9.72,87,29990
Kalahandi,2016-03,1,1,9.7,2.71,1,11,0,0.71,2,1006
Bhubaneswar,2016-04,42,66,5.89,0.09,17,428,0,1.56,139,42063
Ganjam,2016-04,9,9,1.42,18.28,3,93,0,3.51,32,9102
Koraput,2016-04,4,5,4.08,85.11,3,40,0,2.54,7,4044
Sambalpur,2016-04,7,9,3.71,16.27,3,59,0,1.88,19,6942
Puri,2016-04,15,28,364.76,7.76,7,152,0,0.45,50,15193
Balasore,2016-04,7,16,63.9,1.19,4,64,0,4.72,21,7021
Rourkela,2016-04,12,22,3.3,10.49,7,131,0,0.69,32,12150
Mayurbhanj,2016-04,3,3,40.06,19.49,1,39,0,0.46,6,2988
Cuttack,2016-04,20,25,46.71,0.16,14,186,0,0.88,61,19748
Kalahandi,2016-04,2,2,5.08,2.63,0,19,0,2.62,5,2031
Bhubaneswar,2016-05,34,45,1.33,3.44,16,356,0,3.28,120,34082
Ganjam,2016-05,7,10,36.12,0.62,2,66,0,0.43,17,6941
Koraput,2016-05,3,5,77.97,2.5,0,28,0,2.5,9,2935
Sambalpur,2016-05,2,2,4.02,61.51,2,26,0,1.35,7,1999
Puri,2016-05,9,9,5.29,0.03,5,82,0,0.82,20,9028
Balasore,2016-05,5,5,0.4,5.25,6,44,0,0.39,14,4882
Rourkela,2016-05,8,19,4.49,0.24,5,80,0,7.32,23,7961
Mayurbhanj,2016-05,6,7,8.1,6.76,5,58,0,0.53,18,6036
Cuttack,2016-05,24,39,0.21,1.45,13,223,0,1.11,88,23760
Kalahandi,2016-05,2,2,2.21,2.97,2,13,0,1.81,5,1951
Bhubaneswar,2016-06,22,35,4.25,49.35,6,230,0,1.14,67,22323
Ganjam,2016-06,4,4,0.44,0.14,1,28,0,0.58,11,3947
Koraput,2016-06,6,14,14.51,3.29,1,56,0,2.68,21,6028
Sambalpur,2016-06,6,6,12.31,9.39,0,61,0,0.38,18,5992
Puri,2016-06,18,32,20.42,4.27,9,197,0,0.98,55,17770
Balasore,2016-06,7,8,0.49,3.17,3,56,0,0.21,19,7052
Rourkela,2016-06,15,23,2.75,2.47,8,143,0,3.11,53,14919
Mayurbhanj,2016-06,2,2,4.45,50.35,1,23,0,1.3,4,1972
Cuttack,2016-06,33,57,23.51,3.71,16,330,0,0.6,110,32977
Kalahandi,2016-06,2,4,137.48,0.99,2,24,0,0.93,12,1990
Bhubaneswar,2016-07,37,47,27.43,1.63,15,369,0,0.95,117,37016
Ganjam,2016-07,5,6,1.32,0.54,4,59,0,1.72,16,4917
Koraput,2016-07,2,2,41.08,139.96,1,23,0,4.0,7,2013
Sambalpur,2016-07,6,6,72.0,22.95,2,59,0,2.37,18,5978
Puri,2016-07,10,18,1.06,16.27,5,125,0,0.06,29,10076
Balasore,2016-07,4,4,7.95,6.79,1,40,0,2.23,13,4015
Rourkela,2016-07,6,8,8.93,1900.11,2,63,0,1.45,25,6067
Mayurbhanj,2016-07,3,4,4.54,1.46,2,30,0,1.11,8,2992
Cuttack,2016-07,26,33,4.07,3.47,17,244,0,0.34,67,25967
Kalahandi,2016-07,3,6,53.35,3.09,0,43,0,2.07,8,2976
Bhubaneswar,2016-08,31,37,5.32,0.14,15,308,0,5.16,102,31202
Ganjam,2016-08,6,6,5.08,12.98,3,67,0,2.64,21,5945
Koraput,2016-08,6,11,1291.88,0.32,4,73,0,1.15,15,5939
Sambalpur,2016-08,6,10,3.97,0.69,2,71,0,1.29,18,5995
Puri,2016-08,11,17,28.9,0.25,7,119,0,1.17,39,10956
Balasore,2016-08,6,14,20.23,418.15,6,59,0,1.86,14,6042
Rourkela,2016-08,5,8,0.67,0.37,3,48,0,2.79,12,5091
Mayurbhanj,2016-08,1,2,75.45,0.34,3,11,0,0.27,3,961
Cuttack,2016-08,27,36,12.99,1.23,11,286,0,0.31,71,26672
Kalahandi,2016-08,4,6,13.65,2.58,3,32,0,0.99,11,3960
Bhubaneswar,2016-09,25,34,2.41,22.35,13,253,0,0.84,71,24943
Ganjam,2016-09,6,7,15.16,0.76,2,68,0,1.16,15,6016
Koraput,2016-09,5,10,1.84,1.28,3,64,0,0.56,20,4862
Sambalpur,2016-09,5,9,0.12,56.08,2,50,0,8.61,11,4974
Puri,2016-09,10,16,20.26,14.93,5,83,0,0.59,46,10043
Balasore,2016-09,7,10,9.58,0.0,6,74,0,2.44,19,7031
Rourkela,2016-09,7,14,1.43,0.48,2,55,0,1.61,16,7050
Mayurbhanj,2016-09,5,11,51.86,3.28,1,53,0,0.99,15,4998
Cuttack,2016-09,24,26,5.91,40.31,15,220,0,5.5,63,24029
Kalahandi,2016-09,2,2,30.54,0.44,0,18,0,1.17,7,2046
Bhubaneswar,2016-10,27,40,30.54,12.13,16,254,0,1.67,78,26978
Ganjam,2016-10,4,4,2.02,25.6,3,47,0,0.75,17,4092
Koraput,2016-10,3,7,36.01,30.44,2,33,0,0.93,5,2986
Sambalpur,2016-10,5,7,1.9,18.55,1,74,0,5.29,17,5082
Puri,2016-10,8,8,6.28,4.69,4,83,0,4.36,18,7912
Balasore,2016-10,6,10,20.7,4.18,0,62,0,1.95,21,6115
Rourkela,2016-10,5,6,0.47,1.23,3,45,0,0.08,19,5016
Mayurbhanj,2016-10,3,7,417.36,5.9,0,18,0,3.5,12,2974
Cuttack,2016-10,30,51,4.31,1.89,14,281,0,1.02,81,30138
Kalahandi,2016-10,3,5,7.2,0.2,1,29,0,2.92,12,3047
Bhubaneswar,2016-11,25,29,8.88,0.94,9,263,0,1.69,88,24788
Ganjam,2016-11,3,8,61.15,33.87,1,30,0,1.17,9,2990
Koraput,2016-11,2,3,4.55,0.44,1,17,0,1.21,3,2037
Sambalpur,2016-11,3,6,1.62,2.92,3,30,0,2.93,8,2907
Puri,2016-11,8,8,5.2,1.35,7,82,0,2.44,17,8141
Balasore,2016-11,7,12,0.15,5.89,2,71,0,2.91,23,6845
Rourkela,2016-11,13,25,0.99,11.78,3,127,0,1.71,32,12884
Mayurbhanj,2016-11,1,2,2.9,0.52,0,7,0,1.63,2,1016
Cuttack,2016-11,27,29,27.68,2.55,16,272,0,0.76,88,26799
Kalahandi,2016-11,0,2,0.29,1.49,1,2,0,2.6,0,0
Bhubaneswar,2016-12,30,50,4.03,5.93,16,296,0,1.48,90,29825
Ganjam,2016-12,8,9,0.09,1.6,0,78,0,0.26,18,8002
Koraput,2016-12,6,6,3.12,98.92,1,61,0,3.61,21,5997
Sambalpur,2016-12,5,9,2.91,0.57,0,63,0,0.69,17,4984
Puri,2016-12,12,19,1.82,5.82,4,112,0,2.49,27,12009
Balasore,2016-12,4,6,30.89,2.93,1,45,0,0.24,10,3948
Rourkela,2016-12,6,9,2.87,26.93,5,60,0,2.24,14,5918
Mayurbhanj,2016-12,0,1,40.69,54.53,0,0,0,1.34,1,3
Cuttack,2016-12,25,47,410.54,34.36,19,255,0,0.63,72,24965
Kalahandi,2016-12,2,2,40.62,0.27,1,22,0,0.27,4,2049
Bhubaneswar,2017-01,36,59,16.79,1.75,22,343,0,21.26,102,36294
Ganjam,2017-01,8,13,4.41,0.32,8,82,0,3.35,25,8025
Koraput,2017-01,4,9,36.64,3.27,2,38,0,0.9,4,4018
Sambalpur,2017-01,6,6,0.9,2.7,2,54,0,0.75,27,6016
Puri,2017-01,17,23,33.59,1.18,8,172,0,0.77,50,17079
Balasore,2017-01,5,5,0.17,1.41,2,52,0,1.68,12,4994
Rourkela,2017-01,8,20,24.71,85.5,1,66,0,0.43,23,8011
Mayurbhanj,2017-01,5,5,40.85,267.4,1,53,0,1.67,15,5065
Cuttack,2017-01,23,40,26.35,1.3,15,251,0,1.48,58,23367
Kalahandi,2017-01,3,8,0.31,18.54,1,38,0,2.05,14,3033
Bhubaneswar,2017-02,26,48,1.87,0.3,12,284,0,6.21,81,25739
Ganjam,2017-02,4,8,4.73,34.84,1,40,0,1.75,9,3971
Koraput,2017-02,3,6,0.32,10.46,2,35,0,0.5,11,3027
Sambalpur,2017-02,4,7,90.36,0.1,2,42,0,7.68,12,4072
Puri,2017-02,16,26,13.58,1.67,9,156,0,1.65,50,15957
Balasore,2017-02,3,3,7.91,8.64,2,31,0,0.39,10,2941
Rourkela,2017-02,12,13,13.92,52.0,7,115,0,1.12,36,11932
Mayurbhanj,2017-02,3,6,5.04,0.66,1,27,0,1.66,7,2968
Cuttack,2017-02,22,25,42.43,1.12,9,215,0,0.91,74,22275
Kalahandi,2017-02,2,4,4.72,0.07,0,20,0,1.53,6,1941
Bhubaneswar,2017-03,25,45,2.49,3.35,13,250,0,5.11,80,24969
Ganjam,2017-03,9,16,19.31,19.34,2,98,0,2.3,19,9058
Koraput,2017-03,2,3,3.01,5.32,1,19,0,0.58,5,2004
Sambalpur,2017-03,9,10,143.23,1.36,3,90,0,2.29,24,9066
Puri,2017-03,12,18,3.82,33.83,6,127,0,2.04,36,11967
Balasore,2017-03,8,9,58.94,43.24,4,97,0,0.29,16,7801
Rourkela,2017-03,6,8,102.09,6.03,2,57,0,2.27,20,5919
Mayurbhanj,2017-03,3,5,3.95,12.56,3,29,0,1.15,5,2963
Cuttack,2017-03,24,37,3.26,0.08,14,261,0,1.37,74,23800
Kalahandi,2017-03,5,6,35.24,5.06,0,44,0,2.66,17,5071
Bhubaneswar,2017-04,25,40,2.82,22.81,8,264,0,0.52,73,24848
Ganjam,2017-04,4,4,8.64,41.75,1,54,0,0.99,12,3924
Koraput,2017-04,6,15,6.98,0.23,5,52,0,0.23,14,5891
Sambalpur,2017-04,5,10,2.13,21.45,3,54,0,0.41,9,4999
Puri,2017-04,13,15,5.11,10.58,5,128,0,0.57,42,12881
Balasore,2017-04,4,8,54.57,0.19,1,35,0,0.48,15,3935
Rourkela,2017-04,10,24,3.16,1.13,3,101,0,0.51,37,10069
Mayurbhanj,2017-04,4,5,17.8,2.43,1,39,0,1.54,11,4053
Cuttack,2017-04,27,32,33.8,1.24,10,246,0,0.68,86,26856
Kalahandi,2017-04,2,3,14.67,4.07,1,16,0,1.51,6,1936
Bhubaneswar,2017-05,31,52,7.93,1.82,19,321,0,0.69,92,30956
Ganjam,2017-05,5,5,3.96,5.6,1,50,0,3.43,17,4964
Koraput,2017-05,9,12,314.63,6.61,3,89,0,2.34,28,9033
Sambalpur,2017-05,5,10,0.86,3.82,2,48,0,0.31,23,4947
Puri,2017-05,6,11,2.43,2.56,3,75,0,6.48,13,5999
Balasore,2017-05,8,17,0.66,1.29,1,73,0,0.7,26,7912
Rourkela,2017-05,12,15,2.55,0.17,5,122,0,0.15,39,11964
Mayurbhanj,2017-05,3,4,41.72,3.18,2,40,0,0.42,9,2984
Cuttack,2017-05,35,73,21.62,2.59,12,342,0,2.01,99,35161
Kalahandi,2017-05,5,5,1.04,0.4,4,48,0,0.67,15,5067
Bhubaneswar,2017-06,28,41,146.65,2.8,19,298,0,1.01,68,28135
Ganjam,2017-06,7,12,1.56,113.19,5,80,0,0.86,23,7067
Koraput,2017-06,6,11,19.87,34.53,1,63,0,1.52,21,6002
Sambalpur,2017-06,4,5,19.07,69.48,4,36,0,1.11,13,4115
Puri,2017-06,9,10,12.09,2.74,4,93,0,1.08,24,8959
Balasore,2017-06,6,13,4.62,2.24,4,56,0,0.98,17,5943
Rourkela,2017-06,12,19,24.0,13.66,6,110,0,2.18,39,11989
Mayurbhanj,2017-06,1,1,24.98,2.95,0,8,0,3.23,0,962
Cuttack,2017-06,31,49,6.11,1.78,20,331,0,1.19,79,31101
Kalahandi,2017-06,3,4,3.78,3.55,1,36,0,4.01,11,3026
Bhubaneswar,2017-07,29,47,8.96,0.69,13,285,0,4.34,98,29011
Ganjam,2017-07,7,8,13.78,0.13,3,74,0,0.42,28,6941
Koraput,2017-07,1,1,0.36,9.22,0,17,0,3.18,4,987
Sambalpur,2017-07,15,19,13.13,0.49,7,136,0,2.13,48,15170
Puri,2017-07,15,27,17.22,0.45,6,155,0,0.24,51,14882
Balasore,2017-07,4,6,8.89,6.39,2,35,0,0.8,7,4030
Rourkela,2017-07,8,11,7.66,1.3,5,98,0,1.48,16,7956
Mayurbhanj,2017-07,2,2,12.15,0.2,0,11,0,2.83,11,2002
Cuttack,2017-07,25,27,7.54,10.16,11,260,0,0.29,63,25126
Kalahandi,2017-07,5,7,47.63,0.18,4,50,0,0.18,20,4932
Bhubaneswar,2017-08,32,48,1768.46,1.07,15,299,0,0.91,91,31952
Ganjam,2017-08,6,7,5.94,2.17,2,46,0,0.17,19,5936
Koraput,2017-08,2,3,0.48,0.03,1,20,0,1.96,7,1923
Sambalpur,2017-08,7,10,160.14,5.45,3,83,0,0.33,20,7018
Puri,2017-08,12,19,4.23,19.9,6,119,0,0.36,52,11945
Balasore,2017-08,4,4,1.82,16.91,4,31,0,1.53,24,3938
Rourkela,2017-08,13,16,16.94,0.08,12,136,0,1.02,45,12906
Mayurbhanj,2017-08,3,4,35.81,0.01,0,32,0,0.39,6,3022
Cuttack,2017-08,24,28,7.45,0.08,14,250,0,1.48,73,23900
Kalahandi,2017-08,0,0,52.97,30.39,2,1,0,0.88,2,1
Bhubaneswar,2017-09,34,53,64.44,2.98,16,352,0,4.61,103,33874
Ganjam,2017-09,8,13,23.84,0.41,5,75,0,3.96,17,7896
Koraput,2017-09,4,8,10.37,1.8,2,35,0,1.13,13,3993
Sambalpur,2017-09,7,16,41.8,10.41,6,66,0,1.91,22,7033
Puri,2017-09,11,20,162.25,0.79,4,98,0,0.79,47,10819
Balasore,2017-09,7,8,45.27,5.39,4,67,0,1.23,33,7010
Rourkela,2017-09,12,21,3.62,2.35,3,115,0,5.09,30,12257
Mayurbhanj,2017-09,3,6,1.51,13.19,1,35,0,0.24,6,3026
Cuttack,2017-09,25,32,32.99,1.96,17,228,0,0.79,76,24911
Kalahandi,2017-09,1,1,8.65,46.73,0,9,0,1.16,5,1024
Bhubaneswar,2017-10,36,50,2.87,1.72,17,356,0,0.17,103,35635
Ganjam,2017-10,8,12,2.86,16.22,5,77,0,2.89,30,8016
Koraput,2017-10,2,3,4.94,3.02,3,17,0,0.52,8,2017
Sambalpur,2017-10,5,9,106.49,9.36,1,54,0,0.89,13,4945
Puri,2017-10,15,15,0.28,1.32,6,139,0,0.29,43,15006
Balasore,2017-10,6,6,1.64,0.41,5,65,0,0.25,18,5952
Rourkela,2017-10,8,16,1.19,4.77,6,70,0,5.14,25,7942
Mayurbhanj,2017-10,8,8,12.12,3.6,4,87,0,2.14,22,8083
Cuttack,2017-10,23,40,10.19,0.08,11,199,0,1.04,73,23203
Kalahandi,2017-10,1,1,21.92,1.46,1,17,0,0.64,2,1053
Bhubaneswar,2017-11,28,48,37.36,54.96,8,282,0,2.01,74,27721
Ganjam,2017-11,7,11,10.86,0.03,4,58,0,0.85,19,6934
Koraput,2017-11,1,3,1.12,0.19,2,10,0,0.44,4,960
Sambalpur,2017-11,5,11,17.16,1.85,1,47,0,12.94,9,4994
Puri,2017-11,10,10,7.07,2.24,8,96,0,0.96,23,9946
Balasore,2017-11,4,4,48.43,2.89,1,50,0,1.55,13,3971
Rourkela,2017-11,8,9,1.75,10.33,1,92,0,0.89,20,7999
Mayurbhanj,2017-11,3,4,15.84,1.05,5,20,0,0.71,11,3049
Cuttack,2017-11,26,35,18.97,148.58,21,277,0,0.82,87,25960
Kalahandi,2017-11,2,7,41.17,1.71,1,24,0,3.46,7,1983
Bhubaneswar,2017-12,29,44,6.42,57.22,15,310,0,0.1,94,28928
Ganjam,2017-12,7,7,5.11,4.59,5,71,0,2.35,22,7063
Koraput,2017-12,4,8,133.37,0.27,1,35,0,1.24,14,3929
Sambalpur,2017-12,8,16,0.58,7.88,4,83,0,0.24,26,7910
Puri,2017-12,6,12,12.13,27.29,2,72,0,2.2,13,6108
Balasore,2017-12,4,7,86.83,4.39,3,39,0,1.91,16,3944
Rourkela,2017-12,7,12,23.67,14.75,0,66,0,6.98,11,6979
Mayurbhanj,2017-12,3,6,37.51,0.55,1,29,0,1.69,9,3028
Cuttack,2017-12,34,51,108.47,54.84,24,374,0,0.65,98,33860
Kalahandi,2017-12,4,6,1.87,1.32,5,34,0,0.61,8,4047
Bhubaneswar,2018-01,29,35,2.46,0.03,17,279,0,0.6,86,28749
Ganjam,2018-01,7,13,2.74,12.59,5,65,0,0.59,19,6941
Koraput,2018-01,5,6,4.19,0.39,2,48,0,3.71,21,5028
Sambalpur,2018-01,5,6,78.53,2.93,3,53,0,0.32,14,4981
Puri,2018-01,14,16,1.28,6.71,5,122,0,0.71,48,13940
Balasore,2018-01,4,4,1.0,4.98,1,46,0,1.24,17,4003
Rourkela,2018-01,16,17,0.7,0.51,11,138,0,2.26,44,16035
Mayurbhanj,2018-01,3,3,21.61,17.84,0,36,0,0.4,9,2899
Cuttack,2018-01,35,51,17.77,6.81,16,352,0,1.13,111,35072
Kalahandi,2018-01,4,7,1.46,0.28,0,44,0,0.48,8,3970
Bhubaneswar,2018-02,33,67,3.03,0.4,20,335,0,3.54,109,33219
Ganjam,2018-02,1,1,3.01,679.08,1,8,0,0.64,2,969
Koraput,2018-02,1,2,29.0,3.39,1,10,0,1.43,0,1007
Sambalpur,2018-02,11,23,19.64,1.59,5,117,0,1.49,32,11081
Puri,2018-02,12,18,10.13,20.1,3,118,0,3.85,35,12062
Balasore,2018-02,3,3,1.74,0.45,3,29,0,3.61,10,2969
Rourkela,2018-02,11,17,27.61,0.58,6,105,0,5.0,35,10894
Mayurbhanj,2018-02,4,11,0.43,29.73,1,34,0,4.63,13,4019
Cuttack,2018-02,33,50,7.2,0.01,17,338,0,1.54,96,32840
Kalahandi,2018-02,1,1,2.0,1.08,0,9,0,0.95,5,982
Bhubaneswar,2018-03,27,33,0.54,0.67,9,281,0,0.84,73,26721
Ganjam,2018-03,9,10,1.73,6.63,4,89,0,0.38,34,8773
Koraput,2018-03,3,6,52.58,0.72,3,27,0,1.29,11,3024
Sambalpur,2018-03,7,9,3.85,0.8,6,51,0,4.09,16,7060
Puri,2018-03,18,31,5.55,1.25,5,161,0,0.4,50,17760
Balasore,2018-03,6,14,24.2,0.03,2,59,0,2.6,22,5955
Rourkela,2018-03,8,8,6.66,15.8,4,93,0,0.31,22,8000
Mayurbhanj,2018-03,5,7,5.16,1.62,5,56,0,0.45,22,4940
Cuttack,2018-03,24,33,8.04,40.92,14,234,0,1.57,59,23930
Kalahandi,2018-03,4,8,1.0,4.74,3,41,0,1.6,12,4023
Bhubaneswar,2018-04,36,50,1.12,4.41,15,325,0,0.89,99,36029
Ganjam,2018-04,9,14,6.91,6.65,10,77,0,3.12,17,9014
Koraput,2018-04,3,3,161.05,1.31,1,25,0,0.57,4,2928
Sambalpur,2018-04,1,2,59.14,25.09,1,12,0,0.88,4,951
Puri,2018-04,9,14,4.75,0.01,3,79,0,1.46,20,9006
Balasore,2018-04,6,7,39.42,1.95,2,69,0,0.96,15,6078
Rourkela,2018-04,17,23,185.46,4.71,14,195,0,0.17,44,17061
Mayurbhanj,2018-04,1,1,0.5,0.04,1,10,0,0.51,5,964
Cuttack,2018-04,26,48,100.8,7.56,16,274,0,0.68,77,25793
Kalahandi,2018-04,3,6,3.69,2.0,0,33,0,0.82,8,2954
Bhubaneswar,2018-05,30,39,0.56,0.2,16,309,0,5.12,84,29778
Ganjam,2018-05,9,15,6.45,0.61,5,80,0,0.78,30,8876
Koraput,2018-05,2,3,4.32,5.56,0,20,0,3.5,6,1999
Sambalpur,2018-05,7,10,1.63,14.07,2,65,0,2.21,24,7035
Puri,2018-05,15,22,2.07,22.67,10,160,0,0.94,48,14898
Balasore,2018-05,9,10,10.86,0.07,4,81,0,0.29,16,9038
Rourkela,2018-05,7,12,2.85,1.63,7,70,0,4.86,15,7009
Mayurbhanj,2018-05,3,5,2.43,0.11,3,17,0,2.08,9,3034
Cuttack,2018-05,20,48,4.03,0.19,3,202,0,0.65,55,19859
Kalahandi,2018-05,3,6,9.3,154.85,0,20,0,0.82,6,2991
Bhubaneswar,2018-06,34,55,31.43,19.98,12,338,0,1.51,100,33837
Ganjam,2018-06,7,10,6.9,4.92,2,71,0,1.11,26,7046
Koraput,2018-06,1,1,5.42,0.48,2,11,0,0.69,5,983
Sambalpur,2018-06,6,12,14.7,0.23,3,52,0,0.22,17,6062
Puri,2018-06,12,14,9.15,11.78,13,126,0,0.62,42,11952
Balasore,2018-06,3,3,24.76,7.56,4,27,0,1.82,9,3094
Rourkela,2018-06,7,13,10.47,115.31,4,81,0,1.19,25,7061
Mayurbhanj,2018-06,1,1,13.89,0.06,1,14,0,0.5,3,1002
Cuttack,2018-06,35,37,38.01,8.13,16,398,0,1.3,103,35055
Kalahandi,2018-06,3,4,229.8,1.01,2,32,0,0.45,8,3005
Bhubaneswar,2018-07,31,31,56.74,17.56,13,318,0,0.55,109,31035
Ganjam,2018-07,6,6,0.88,2.36,3,54,0,0.8,21,6099
Koraput,2018-07,4,4,0.58,2.99,2,44,0,4.15,11,3965
Sambalpur,2018-07,7,12,10.46,2.3,4,62,0,1.24,16,6958
Puri,2018-07,15,27,11.14,0.31,8,149,0,4.52,39,14894
Balasore,2018-07,6,12,5.74,6.92,5,58,0,2.16,16,5900
Rourkela,2018-07,9,17,2.87,1.05,5,93,0,0.34,27,9162
Mayurbhanj,2018-07,4,8,5.75,76.27,2,32,0,0.28,13,4071
Cuttack,2018-07,21,35,10.96,0.62,11,211,0,2.66,64,21052
Kalahandi,2018-07,3,3,10.05,0.02,2,25,0,0.55,9,2984
Bhubaneswar,2018-08,27,40,7.52,0.07,16,262,0,2.13,90,27392
Ganjam,2018-08,9,9,2.31,32.28,6,69,0,0.5,26,9135
Koraput,2018-08,5,8,8.75,4.95,1,43,0,0.89,16,5084
Sambalpur,2018-08,8,15,9.83,3.42,3,88,0,1.09,22,8045
Puri,2018-08,12,12,55.51,1.92,7,103,0,4.86,31,12075
Balasore,2018-08,3,3,40.16,2.11,2,33,0,0.74,5,3039
Rourkela,2018-08,8,14,19.94,3.6,3,80,0,0.61,30,8072
Mayurbhanj,2018-08,4,4,28.79,19.37,2,43,0,0.92,12,4014
Cuttack,2018-08,27,43,6.95,0.14,12,291,0,1.07,73,27118
Kalahandi,2018-08,1,3,16.53,0.8,0,5,0,1.37,2,1020
Bhubaneswar,2018-09,28,42,16.81,1.82,18,304,0,1.04,88,28022
Ganjam,2018-09,8,8,10.83,0.17,3,83,0,1.42,23,7876
Koraput,2018-09,3,4,14.7,23.89,1,29,0,0.6,5,2976
Sambalpur,2018-09,6,11,0.13,0.4,2,58,0,5.33,18,6001
Puri,2018-09,6,6,0.43,1.84,3,62,0,1.25,14,5931
Balasore,2018-09,5,10,7.54,0.38,1,59,0,1.87,14,5028
Rourkela,2018-09,10,12,4.07,5.39,9,99,0,0.89,32,10049
Mayurbhanj,2018-09,1,1,3.82,41.94,3,9,0,0.24,3,1013
Cuttack,2018-09,31,40,1.59,0.09,15,342,0,0.27,100,30857
Kalahandi,2018-09,1,1,5.25,19.68,0,8,0,2.83,2,975
Bhubaneswar,2018-10,24,39,1.12,1.31,13,208,0,0.91,84,23887
Ganjam,2018-10,7,10,6.56,203.1,3,87,0,0.63,21,6922
Koraput,2018-10,3,5,2.2,88.18,1,26,0,1.11,10,3045
Sambalpur,2018-10,6,10,0.4,21.22,2,62,0,1.84,18,6147
Puri,2018-10,14,25,51.61,13.34,6,154,0,0.63,47,13919
Balasore,2018-10,2,2,2.07,0.95,1,15,0,1.14,3,1962
Rourkela,2018-10,5,8,3.36,0.22,1,48,0,0.45,14,5053
Mayurbhanj,2018-10,4,5,5.05,47.43,3,50,0,0.92,15,3928
Cuttack,2018-10,28,45,1.95,0.19,19,254,0,3.04,85,27787
Kalahandi,2018-10,1,1,1.13,1.62,3,15,0,0.33,2,970
Bhubaneswar,2018-11,34,58,3.34,3.2,13,356,0,1.74,102,34282
Ganjam,2018-11,12,15,1.09,14.08,8,107,0,1.25,31,12039
Koraput,2018-11,2,4,2.51,1.25,2,19,0,1.34,7,2028
Sambalpur,2018-11,7,11,5.36,4.0,4,63,0,1.5,21,6919
Puri,2018-11,13,23,1.87,4.01,5,133,0,0.56,34,13039
Balasore,2018-11,8,8,11.22,23.51,7,82,0,1.07,32,8140
Rourkela,2018-11,13,15,20.27,0.12,5,140,0,1.52,50,12937
Mayurbhanj,2018-11,2,2,21.32,3.5,1,24,0,0.61,8,2030
Cuttack,2018-11,37,51,1.88,3.77,27,368,0,2.53,103,37071
Kalahandi,2018-11,3,5,6.95,107.49,2,24,0,0.12,6,2947
Bhubaneswar,2018-12,32,55,9.26,1.73,11,300,0,2.67,95,32301
Ganjam,2018-12,7,15,17.72,2.95,3,67,0,0.41,22,7076
Koraput,2018-12,7,11,18.27,10.04,5,76,0,0.16,22,7112
Sambalpur,2018-12,7,9,52.7,7.8,3,51,0,5.38,21,7119
Puri,2018-12,15,30,0.58,2.76,5,165,0,10.08,42,14866
Balasore,2018-12,6,13,4.74,1.33,4,62,0,0.86,18,6078
Rourkela,2018-12,11,18,29.8,55.88,3,113,0,0.99,43,11078
Mayurbhanj,2018-12,1,1,1.02,0.41,2,12,0,1.43,2,1005
Cuttack,2018-12,27,38,7.66,0.07,8,284,0,0.15,74,26819
Kalahandi,2018-12,3,3,23.17,2.83,1,33,0,0.46,11,2975
Bhubaneswar,2019-01,30,55,9.49,8.53,9,293,0,0.77,82,30019
Ganjam,2019-01,9,11,8.11,0.16,8,84,0,1.9,20,8991
Koraput,2019-01,4,8,0.71,2.14,2,38,0,7.61,13,3887
Sambalpur,2019-01,10,21,5.48,8.94,1,97,0,0.64,33,10051
Puri,2019-01,14,28,0.71,10.29,2,125,0,2.1,48,13973
Balasore,2019-01,9,19,101.56,1.34,2,95,0,0.26,23,8959
Rourkela,2019-01,5,5,3.05,215.65,1,49,0,0.27,10,4929
Mayurbhanj,2019-01,7,11,8.36,3.24,1,71,0,1.43,26,7045
Cuttack,2019-01,22,28,0.49,0.03,13,213,0,0.57,85,22112
Kalahandi,2019-01,1,1,1.79,3.24,0,12,0,0.35,3,959
Bhubaneswar,2019-02,33,45,0.79,2.89,13,315,0,0.42,113,33255
Ganjam,2019-02,9,9,0.05,0.76,5,95,0,0.6,27,8910
Koraput,2019-02,3,5,8.02,0.09,2,37,0,0.95,12,2949
Sambalpur,2019-02,9,14,0.28,14.44,5,94,0,0.94,37,8934
Puri,2019-02,17,20,10.22,9.67,6,180,0,2.26,46,17004
Balasore,2019-02,4,4,296.13,0.47,2,33,0,1.17,18,3971
Rourkela,2019-02,8,15,1.61,16.99,5,78,0,1.49,16,8165
Mayurbhanj,2019-02,2,2,8.63,10.55,2,15,0,2.44,5,1914
Cuttack,2019-02,24,39,68.75,0.32,13,226,0,15.46,67,24019
Kalahandi,2019-02,5,9,0.88,0.08,3,43,0,0.4,14,5090
Bhubaneswar,2019-03,30,44,7.38,15.84,12,284,0,0.4,79,30216
Ganjam,2019-03,8,12,15.91,0.84,5,74,0,1.0,23,8050
Koraput,2019-03,2,7,79.31,0.81,1,20,0,0.2,4,1956
Sambalpur,2019-03,4,4,73.57,13.95,1,40,0,0.26,13,4013
Puri,2019-03,9,16,1.39,0.39,4,76,0,8.3,27,9018
Balasore,2019-03,6,6,31.53,1.87,0,61,0,0.27,13,6109
Rourkela,2019-03,16,26,10.86,1.19,12,140,0,0.85,51,15983
Mayurbhanj,2019-03,2,2,2.78,10.82,0,13,0,0.67,7,2082
Cuttack,2019-03,26,34,11.87,2.89,12,265,0,1.53,98,25808
Kalahandi,2019-03,1,2,5.14,0.11,0,13,0,1.04,2,1024
Bhubaneswar,2019-04,39,55,26.17,27.65,13,391,0,3.39,108,38913
Ganjam,2019-04,5,8,4.75,35.44,2,48,0,0.7,11,4876
Koraput,2019-04,6,8,4.74,1.6,6,58,0,2.07,18,5831
Sambalpur,2019-04,8,15,18.04,0.0,9,74,0,5.24,22,7884
Puri,2019-04,10,11,6.19,6.61,6,91,0,2.84,23,9957
Balasore,2019-04,4,10,1.15,0.18,5,45,0,3.37,9,4022
Rourkela,2019-04,10,17,2.55,0.51,5,89,0,0.87,26,10152
Mayurbhanj,2019-04,2,3,101.15,6.38,2,24,0,0.75,11,2039
Cuttack,2019-04,32,53,10.62,0.54,11,345,0,10.65,98,31858
Kalahandi,2019-04,3,3,42.97,0.81,1,23,0,7.16,9,2954
Bhubaneswar,2019-05,25,35,40.26,12.38,19,241,0,0.78,68,24988
Ganjam,2019-05,5,11,26.09,1.27,0,55,0,1.59,14,4988
Koraput,2019-05,2,4,3.81,1.13,0,22,0,6.24,8,2017
Sambalpur,2019-05,9,15,5.69,6.1,6,90,0,0.95,29,8949
Puri,2019-05,9,9,677.05,0.14,7,90,0,0.47,25,8998
Balasore,2019-05,8,8,0.42,10.73,4,92,0,0.32,21,8133
Rourkela,2019-05,8,14,24.63,2.72,2,76,0,3.68,23,7934
Mayurbhanj,2019-05,3,3,4.62,7.78,2,34,0,0.81,10,3097
Cuttack,2019-05,30,45,70.32,7.01,19,299,0,0.36,99,30174
Kalahandi,2019-05,3,4,2.86,15.31,0,30,0,0.4,13,2971
Bhubaneswar,2019-06,34,49,3.87,54.71,17,339,0,3.17,98,34070
Ganjam,2019-06,8,8,5.84,0.29,3,90,0,0.38,26,8124
Koraput,2019-06,8,12,14.23,5.46,6,75,0,0.07,20,8047
Sambalpur,2019-06,7,13,4.65,1.53,2,65,0,0.41,28,7131
Puri,2019-06,6,12,1.31,2.83,3,58,0,2.39,17,6004
Balasore,2019-06,9,9,0.52,0.99,9,92,0,1.25,13,8843
Rourkela,2019-06,9,15,5.39,0.82,3,97,0,3.12,29,8878
Mayurbhanj,2019-06,1,1,0.21,5.21,0,11,0,0.6,4,1010
Cuttack,2019-06,33,48,0.48,0.26,13,346,0,0.7,135,32941
Kalahandi,2019-06,5,5,2.33,3.94,5,41,0,5.0,6,4985
Bhubaneswar,2019-07,31,59,9.88,1.72,20,321,0,1.58,94,30985
Ganjam,2019-07,8,8,0.56,0.18,8,69,0,4.03,23,7910
Koraput,2019-07,2,4,0.3,7.94,0,18,0,1.1,6,2000
Sambalpur,2019-07,7,10,30.89,3.8,2,63,0,3.86,23,7024
Puri,2019-07,14,14,4.38,6.26,8,154,0,0.85,56,13957
Balasore,2019-07,7,14,22.48,8.64,4,74,0,2.49,17,6951
Rourkela,2019-07,8,16,52.77,0.07,5,83,0,2.72,29,8029
Mayurbhanj,2019-07,1,1,18.1,0.92,2,11,0,1.08,2,982
Cuttack,2019-07,24,24,429.36,9.39,11,239,0,5.77,64,24028
Kalahandi,2019-07,2,2,8.53,38.02,1,24,0,0.08,10,2003
Bhubaneswar,2019-08,27,41,35.0,4.61,10,267,0,0.56,81,26848
Ganjam,2019-08,6,6,51.75,257.1,3,59,0,0.47,23,5983
Koraput,2019-08,1,2,2.34,0.06,0,15,0,1.15,3,1039
Sambalpur,2019-08,6,11,0.99,37.17,5,50,0,1.23,19,5997
Puri,2019-08,10,20,0.55,2.85,5,117,0,0.65,29,9843
Balasore,2019-08,6,16,8.72,0.19,1,58,0,0.45,10,5989
Rourkela,2019-08,6,13,58.51,3.42,3,66,0,1.39,18,5945
Mayurbhanj,2019-08,4,9,3.58,37.84,3,38,0,1.85,8,4056
Cuttack,2019-08,31,47,1.08,1.3,10,317,0,0.93,100,31252
Kalahandi,2019-08,4,6,14.03,1.1,3,41,0,0.41,17,3978
Bhubaneswar,2019-09,28,44,38.96,15.86,11,284,0,0.81,83,27908
Ganjam,2019-09,6,9,168.75,165.58,1,70,0,0.87,25,6021
Koraput,2019-09,2,2,1.94,8.13,0,22,0,1.88,3,1988
Sambalpur,2019-09,6,6,11.42,5.7,2,65,0,0.79,12,6044
Puri,2019-09,9,12,20.22,0.29,2,91,0,2.36,20,8929
Balasore,2019-09,8,9,6.15,18.18,5,72,0,3.18,20,7991
Rourkela,2019-09,13,20,5.04,1.1,8,128,0,0.23,27,12994
Mayurbhanj,2019-09,1,4,7.88,1.53,0,10,0,0.71,2,952
Cuttack,2019-09,26,43,10.1,8.37,10,237,0,0.53,67,26228
Kalahandi,2019-09,3,8,6.01,0.65,0,33,0,1.49,10,3007
Bhubaneswar,2019-10,25,44,35.95,10.18,15,234,0,2.29,77,24974
Ganjam,2019-10,4,10,1.14,27.06,0,35,0,1.18,10,3944
Koraput,2019-10,4,4,9.2,4.55,3,35,0,0.89,8,3873
Sambalpur,2019-10,10,12,42.42,4.75,7,91,0,0.4,40,10152
Puri,2019-10,9,11,77.99,3.04,3,92,0,3.08,15,9195
Balasore,2019-10,7,8,1.9,2.3,4,53,0,6.47,24,7014
Rourkela,2019-10,8,8,16.07,2.16,5,93,0,1.59,17,8024
Mayurbhanj,2019-10,1,2,0.59,4.89,0,13,0,1.19,3,1010
Cuttack,2019-10,30,47,0.1,2.76,20,334,0,1.49,107,29995
Kalahandi,2019-10,2,4,5.65,2.71,1,21,0,1.59,5,2042
Bhubaneswar,2019-11,36,60,27.07,44.7,21,379,0,1.38,124,35640
Ganjam,2019-11,8,16,26.55,1.92,3,64,0,0.66,25,8015
Koraput,2019-11,1,3,13.92,6.51,2,17,0,0.72,3,1059
Sambalpur,2019-11,6,12,13.63,10.39,5,68,0,2.5,17,5908
Puri,2019-11,13,23,13.77,0.21,6,126,0,1.27,39,12980
Balasore,2019-11,7,12,44.06,14.12,1,75,0,0.24,20,7064
Rourkela,2019-11,12,18,50.31,1.15,5,137,0,1.41,25,12132
Mayurbhanj,2019-11,2,2,30.45,21.0,3,19,0,3.91,5,2011
Cuttack,2019-11,33,49,24.43,10.0,20,328,0,1.4,116,33016
Kalahandi,2019-11,4,11,0.34,1.01,3,30,0,0.72,9,3967
Bhubaneswar,2019-12,34,48,36.06,0.57,18,333,0,1.43,92,33700
Ganjam,2019-12,4,9,0.31,233.19,5,46,0,0.13,13,3964
Koraput,2019-12,4,6,0.14,4.17,1,56,0,0.94,15,3937
Sambalpur,2019-12,2,2,0.74,0.34,1,14,0,2.61,5,1983
Puri,2019-12,15,22,6.0,103.64,6,131,0,1.42,53,15045
Balasore,2019-12,6,10,13.52,3.6,4,64,0,0.78,18,6056
Rourkela,2019-12,9,17,4.66,1.88,0,76,0,0.24,24,8935
Mayurbhanj,2019-12,5,9,20.23,31.12,4,58,0,0.11,18,4936
Cuttack,2019-12,20,41,214.76,1.88,8,189,0,4.34,57,19937
Kalahandi,2019-12,2,4,45.51,12.26,1,25,0,5.19,6,2082
Bhubaneswar,2020-01,21,28,13.44,0.11,9,244,0,1.51,68,21196
Ganjam,2020-01,10,13,5.01,2.18,4,116,0,1.44,21,9977
Koraput,2020-01,3,4,23.35,43.44,4,41,0,0.38,13,3031
Sambalpur,2020-01,8,17,7.95,12.73,3,78,0,0.32,18,7953
Puri,2020-01,6,10,1.99,32.85,2,54,0,2.54,17,6141
Balasore,2020-01,5,8,3.21,0.07,6,38,0,5.84,17,4938
Rourkela,2020-01,5,9,130.53,7.98,3,61,0,0.73,14,4974
Mayurbhanj,2020-01,1,2,16.66,8.04,2,11,0,2.4,4,970
Cuttack,2020-01,26,39,1.57,4.0,11,277,0,0.53,75,26204
Kalahandi,2020-01,4,5,9.39,0.74,0,34,0,0.77,11,3941
Bhubaneswar,2020-02,25,43,0.87,129.74,18,257,0,2.84,73,25103
Ganjam,2020-02,6,6,10.85,15.34,5,54,0,4.57,14,5981
Koraput,2020-02,2,2,4.36,1.83,1,22,0,0.93,5,2015
Sambalpur,2020-02,6,8,1.89,9.88,2,77,0,0.97,20,5995
Puri,2020-02,13,24,3.13,54.1,8,110,0,0.43,34,13042
Balasore,2020-02,5,6,0.69,0.09,3,52,0,2.99,14,4953
Rourkela,2020-02,8,12,0.16,0.01,5,89,0,2.51,11,7972
Mayurbhanj,2020-02,3,3,18.9,0.62,1,25,0,0.66,8,2998
Cuttack,2020-02,22,41,3.92,1.65,14,234,0,0.42,62,22274
Kalahandi,2020-02,5,10,1.95,2.02,4,43,0,0.52,14,5063
Bhubaneswar,2020-03,34,55,0.82,0.27,17,322,0,1.29,106,33968
Ganjam,2020-03,5,9,11.93,68.37,4,52,0,0.3,15,5011
Koraput,2020-03,3,4,0.86,2.98,3,28,0,0.26,9,2992
Sambalpur,2020-03,5,5,0.1,46.52,1,44,0,1.51,16,4999
Puri,2020-03,12,15,43.56,3.59,7,116,0,0.55,36,11861
Balasore,2020-03,7,11,1.32,1.29,5,80,0,0.56,22,7095
Rourkela,2020-03,6,6,16.19,2.17,5,60,0,0.16,17,6035
Mayurbhanj,2020-03,2,2,44.78,5.29,1,26,0,0.98,3,2012
Cuttack,2020-03,28,40,23.1,42.52,14,276,0,0.14,77,27523
Kalahandi,2020-03,3,7,6.57,2.07,1,31,0,0.17,7,2866
Bhubaneswar,2020-04,23,26,6.16,2.38,13,244,0,1.03,70,22737
Ganjam,2020-04,6,14,14.47,4.95,2,49,0,0.55,18,6020
Koraput,2020-04,3,6,11.57,2.54,2,19,0,1.72,6,2944
Sambalpur,2020-04,8,9,0.4,6.71,6,73,0,0.88,27,7977
Puri,2020-04,13,22,46.82,1.51,8,134,0,0.41,41,12953
Balasore,2020-04,3,5,32.56,114.03,4,41,0,0.43,14,2980
Rourkela,2020-04,7,10,2.15,2.46,1,75,0,0.28,26,7131
Mayurbhanj,2020-04,1,1,9.58,0.56,1,6,0,1.58,4,984
Cuttack,2020-04,29,61,2.51,0.8,19,281,0,1.23,89,28927
Kalahandi,2020-04,4,4,14.84,23.26,5,43,0,1.0,11,3994
Bhubaneswar,2020-05,28,39,2.41,46.64,11,263,0,1.02,82,28141
Ganjam,2020-05,9,9,0.3,0.29,6,90,0,0.36,23,9086
Koraput,2020-05,3,7,11.87,4.23,2,36,0,1.35,6,2945
Sambalpur,2020-05,3,4,6.38,35.27,2,30,0,3.6,17,3031
Puri,2020-05,10,12,657.92,1.55,3,106,0,1.57,34,10024
Balasore,2020-05,6,8,25.53,5.52,5,75,0,1.52,15,6018
Rourkela,2020-05,12,20,32.8,6.72,5,103,0,0.43,37,12004
Mayurbhanj,2020-05,1,1,12.06,1.65,0,8,0,1.19,2,1043
Cuttack,2020-05,32,40,17.43,2.03,10,300,0,0.83,81,31885
Kalahandi,2020-05,2,3,165.16,21.5,3,26,0,1.66,2,1974
Bhubaneswar,2020-06,27,45,0.28,2.81,17,235,0,0.05,67,26844
Ganjam,2020-06,10,13,0.3,0.74,4,103,0,0.52,27,9913
Koraput,2020-06,3,5,155.12,0.55,4,33,0,0.55,7,3155
Sambalpur,2020-06,3,3,2678.24,1.63,2,28,0,0.96,9,3042
Puri,2020-06,15,17,2.57,0.92,7,129,0,0.26,41,15052
Balasore,2020-06,5,6,27.91,0.55,5,50,0,3.65,8,4935
Rourkela,2020-06,5,5,1.42,5.21,6,50,0,5.25,10,5033
Mayurbhanj,2020-06,6,14,1.94,2.92,4,56,0,1.73,24,6027
Cuttack,2020-06,26,35,0.38,38.01,14,243,0,0.49,83,26226
Kalahandi,2020-06,0,3,52.21,15.67,0,0,0,13.35,0,2
Bhubaneswar,2020-07,30,42,21.41,0.17,14,296,0,1.04,89,30017
Ganjam,2020-07,8,17,13.95,0.48,4,86,0,0.88,21,8011
Koraput,2020-07,0,0,28.52,24.42,2,0,0,0.77,2,0
Sambalpur,2020-07,7,8,6.99,0.05,5,68,0,1.07,17,6941
Puri,2020-07,8,15,17.0,9.62,3,68,0,0.89,20,8255
Balasore,2020-07,4,5,1.8,12.29,0,40,0,2.35,7,4017
Rourkela,2020-07,5,9,98.98,132.14,1,63,0,0.53,16,5206
Mayurbhanj,2020-07,6,13,42.55,0.05,2,59,0,2.76,17,6024
Cuttack,2020-07,29,53,0.84,9.32,15,290,0,0.71,84,29173
Kalahandi,2020-07,1,1,16.07,7.27,1,11,0,4.32,3,974
Bhubaneswar,2020-08,37,55,5.01,0.07,15,365,0,1.03,126,37085
Ganjam,2020-08,13,25,20.36,0.2,7,131,0,0.32,35,12989
Koraput,2020-08,1,1,4.98,17.54,1,10,0,0.83,8,1025
Sambalpur,2020-08,7,8,1.76,1.71,3,56,0,3.53,13,6731
Puri,2020-08,9,15,34.81,0.9,5,92,0,2.72,21,9167
Balasore,2020-08,10,16,17.08,1.32,9,98,0,2.24,24,9995
Rourkela,2020-08,7,9,7.35,38.39,3,64,0,0.33,18,6904
Mayurbhanj,2020-08,1,2,75.11,6.94,1,7,0,0.44,1,1012
Cuttack,2020-08,32,65,7.07,1.07,25,334,0,0.59,84,32235
Kalahandi,2020-08,2,5,0.37,5.64,0,16,0,0.63,5,2017
Bhubaneswar,2020-09,33,47,8.24,0.22,20,323,0,2.75,126,33031
Ganjam,2020-09,6,6,0.3,7.0,2,50,0,0.76,24,5939
Koraput,2020-09,5,6,20.52,0.09,0,59,0,0.66,14,4976
Sambalpur,2020-09,6,6,401.98,0.1,3,69,0,0.8,17,5988
Puri,2020-09,11,17,6.45,0.04,4,101,0,0.11,26,10967
Balasore,2020-09,3,3,14.4,4.43,0,20,0,1.81,7,3013
Rourkela,2020-09,6,11,11.12,1.36,4,59,0,0.6,22,5870
Mayurbhanj,2020-09,5,5,5.06,8.05,1,48,0,3.28,21,5004
Cuttack,2020-09,29,35,130.65,13.51,10,303,0,0.78,85,29041
Kalahandi,2020-09,2,2,1.1,2.16,2,22,0,0.7,1,2049
Bhubaneswar,2020-10,26,40,3.72,9.98,18,289,0,0.54,77,26098
Ganjam,2020-10,13,17,250.91,0.23,4,131,0,0.28,42,12994
Koraput,2020-10,4,4,72.29,1.78,1,56,0,1.44,12,4028
Sambalpur,2020-10,6,9,3.8,6.85,1,61,0,0.76,15,5892
Puri,2020-10,13,16,4.02,27.66,8,125,0,1.43,43,12964
Balasore,2020-10,5,14,5.46,0.33,1,48,0,6.42,26,5127
Rourkela,2020-10,9,14,4.34,0.52,7,94,0,0.16,38,8867
Mayurbhanj,2020-10,6,7,2.42,150.41,4,55,0,0.39,15,5966
Cuttack,2020-10,29,39,34.88,0.18,19,274,0,3.17,84,29433
Kalahandi,2020-10,3,11,6.82,0.15,0,30,0,0.34,13,3097
Bhubaneswar,2020-11,30,60,10.31,0.06,11,270,0,0.4,75,30133
Ganjam,2020-11,7,7,6.81,68.26,4,68,0,1.1,21,7005
Koraput,2020-11,4,5,8.55,1.04,1,45,0,1.83,10,3971
Sambalpur,2020-11,8,14,12.81,15.55,4,70,0,1.08,25,7993
Puri,2020-11,10,13,68.75,35.9,3,95,0,1.65,23,9957
Balasore,2020-11,7,9,1.44,0.65,2,63,0,1.7,16,7065
Rourkela,2020-11,11,11,10.6,1.73,6,117,0,1.68,44,10796
Mayurbhanj,2020-11,1,4,48.27,25.66,0,13,0,4.33,1,1011
Cuttack,2020-11,30,49,4.03,0.97,16,297,0,0.1,88,29966
Kalahandi,2020-11,2,3,19.82,20.34,1,26,0,1.01,9,2058
Bhubaneswar,2020-12,29,41,146.33,12.48,15,299,0,2.29,82,29019
Ganjam,2020-12,4,7,13.32,10.13,2,43,0,0.51,12,3989
Koraput,2020-12,5,8,24.68,11.78,0,49,0,0.81,13,5015
Sambalpur,2020-12,7,9,1.25,3.15,1,64,0,0.7,23,6892
Puri,2020-12,14,17,21.13,58.68,9,127,0,0.34,47,14056
Balasore,2020-12,7,7,15.2,38.06,2,59,0,0.73,23,6808
Rourkela,2020-12,4,4,0.91,0.13,1,46,0,0.4,9,3996
Mayurbhanj,2020-12,3,3,13.97,0.94,0,22,0,0.99,8,3119
Cuttack,2020-12,23,32,83.94,41.74,13,246,0,0.87,56,22852
Kalahandi,2020-12,2,2,10.21,0.63,2,25,0,1.57,8,1956
Bhubaneswar,2021-01,21,34,77.56,1.07,13,193,0,3.38,75,20822
Ganjam,2021-01,3,8,41.54,183.1,3,26,0,5.39,5,2980
Koraput,2021-01,3,5,1.31,3.54,0,29,0,0.62,12,2978
Sambalpur,2021-01,3,3,2.62,0.59,2,31,0,0.55,13,3023
Puri,2021-01,10,12,2.95,22.66,9,90,0,0.7,24,9954
Balasore,2021-01,6,7,6.51,2.54,3,59,0,0.35,18,5865
Rourkela,2021-01,10,11,1.55,0.33,9,120,0,3.27,26,10053
Mayurbhanj,2021-01,3,5,66.07,7.19,3,20,0,1.28,6,2974
Cuttack,2021-01,22,42,4.44,3.53,10,218,0,5.76,64,21988
Kalahandi,2021-01,2,2,3.92,3.61,1,20,0,3.87,6,2022
Bhubaneswar,2021-02,32,43,10.91,6.79,17,321,0,1.12,93,31819
Ganjam,2021-02,4,7,0.32,32.91,4,35,0,0.14,14,4005
Koraput,2021-02,4,7,5.03,0.14,0,38,0,2.83,11,4014
Sambalpur,2021-02,4,5,2.37,379.85,1,36,0,0.3,11,3967
Puri,2021-02,9,12,8.57,0.08,8,92,0,0.36,32,8961
Balasore,2021-02,4,10,58.63,3.38,2,46,0,0.45,10,4063
Rourkela,2021-02,7,10,38.1,50.04,8,82,0,0.74,22,7194
Mayurbhanj,2021-02,7,8,4.04,0.37,3,63,0,0.54,14,6953
Cuttack,2021-02,34,47,4.27,0.55,20,315,0,1.54,120,33962
Kalahandi,2021-02,2,2,128.17,4.8,1,19,0,0.63,6,2059
Bhubaneswar,2021-03,32,47,2.79,0.08,20,308,0,0.88,101,31803
Ganjam,2021-03,7,11,31.21,0.15,4,52,0,0.93,16,6994
Koraput,2021-03,5,6,0.18,0.14,2,49,0,1.25,17,5069
Sambalpur,2021-03,7,14,370.78,6.71,1,77,0,0.34,23,7008
Puri,2021-03,21,35,4.34,4.45,10,206,0,0.97,51,20875
Balasore,2021-03,10,11,7.5,0.04,7,97,0,1.05,33,9946
Rourkela,2021-03,15,31,5.96,3.79,3,167,0,1.33,49,14824
Mayurbhanj,2021-03,4,7,0.13,396.93,1,49,0,1.67,9,4015
Cuttack,2021-03,31,39,2.0,136.53,16,295,0,2.85,83,31138
Kalahandi,2021-03,1,4,0.67,2.18,1,5,0,0.55,3,965
Bhubaneswar,2021-04,33,37,11.24,4.9,20,317,0,0.53,106,32924
Ganjam,2021-04,8,12,0.09,2.47,2,80,0,3.38,25,7971
Koraput,2021-04,2,2,0.08,172.13,1,24,0,0.65,7,2061
Sambalpur,2021-04,4,6,3.0,133.42,2,43,0,0.49,13,4079
Puri,2021-04,8,12,3.45,44.92,2,91,0,2.38,33,7840
Balasore,2021-04,4,10,18.44,3.08,6,36,0,1.55,16,3926
Rourkela,2021-04,8,8,562.04,138.23,6,76,0,2.72,29,7960
Mayurbhanj,2021-04,1,1,55.09,8.13,1,8,0,5.5,2,1019
Cuttack,2021-04,19,31,8.8,103.48,15,188,0,1.1,57,18792
Kalahandi,2021-04,2,2,8.97,6.4,0,13,0,0.99,4,1959
Bhubaneswar,2021-05,29,55,73.14,1.19,10,307,0,0.24,84,28969
Ganjam,2021-05,11,17,24.66,15.73,4,113,0,1.46,29,10933
Koraput,2021-05,4,6,2.3,0.53,1,32,0,2.66,7,4107
Sambalpur,2021-05,4,5,0.49,0.96,4,45,0,0.6,11,3954
Puri,2021-05,12,17,0.89,3.64,7,128,0,0.65,32,12097
Balasore,2021-05,5,12,2.91,4.95,1,46,0,0.88,12,4969
Rourkela,2021-05,5,5,111.31,7.25,4,39,0,2.87,10,5031
Mayurbhanj,2021-05,3,6,0.36,21.07,3,28,0,4.54,6,3068
Cuttack,2021-05,33,55,0.28,1.64,23,349,0,1.99,88,32888
Kalahandi,2021-05,1,3,5.88,0.02,6,14,0,1.0,2,1019
Bhubaneswar,2021-06,35,55,19.8,14.51,24,344,0,0.58,106,34753
Ganjam,2021-06,4,6,12.25,0.7,5,39,0,3.7,14,4016
Koraput,2021-06,7,10,34.64,376.35,3,79,0,0.26,17,7023
Sambalpur,2021-06,5,5,1.04,0.25,5,49,0,8.38,23,5085
Puri,2021-06,14,27,1.47,12.32,10,127,0,0.98,42,13926
Balasore,2021-06,3,7,408.58,28.55,3,28,0,4.67,8,2988
Rourkela,2021-06,3,3,0.08,1.77,3,28,0,0.51,17,2964
Mayurbhanj,2021-06,3,8,1.87,0.16,0,24,0,0.88,9,3008
Cuttack,2021-06,31,47,11.67,351.27,11,310,0,4.27,91,30835
Kalahandi,2021-06,3,3,14.95,0.5,2,25,0,2.27,9,3031
Bhubaneswar,2021-07,26,49,50.83,0.38,12,271,0,0.37,73,25692
Ganjam,2021-07,10,15,20.25,0.64,8,74,0,4.19,28,10038
Koraput,2021-07,1,3,8.17,0.78,2,9,0,0.72,3,991
Sambalpur,2021-07,6,11,8.13,0.29,6,59,0,0.76,17,6105
Puri,2021-07,7,14,2.18,0.48,4,74,0,1.88,16,6904
Balasore,2021-07,5,5,32.97,2.99,1,41,0,4.0,16,5056
Rourkela,2021-07,12,23,11.83,395.8,4,133,0,0.82,39,11926
Mayurbhanj,2021-07,1,1,17.46,0.73,1,11,0,0.41,2,964
Cuttack,2021-07,31,45,246.99,0.23,25,305,0,0.95,95,30897
Kalahandi,2021-07,1,1,2.81,17.72,0,11,0,0.52,4,1014
Bhubaneswar,2021-08,33,44,18.35,0.29,16,346,0,0.43,110,32920
Ganjam,2021-08,5,10,21.37,2.76,2,59,0,4.12,16,5108
Koraput,2021-08,4,7,1.97,708.51,3,52,0,0.74,20,3998
Sambalpur,2021-08,8,10,3.72,5.32,1,85,0,0.61,25,7960
Puri,2021-08,9,15,17.04,4.16,7,93,0,2.98,23,9011
Balasore,2021-08,7,10,38.76,0.05,5,82,0,0.8,21,7083
Rourkela,2021-08,5,7,4.68,0.95,1,50,0,0.83,14,4989
Mayurbhanj,2021-08,1,1,34.15,0.38,0,12,0,0.48,1,1016
Cuttack,2021-08,26,29,7.75,0.99,15,262,0,3.86,74,26070
Kalahandi,2021-08,1,2,2.44,3.42,0,9,0,0.46,1,996
Bhubaneswar,2021-09,30,50,6.66,0.3,9,312,0,2.3,101,30055
Ganjam,2021-09,6,8,2.51,4.95,4,68,0,0.21,19,6018
Koraput,2021-09,3,7,13.57,4.88,2,23,0,0.53,6,2962
Sambalpur,2021-09,6,6,16.75,4.55,4,59,0,3.38,22,5761
Puri,2021-09,10,11,3.45,26.77,1,120,0,0.75,29,10094
Balasore,2021-09,5,8,4.97,49.74,1,47,0,3.13,13,4932
Rourkela,2021-09,14,15,13.54,2.98,10,144,0,0.68,42,13906
Mayurbhanj,2021-09,5,9,0.57,3.81,4,52,0,1.69,13,5096
Cuttack,2021-09,24,37,2.73,17.9,21,254,0,1.28,85,23946
Kalahandi,2021-09,3,3,162.01,0.12,1,32,0,0.93,14,3055
Bhubaneswar,2021-10,22,44,37.58,2.5,5,244,0,0.65,56,22107
Ganjam,2021-10,11,17,2.52,7.54,7,106,0,0.83,40,11041
Koraput,2021-10,1,5,91.59,0.24,1,11,0,0.5,3,1018
Sambalpur,2021-10,5,5,250.26,2.42,2,41,0,2.62,14,5078
Puri,2021-10,13,19,3.4,1.13,14,128,0,1.96,40,12996
Balasore,2021-10,2,4,85.87,106.93,1,18,0,3.44,6,1969
Rourkela,2021-10,16,22,69.29,43.77,5,144,0,1.0,44,15904
Mayurbhanj,2021-10,2,6,13.57,0.64,0,18,0,0.47,6,1968
Cuttack,2021-10,38,63,1.73,1.18,16,377,0,0.24,108,37795
Kalahandi,2021-10,1,2,65.41,9.45,0,11,0,1.48,2,1015
Bhubaneswar,2021-11,38,76,2.36,0.66,15,382,0,2.1,108,37855
Ganjam,2021-11,10,14,0.27,0.21,2,97,0,1.38,33,9996
Koraput,2021-11,1,1,29.05,29.8,1,7,0,2.06,6,1033
Sambalpur,2021-11,9,12,5.87,0.1,5,92,0,0.2,36,9063
Puri,2021-11,8,9,55.17,10.74,1,95,0,0.35,17,7929
Balasore,2021-11,6,10,70.38,32.09,2,54,0,1.92,19,5964
Rourkela,2021-11,13,24,17.5,79.24,5,113,0,0.3,39,13081
Mayurbhanj,2021-11,3,7,9.75,1.73,1,27,0,0.2,6,3044
Cuttack,2021-11,23,38,23.49,0.05,13,227,0,0.33,66,22732
Kalahandi,2021-11,4,7,0.07,7.15,2,35,0,2.66,12,4069
Bhubaneswar,2021-12,26,57,0.77,0.92,21,250,0,0.18,64,26246
Ganjam,2021-12,7,8,12.75,1.69,2,65,0,0.67,21,7040
Koraput,2021-12,2,5,34.22,0.43,3,25,0,0.83,4,2045
Sambalpur,2021-12,10,18,9.85,1.64,2,100,0,0.97,34,9978
Puri,2021-12,12,18,36.07,22.88,3,103,0,1.15,43,12032
Balasore,2021-12,7,7,0.35,0.05,4,63,0,0.56,24,7034
Rourkela,2021-12,3,6,3.56,1.06,3,36,0,0.76,10,3044
Mayurbhanj,2021-12,0,1,65.28,3.18,2,0,0,2.63,1,1
Cuttack,2021-12,25,33,10.8,0.49,11,218,0,8.83,79,25342
Kalahandi,2021-12,2,2,20.56,0.5,0,17,0,1.02,4,2008
Bhubaneswar,2022-01,33,46,31.18,0.06,17,330,0,0.09,90,33021
Ganjam,2022-01,3,3,19.41,0.9,2,41,0,1.35,11,3041
Koraput,2022-01,3,6,5.37,3.92,0,29,0,0.64,8,2974
Sambalpur,2022-01,7,8,0.19,11.96,6,65,0,1.18,25,6971
Puri,2022-01,12,13,13.79,0.77,5,123,0,1.63,34,11959
Balasore,2022-01,2,5,15.06,0.23,1,12,0,1.23,9,2038
Rourkela,2022-01,8,11,75.82,0.19,5,55,0,2.94,22,7920
Mayurbhanj,2022-01,5,11,108.9,93.96,2,40,0,1.97,17,5069
Cuttack,2022-01,36,64,0.18,1.3,15,339,0,4.76,106,35804
Kalahandi,2022-01,1,1,1.47,5.76,3,13,0,0.77,2,985
Bhubaneswar,2022-02,47,75,0.73,0.83,20,484,0,0.73,146,46831
Ganjam,2022-02,8,8,15.38,0.17,1,95,0,0.31,28,8012
Koraput,2022-02,5,12,42.03,2.52,2,57,0,0.44,10,4953
Sambalpur,2022-02,5,14,0.79,12.19,2,44,0,0.16,19,4997
Puri,2022-02,13,21,14.71,49.7,5,140,0,3.28,33,12839
Balasore,2022-02,3,5,0.17,1.53,0,19,0,0.66,10,3045
Rourkela,2022-02,8,15,160.33,9.5,1,77,0,1.15,20,7838
Mayurbhanj,2022-02,1,2,0.12,0.38,2,14,0,0.83,0,961
Cuttack,2022-02,33,45,6.39,22.14,16,330,0,2.4,93,33262
Kalahandi,2022-02,1,2,10.72,6.14,2,19,0,2.15,6,1014
Bhubaneswar,2022-03,33,38,0.11,1.46,11,314,0,2.16,98,32925
Ganjam,2022-03,3,4,0.7,6.25,1,31,0,1.48,9,2994
Koraput,2022-03,6,16,70.89,137.35,4,54,0,1.3,17,6061
Sambalpur,2022-03,9,9,0.82,1.98,3,81,0,1.14,29,9176
Puri,2022-03,11,18,0.64,1.55,9,114,0,2.12,35,10993
Balasore,2022-03,6,9,22.09,0.21,1,60,0,2.03,17,5904
Rourkela,2022-03,12,14,5.59,15.22,11,143,0,8.8,40,11998
Mayurbhanj,2022-03,2,2,6.85,2.24,1,19,0,1.55,6,2008
Cuttack,2022-03,25,36,2.86,24.47,10,286,0,3.5,71,24785
Kalahandi,2022-03,2,4,31.06,0.43,2,21,0,0.59,8,2000
Bhubaneswar,2022-04,32,45,14.22,0.86,23,282,0,1.1,95,32274
Ganjam,2022-04,6,8,15.58,33.35,3,68,0,0.12,17,5967
Koraput,2022-04,3,3,182.11,0.04,1,28,0,1.8,6,2996
Sambalpur,2022-04,8,16,77.5,15.86,3,81,0,0.65,19,7965
Puri,2022-04,11,12,4.48,20.84,6,109,0,0.7,34,10889
Balasore,2022-04,3,3,10.17,0.52,3,25,0,1.92,16,2997
Rourkela,2022-04,8,8,4.08,5.11,3,71,0,0.48,26,8090
Mayurbhanj,2022-04,5,7,11.05,49.35,3,46,0,0.53,10,4991
Cuttack,2022-04,25,46,1.68,0.27,11,248,0,0.92,83,24989
Kalahandi,2022-04,5,9,0.34,19.17,3,55,0,3.34,12,5128
Bhubaneswar,2022-05,33,48,4.39,9.67,12,331,0,2.14,111,32962
Ganjam,2022-05,5,6,24.66,32.3,6,43,0,2.48,22,4923
Koraput,2022-05,1,2,200.97,0.21,0,13,0,2.03,5,974
Sambalpur,2022-05,7,7,2.23,781.21,1,60,0,1.71,18,7009
Puri,2022-05,15,28,2.62,5.61,13,136,0,0.43,39,14805
Balasore,2022-05,10,19,104.09,55.29,3,86,0,0.38,39,9956
Rourkela,2022-05,9,9,202.15,5.35,7,88,0,0.25,35,9061
Mayurbhanj,2022-05,2,5,3.37,2.24,4,28,0,3.46,4,2032
Cuttack,2022-05,27,36,1.61,1.62,11,274,0,3.22,81,27086
Kalahandi,2022-05,5,5,0.71,5.55,3,49,0,1.68,14,5024
Bhubaneswar,2022-06,30,36,1019.33,6.39,16,270,0,0.42,89,29987
Ganjam,2022-06,1,1,6.07,29.34,3,11,0,4.96,2,991
Koraput,2022-06,2,3,11.9,1.71,1,14,0,0.28,10,1948
Sambalpur,2022-06,2,3,10.44,4.33,2,16,0,0.43,10,1999
Puri,2022-06,13,18,26.05,0.21,5,138,0,0.72,39,13242
Balasore,2022-06,5,15,0.39,10.78,3,55,0,0.86,24,5085
Rourkela,2022-06,11,16,41.15,7.75,7,104,0,0.85,29,11104
Mayurbhanj,2022-06,5,5,16.35,11.53,1,51,0,11.34,10,4964
Cuttack,2022-06,33,42,6.62,5.98,16,365,0,0.94,102,33069
Kalahandi,2022-06,3,5,0.53,4.31,0,26,0,0.66,10,2995
Bhubaneswar,2022-07,27,30,27.77,33.39,9,290,0,1.47,97,27119
Ganjam,2022-07,8,12,3.79,3.33,2,72,0,5.65,28,7845
Koraput,2022-07,3,6,110.31,1.78,2,20,0,0.7,8,3071
Sambalpur,2022-07,7,13,1.96,22.09,4,72,0,0.81,19,6938
Puri,2022-07,8,15,8.1,1.83,2,77,0,0.76,31,7893
Balasore,2022-07,6,9,11.05,10.21,3,60,0,0.99,17,5934
Rourkela,2022-07,9,22,24.75,4.34,4,93,0,2.12,26,8873
Mayurbhanj,2022-07,4,7,129.02,0.88,2,41,0,2.32,13,4082
Cuttack,2022-07,36,51,1.01,1.0,24,391,0,2.09,106,35929
Kalahandi,2022-07,1,2,158.3,3.25,1,6,0,2.0,1,1038
Bhubaneswar,2022-08,21,35,3952.87,0.09,8,210,0,0.17,56,20724
Ganjam,2022-08,7,7,2.17,1.82,5,83,0,0.2,25,6999
Koraput,2022-08,4,6,17.23,1.97,2,44,0,0.4,15,4031
Sambalpur,2022-08,2,4,32.66,0.03,2,15,0,0.96,8,1976
Puri,2022-08,11,15,1.47,44.22,5,119,0,15.99,29,11108
Balasore,2022-08,9,15,0.69,2.82,6,97,0,1.4,25,9057
Rourkela,2022-08,9,9,24.03,8.63,8,87,0,0.4,28,8985
Mayurbhanj,2022-08,3,4,72.22,0.51,2,26,0,0.99,10,3016
Cuttack,2022-08,21,34,5.91,0.18,11,241,0,6.14,71,20969
Kalahandi,2022-08,2,2,9.4,5.47,1,17,0,2.22,5,2034
Bhubaneswar,2022-09,31,42,5.0,1.31,13,302,0,1.99,99,31107
Ganjam,2022-09,9,12,22.67,0.89,1,82,0,1.12,22,9041
Koraput,2022-09,7,10,17.27,0.84,4,75,0,0.67,29,6977
Sambalpur,2022-09,6,6,0.29,0.17,2,76,0,3.85,21,5927
Puri,2022-09,11,25,0.7,1.37,2,111,0,0.96,37,10855
Balasore,2022-09,6,11,10.47,0.73,3,66,0,3.54,28,5894
Rourkela,2022-09,8,13,38.23,8.36,3,94,0,0.4,18,7965
Mayurbhanj,2022-09,0,1,14.32,0.36,1,1,0,0.18,1,2
Cuttack,2022-09,35,59,10.21,5.52,17,343,0,0.86,123,34895
Kalahandi,2022-09,4,7,3.26,2.22,1,39,0,1.41,13,3998
Bhubaneswar,2022-10,32,58,14.2,0.14,15,365,0,23.17,88,31938
Ganjam,2022-10,9,19,108.91,0.34,2,105,0,10.78,29,8874
Koraput,2022-10,1,2,45.38,12.4,2,12,0,0.31,5,1037
Sambalpur,2022-10,7,13,4.16,1.56,5,74,0,0.25,21,6983
Puri,2022-10,16,19,7.99,1.55,11,184,0,1.11,39,15820
Balasore,2022-10,5,5,1.87,6.7,1,54,0,0.73,8,5006
Rourkela,2022-10,10,15,704.52,997.71,3,100,0,1.48,32,9981
Mayurbhanj,2022-10,2,2,2.46,0.32,2,16,0,2.99,11,2027
Cuttack,2022-10,34,50,128.92,0.7,19,313,0,0.41,112,33923
Kalahandi,2022-10,5,9,35.63,0.34,0,45,0,0.43,15,5074
Bhubaneswar,2022-11,23,46,2.2,0.41,12,248,0,0.59,62,22754
Ganjam,2022-11,10,10,3.6,0.07,7,92,0,5.28,30,10024
Koraput,2022-11,4,5,2.42,7.18,4,49,0,1.0,9,3941
Sambalpur,2022-11,6,12,0.06,1.68,4,66,0,0.79,26,6014
Puri,2022-11,17,24,2.89,8.24,8,204,0,0.2,49,16861
Balasore,2022-11,6,6,119.3,0.3,5,59,0,3.5,16,6073
Rourkela,2022-11,15,22,24.91,6.45,7,155,0,1.14,45,14948
Mayurbhanj,2022-11,2,3,0.1,0.59,1,23,0,0.85,6,2103
Cuttack,2022-11,33,43,5.61,2.31,22,343,0,1.1,88,33206
Kalahandi,2022-11,2,2,17.32,1.16,2,21,0,0.39,5,2135
Bhubaneswar,2022-12,32,43,12.3,0.07,15,308,0,0.22,94,32166
Ganjam,2022-12,10,20,2.05,1.04,2,109,0,2.55,34,9812
Koraput,2022-12,7,8,62.4,1.58,2,76,0,5.85,21,6992
Sambalpur,2022-12,5,11,0.33,91.24,6,53,0,0.87,21,4919
Puri,2022-12,7,10,3.22,0.84,0,83,0,1.54,17,7016
Balasore,2022-12,3,3,16.79,0.24,2,39,0,2.61,11,2984
Rourkela,2022-12,8,15,8.83,38.38,2,99,0,2.72,18,8142
Mayurbhanj,2022-12,3,4,0.17,7.98,0,27,0,1.16,6,3118
Cuttack,2022-12,35,69,2.21,7.85,18,370,0,3.96,95,34829
Kalahandi,2022-12,5,10,40.76,3.9,3,57,0,2.53,13,5026
Bhubaneswar,2023-01,27,37,4.15,6.78,9,236,0,2.24,68,26757
Ganjam,2023-01,5,10,3.65,2.2,1,56,0,0.31,19,5023
Koraput,2023-01,6,8,0.04,40.12,4,60,0,0.79,25,5971
Sambalpur,2023-01,6,6,14.74,0.36,3,65,0,0.43,18,5924
Puri,2023-01,11,12,4.72,1.5,7,129,0,0.57,32,10869
Balasore,2023-01,6,9,10.15,8.23,3,70,0,2.09,22,5865
Rourkela,2023-01,14,17,34.03,2.75,9,134,0,0.43,46,14183
Mayurbhanj,2023-01,1,1,2.47,60.07,3,8,0,2.41,3,1057
Cuttack,2023-01,26,45,0.75,0.71,12,278,0,1.52,70,26015
Kalahandi,2023-01,3,4,5.71,10.32,1,36,0,0.55,5,2982
Bhubaneswar,2023-02,36,71,0.33,23.58,19,380,0,1.39,111,35932
Ganjam,2023-02,9,15,17.92,2.16,1,90,0,2.81,26,9079
Koraput,2023-02,2,3,54.64,16.92,0,15,0,0.44,4,1963
Sambalpur,2023-02,7,16,260.13,0.7,5,69,0,1.83,17,7142
Puri,2023-02,10,16,84.64,0.5,14,101,0,1.19,34,9999
Balasore,2023-02,7,19,12.72,3.1,2,82,0,0.7,18,6983
Rourkela,2023-02,9,9,5.5,3.4,3,84,0,3.15,28,9017
Mayurbhanj,2023-02,8,13,6.19,5.11,4,81,0,1.62,24,8167
Cuttack,2023-02,32,52,4.15,6.41,19,312,0,0.43,98,31790
Kalahandi,2023-02,3,7,0.83,1.32,2,35,0,0.55,11,3058
Bhubaneswar,2023-03,21,38,2.24,0.22,14,182,0,17.36,62,20826
Ganjam,2023-03,7,10,6.15,5.26,7,68,0,3.56,17,7013
Koraput,2023-03,3,5,9.21,0.21,0,26,0,0.67,14,3066
Sambalpur,2023-03,4,9,0.65,5.44,0,42,0,2.0,12,3926
Puri,2023-03,13,25,3.7,37.01,8,137,0,1.58,40,13086
Balasore,2023-03,3,4,38.5,0.45,1,25,0,1.17,14,3021
Rourkela,2023-03,10,13,58.45,0.02,9,93,0,7.2,30,10012
Mayurbhanj,2023-03,2,2,18.39,11.8,3,18,0,0.56,8,1977
Cuttack,2023-03,26,38,4.85,4.0,11,250,0,0.73,91,25884
Kalahandi,2023-03,4,11,0.85,38.99,1,41,0,2.76,4,4029
Bhubaneswar,2023-04,20,29,2.07,26.08,9,201,0,1.77,72,20039
Ganjam,2023-04,8,10,10.73,0.52,7,79,0,0.29,24,8010
Koraput,2023-04,1,1,12.82,3.31,3,10,0,0.28,4,1051
Sambalpur,2023-04,4,5,1.83,14.77,0,48,0,4.55,13,4071
Puri,2023-04,19,36,1.61,18.85,6,193,0,1.88,46,18769
Balasore,2023-04,13,21,0.23,2.21,5,129,0,0.53,40,12936
Rourkela,2023-04,6,11,0.6,0.05,2,56,0,0.15,20,6040
Mayurbhanj,2023-04,10,15,0.37,2.46,2,112,0,0.43,34,9842
Cuttack,2023-04,25,35,2.72,0.71,14,228,0,1.97,84,25097
Kalahandi,2023-04,1,1,3.9,69.84,2,9,0,0.71,3,926
Bhubaneswar,2023-05,25,43,1.77,1.15,19,244,0,0.59,82,25128
Ganjam,2023-05,8,17,6.08,0.74,2,57,0,6.87,28,8053
Koraput,2023-05,7,17,12.34,25.71,5,81,0,4.15,20,7006
Sambalpur,2023-05,3,13,4.72,0.14,0,32,0,0.46,10,2947
Puri,2023-05,10,10,19.87,0.27,3,89,0,0.57,30,10243
Balasore,2023-05,5,7,7.89,1.0,1,68,0,0.45,22,4968
Rourkela,2023-05,9,10,0.44,0.28,7,82,0,2.79,27,9074
Mayurbhanj,2023-05,1,2,0.93,4.74,4,12,0,0.55,2,1027
Cuttack,2023-05,30,43,19.58,2.55,18,330,0,1.13,96,29972
Kalahandi,2023-05,2,2,13.53,4.45,2,20,0,1.82,6,2050
Bhubaneswar,2023-06,28,41,27.24,6.6,15,280,0,3.17,79,28256
Ganjam,2023-06,7,13,15.43,179.95,5,63,0,0.59,27,7173
Koraput,2023-06,4,8,11.28,0.2,3,33,0,0.6,10,3940
Sambalpur,2023-06,6,6,5.24,5.23,2,69,0,1.72,13,5926
Puri,2023-06,17,22,3.89,0.18,7,168,0,0.6,51,16977
Balasore,2023-06,3,6,7.03,0.94,1,38,0,1.59,9,3009
Rourkela,2023-06,8,8,72.54,13.71,3,81,0,3.63,22,8155
Mayurbhanj,2023-06,4,9,1.86,0.1,0,35,0,0.7,13,3998
Cuttack,2023-06,22,37,1.21,0.37,11,218,0,0.64,74,22026
Kalahandi,2023-06,1,2,28.08,1.76,1,12,0,0.98,6,1014
Bhubaneswar,2023-07,29,36,0.53,144.89,15,311,0,1.07,91,29043
Ganjam,2023-07,3,4,21.87,1.39,2,32,0,3.17,12,2933
Koraput,2023-07,6,13,12.9,4.34,5,53,0,0.69,20,6166
Sambalpur,2023-07,8,16,2.03,4.28,4,77,0,0.48,24,7890
Puri,2023-07,19,27,7.32,1.4,11,202,0,2.54,55,18890
Balasore,2023-07,5,5,32.69,0.66,2,43,0,0.92,17,5039
Rourkela,2023-07,11,20,0.15,0.12,4,111,0,1.66,23,11012
Mayurbhanj,2023-07,4,4,11.95,0.56,5,38,0,1.27,13,3939
Cuttack,2023-07,26,40,3.31,63.26,11,261,0,3.43,90,26177
Kalahandi,2023-07,1,2,9.91,1.21,0,12,0,0.86,4,997
Bhubaneswar,2023-08,26,29,14.6,0.1,13,255,0,1.8,80,25926
Ganjam,2023-08,0,1,54.21,0.0,1,2,0,0.27,0,0
Koraput,2023-08,0,2,22.06,1.84,2,2,0,1.99,3,1
Sambalpur,2023-08,7,17,25.91,0.55,1,77,0,0.63,22,7053
Puri,2023-08,10,10,11.08,0.33,7,107,0,3.1,28,10060
Balasore,2023-08,6,12,1.15,0.18,3,62,0,2.63,22,6064
Rourkela,2023-08,8,8,17.04,0.18,9,79,0,0.34,21,7889
Mayurbhanj,2023-08,2,2,4.54,5.77,2,25,0,2.52,10,2007
Cuttack,2023-08,24,30,14.35,8.38,16,213,0,0.14,71,23968
Kalahandi,2023-08,1,1,1.63,2.25,1,10,0,0.85,0,1009
Bhubaneswar,2023-09,23,36,9.08,0.48,9,200,0,0.82,71,23046
Ganjam,2023-09,12,16,4.8,0.24,5,131,0,0.74,42,11996
Koraput,2023-09,1,3,6.06,1.64,0,6,0,3.64,4,944
Sambalpur,2023-09,8,13,2.01,91.52,2,84,0,1.78,28,7988
Puri,2023-09,11,20,0.99,5.19,6,108,0,1.42,28,11118
Balasore,2023-09,2,3,8.47,1.42,1,25,0,1.32,6,1932
Rourkela,2023-09,6,8,0.12,2.76,2,65,0,0.77,22,6120
Mayurbhanj,2023-09,3,8,0.31,3.5,1,26,0,0.18,11,2988
Cuttack,2023-09,33,37,19.4,5.29,18,336,0,1.62,97,33016
Kalahandi,2023-09,4,8,34.1,0.74,2,32,0,1.41,16,3913
Bhubaneswar,2023-10,34,74,21.37,2.06,19,345,0,16.09,98,33852
Ganjam,2023-10,5,5,52.46,12.54,1,39,0,0.8,13,4937
Koraput,2023-10,9,15,5.38,0.12,6,97,0,4.1,30,8924
Sambalpur,2023-10,7,7,5.25,109.21,3,79,0,3.29,21,6829
Puri,2023-10,7,7,2.5,2.05,6,68,0,2.19,29,7018
Balasore,2023-10,3,4,9.32,0.26,2,23,0,1.76,13,2995
Rourkela,2023-10,7,7,0.38,2.11,3,59,0,3.82,27,7029
Mayurbhanj,2023-10,3,8,180.95,2.05,1,29,0,0.27,11,3021
Cuttack,2023-10,26,40,4.54,6.67,15,270,0,0.25,77,26090
Kalahandi,2023-10,4,8,2.34,1.28,3,34,0,0.87,4,4067
Bhubaneswar,2023-11,36,62,1.89,52.47,10,341,0,0.44,118,36193
Ganjam,2023-11,7,13,1.3,1.19,2,64,0,7.22,21,6942
Koraput,2023-11,7,10,3.62,6.42,3,75,0,1.16,25,7069
Sambalpur,2023-11,4,7,40.77,0.14,1,38,0,1.41,10,4057
Puri,2023-11,13,22,144.45,0.47,2,142,0,1.45,45,12937
Balasore,2023-11,8,13,0.46,12.53,1,87,0,0.59,25,8075
Rourkela,2023-11,7,12,0.96,5.93,2,69,0,0.64,18,7128
Mayurbhanj,2023-11,2,3,1.37,2.49,3,19,0,0.27,6,1979
Cuttack,2023-11,35,45,49.77,306.18,22,364,0,0.52,97,34573
Kalahandi,2023-11,3,6,5.99,1.27,3,40,0,0.95,10,2996
Bhubaneswar,2023-12,28,39,4.21,3.35,16,287,0,0.16,81,28028
Ganjam,2023-12,6,6,2.09,6.85,2,49,0,6.47,16,6037
Koraput,2023-12,3,4,3.18,0.23,3,29,0,0.48,8,2940
Sambalpur,2023-12,6,8,20.92,13.4,2,65,0,3.96,15,6009
Puri,2023-12,12,21,25.41,0.07,4,100,0,0.97,36,12295
Balasore,2023-12,6,10,1.79,0.07,4,76,0,3.11,17,6095
Rourkela,2023-12,15,19,415.42,0.36,6,139,0,0.81,52,14980
Mayurbhanj,2023-12,1,1,7.68,0.33,1,9,0,0.98,3,985
Cuttack,2023-12,34,48,2.38,1.9,14,334,0,3.44,106,33825
Kalahandi,2023-12,0,0,31.49,43.76,1,1,0,1.45,2,0
Bhubaneswar,2024-01,17,32,1.92,0.12,9,165,0,2.59,47,17006
Ganjam,2024-01,3,4,0.69,1205.73,0,23,0,0.5,10,3007
Koraput,2024-01,1,1,11.18,0.58,1,10,0,1.31,4,975
Sambalpur,2024-01,4,7,14.86,192.5,1,41,0,0.98,9,4059
Puri,2024-01,13,19,0.36,2.87,5,144,0,1.36,33,12913
Balasore,2024-01,7,11,30.22,1.62,2,57,0,1.86,22,6950
Rourkela,2024-01,8,10,3.9,0.07,2,62,0,2.82,21,8059
Mayurbhanj,2024-01,2,2,2.89,19.64,1,25,0,1.79,4,1952
Cuttack,2024-01,29,46,0.26,0.29,17,261,0,3.06,90,29254
Kalahandi,2024-01,4,5,26.99,6.17,2,32,0,5.21,9,3994
Bhubaneswar,2024-02,26,41,245.76,41.65,16,249,0,0.41,75,25914
Ganjam,2024-02,9,12,0.21,36.65,4,91,0,8.54,24,9074
Koraput,2024-02,6,12,36.38,18.76,3,56,0,2.1,20,6008
Sambalpur,2024-02,5,6,39.22,41.11,3,49,0,3.3,13,4921
Puri,2024-02,19,31,5260.48,0.87,5,197,0,2.83,43,19198
Balasore,2024-02,4,4,2.96,42.95,2,30,0,0.62,15,3971
Rourkela,2024-02,11,11,1.35,15.05,5,109,0,5.39,26,11131
Mayurbhanj,2024-02,5,7,1.04,31.8,3,51,0,0.55,11,4947
Cuttack,2024-02,27,37,14.57,3.29,15,259,0,0.68,96,26933
Kalahandi,2024-02,1,1,13.47,5.87,1,15,0,1.32,1,965
Bhubaneswar,2024-03,21,26,1.58,8.27,9,192,0,1.23,61,21042
Ganjam,2024-03,8,8,55.89,263.23,4,93,0,0.18,28,7890
Koraput,2024-03,4,8,250.02,1.84,3,37,0,6.53,12,4091
Sambalpur,2024-03,10,17,4.09,73.67,3,117,0,0.6,31,9947
Puri,2024-03,11,15,140.38,1.52,5,111,0,1.09,31,11069
Balasore,2024-03,8,11,0.72,132.05,5,91,0,2.26,15,7949
Rourkela,2024-03,13,22,38.09,39.1,3,130,0,2.35,43,13021
Mayurbhanj,2024-03,2,2,29.24,0.16,1,22,0,3.07,6,1968
Cuttack,2024-03,26,40,5.77,0.16,19,288,0,2.67,71,26054
Kalahandi,2024-03,2,2,11.27,0.51,0,25,0,0.94,6,2020
Bhubaneswar,2024-04,29,41,26.76,7.89,12,316,0,0.65,65,29414
Ganjam,2024-04,9,12,4.39,2.8,7,96,0,0.13,22,9198
Koraput,2024-04,2,4,6.43,0.54,0,13,0,2.29,5,2061
Sambalpur,2024-04,4,8,1.28,0.18,3,38,0,6.48,9,3978
Puri,2024-04,14,23,2.76,227.46,8,138,0,0.23,46,13874
Balasore,2024-04,5,8,0.26,3.84,1,53,0,0.98,18,4943
Rourkela,2024-04,9,15,15.21,9.24,7,100,0,7.1,37,8780
Mayurbhanj,2024-04,6,7,36.78,3.27,3,56,0,1.87,20,5972
Cuttack,2024-04,24,34,43.51,22.02,12,263,0,0.44,68,24243
Kalahandi,2024-04,5,10,66.32,69.62,1,51,0,1.16,14,4926
Bhubaneswar,2024-05,43,65,69.76,2.73,14,427,0,1.03,125,43257
Ganjam,2024-05,6,7,3.61,1.11,4,49,0,0.86,27,5927
Koraput,2024-05,3,3,20.72,0.77,3,30,0,0.32,13,2979
Sambalpur,2024-05,8,11,4.1,13.35,6,67,0,1.89,28,7866
Puri,2024-05,13,16,12.28,2.11,9,122,0,0.88,35,13058
Balasore,2024-05,9,15,5.88,6.18,2,97,0,3.74,22,8962
Rourkela,2024-05,11,19,0.9,0.38,6,93,0,1.24,42,11138
Mayurbhanj,2024-05,1,2,3.21,0.5,0,6,0,0.44,3,1041
Cuttack,2024-05,30,50,11.32,1.92,12,284,0,1.24,94,29915
Kalahandi,2024-05,1,1,65.33,0.75,2,9,0,1.81,8,1049
Bhubaneswar,2024-06,29,41,26.54,0.41,14,311,0,0.37,89,29146
Ganjam,2024-06,4,4,15.13,41.97,1,38,0,0.59,11,3940
Koraput,2024-06,1,2,33.16,1.14,2,12,0,2.64,3,945
Sambalpur,2024-06,5,6,1.13,0.1,3,57,0,2.62,13,4886
Puri,2024-06,15,26,0.81,0.56,3,147,0,3.06,68,15055
Balasore,2024-06,5,9,0.4,1.07,3,43,0,0.35,16,4968
Rourkela,2024-06,10,18,5.3,1.47,5,93,0,4.25,30,10015
Mayurbhanj,2024-06,1,2,2.13,8.96,1,14,0,1.41,3,933
Cuttack,2024-06,26,41,7.34,2.74,14,247,0,1.0,81,26170
Kalahandi,2024-06,2,2,8.29,2.32,1,13,0,2.32,6,1994
Bhubaneswar,2024-07,30,47,7.73,1.71,20,302,0,0.99,99,30034
Ganjam,2024-07,9,13,0.67,7.68,9,83,0,0.52,32,8983
Koraput,2024-07,3,3,2.28,9.63,1,29,0,0.32,7,3035
Sambalpur,2024-07,7,10,1.93,16.0,2,73,0,0.37,22,7120
Puri,2024-07,11,19,148.53,3.56,2,100,0,0.38,26,10961
Balasore,2024-07,3,4,0.5,0.94,3,29,0,0.77,13,3019
Rourkela,2024-07,10,11,16.01,0.68,8,97,0,1.11,30,9834
Mayurbhanj,2024-07,1,3,7.39,6.83,0,8,0,1.49,2,987
Cuttack,2024-07,18,35,1.83,0.8,15,189,0,0.97,57,17953
Kalahandi,2024-07,2,2,0.44,1.03,1,21,0,2.79,8,2023
Bhubaneswar,2024-08,33,57,24.2,3.12,10,347,0,0.42,93,33006
Ganjam,2024-08,3,5,4.53,7.82,0,26,0,5.13,6,3044
Koraput,2024-08,1,1,0.35,1.03,1,13,0,0.16,1,970
Sambalpur,2024-08,5,9,0.35,9.75,2,53,0,0.36,23,5020
Puri,2024-08,9,12,22.79,45.99,3,87,0,1.94,22,9007
Balasore,2024-08,5,7,2.22,0.85,3,48,0,4.08,15,4965
Rourkela,2024-08,6,8,1.62,63.02,2,56,0,0.95,20,5949
Mayurbhanj,2024-08,2,4,12.71,1.68,1,20,0,1.18,2,2030
Cuttack,2024-08,28,37,8.7,23.88,12,273,0,3.93,87,28062
Kalahandi,2024-08,1,1,0.94,1.61,0,12,0,0.56,3,996
Bhubaneswar,2024-09,31,50,12.45,164.41,16,309,0,1.57,111,30974
Ganjam,2024-09,8,10,2.58,4.28,3,104,0,1.38,25,8010
Koraput,2024-09,5,10,3.28,88.76,2,50,0,0.39,19,4933
Sambalpur,2024-09,5,6,25.62,3.27,3,52,0,1.02,20,5107
Puri,2024-09,8,16,6.3,41.37,4,78,0,1.79,23,7906
Balasore,2024-09,3,3,2.32,15.93,3,37,0,11.02,7,2965
Rourkela,2024-09,9,10,6.81,9.26,6,89,0,3.37,23,8893
Mayurbhanj,2024-09,2,6,6.99,7.87,1,17,0,7.35,7,1950
Cuttack,2024-09,40,61,0.1,0.32,30,400,0,0.11,128,39689
Kalahandi,2024-09,3,4,105.6,37.69,2,40,0,0.63,9,3029
Bhubaneswar,2024-10,35,40,163.11,20.55,22,390,0,0.64,86,35224
Ganjam,2024-10,5,14,33.2,12.07,3,45,0,1.26,12,5027
Koraput,2024-10,4,6,7.58,1.4,1,40,0,1.59,15,4001
Sambalpur,2024-10,9,18,41.39,5.05,3,101,0,0.27,23,9036
Puri,2024-10,9,11,2.15,0.95,4,88,0,2.1,21,8816
Balasore,2024-10,4,4,0.45,8.68,0,35,0,1.68,10,4032
Rourkela,2024-10,11,13,0.47,4.09,2,99,0,0.35,33,10886
Mayurbhanj,2024-10,4,6,39.87,0.36,1,32,0,0.51,8,4036
Cuttack,2024-10,33,42,0.13,17.42,20,326,0,0.13,90,32895
Kalahandi,2024-10,0,0,8.36,15.17,0,1,0,5.13,3,2
Bhubaneswar,2024-11,37,44,10.13,0.08,16,367,0,0.41,107,36937
Ganjam,2024-11,9,12,98.05,0.33,3,95,0,1.72,29,9176
Koraput,2024-11,3,5,6.71,18.3,1,34,0,0.55,8,2990
Sambalpur,2024-11,7,11,8.53,2.08,5,74,0,0.83,30,7048
Puri,2024-11,11,12,2.51,2.69,6,115,0,1.38,37,11142
Balasore,2024-11,8,12,1.06,0.13,2,91,0,0.31,28,7894
Rourkela,2024-11,6,7,0.71,0.91,4,64,0,1.26,16,5956
Mayurbhanj,2024-11,3,6,0.63,7.66,0,37,0,1.17,15,2950
Cuttack,2024-11,25,48,4.8,2.21,11,263,0,1.5,71,25020
Kalahandi,2024-11,2,2,0.75,6.9,2,21,0,0.55,6,2068
Bhubaneswar,2024-12,33,55,9.12,0.6,10,335,0,6.44,108,32642
Ganjam,2024-12,7,9,6.89,2.16,1,60,0,1.23,22,7041
Koraput,2024-12,2,2,8.91,0.09,0,28,0,2.12,7,1954
Sambalpur,2024-12,6,10,1.67,0.03,0,65,0,2.31,24,6061
Puri,2024-12,14,26,4.44,3.35,7,166,0,0.89,41,13967
Balasore,2024-12,7,7,6.0,0.49,1,74,0,1.5,16,6832
Rourkela,2024-12,5,5,0.31,0.36,2,47,0,3.43,19,4910
Mayurbhanj,2024-12,6,11,163.0,1.99,1,59,0,1.09,15,5963
Cuttack,2024-12,25,43,0.2,5.12,14,252,0,0.43,75,25034
Kalahandi,2024-12,3,5,3.25,17.12,2,28,0,3.7,12,2979
Bhubaneswar,2025-01,23,37,1.48,1.75,16,229,0,2.97,76,23189
Ganjam,2025-01,8,9,10.74,110.6,1,71,0,0.35,26,7844
Koraput,2025-01,1,4,3.18,1.16,0,9,0,0.2,1,1022
Sambalpur,2025-01,5,8,15.95,0.43,4,46,0,0.26,15,5015
Puri,2025-01,17,32,1.68,6.41,6,182,0,0.42,44,17282
Balasore,2025-01,3,8,23.86,1.03,1,25,0,0.08,8,3113
Rourkela,2025-01,8,12,2.16,3.29,5,85,0,0.86,30,8093
Mayurbhanj,2025-01,3,3,11.14,2.23,3,21,0,0.4,9,3012
Cuttack,2025-01,34,42,2.31,1.89,16,383,0,1.03,86,34172
Kalahandi,2025-01,0,1,5.25,1.82,2,0,0,1.2,2,0
Bhubaneswar,2025-02,42,68,5.19,0.56,23,389,0,3.04,124,42556
Ganjam,2025-02,3,3,4.21,1.51,1,29,0,0.38,8,2966
Koraput,2025-02,1,2,63.2,0.47,2,12,0,2.0,4,1022
Sambalpur,2025-02,7,15,447.46,0.9,2,63,0,3.78,12,6904
Puri,2025-02,17,25,0.09,12.99,8,182,0,1.19,47,17094
Balasore,2025-02,10,19,17.81,1.0,8,82,0,1.01,41,9886
Rourkela,2025-02,7,12,12.61,13.98,3,73,0,0.35,21,6990
Mayurbhanj,2025-02,3,5,2.13,2.68,1,30,0,0.48,12,2996
Cuttack,2025-02,22,46,7.69,13.68,10,255,0,0.67,63,21882
Kalahandi,2025-02,1,2,3.73,10.82,2,17,0,1.31,2,1011
Bhubaneswar,2025-03,31,42,24.63,0.07,16,317,0,1.54,93,31143
Ganjam,2025-03,3,3,158.61,7.63,1,32,0,0.28,8,3035
Koraput,2025-03,2,2,20.97,44.13,1,21,0,0.79,6,2002
Sambalpur,2025-03,1,1,2.04,2.69,0,8,0,0.69,5,1003
Puri,2025-03,21,42,0.15,3.18,12,248,0,0.32,57,21063
Balasore,2025-03,14,19,1.32,0.51,10,149,0,2.09,45,14180
Rourkela,2025-03,13,13,328.51,0.6,11,125,0,2.51,42,13048
Mayurbhanj,2025-03,2,2,2.05,0.53,1,20,0,1.59,6,1976
Cuttack,2025-03,25,38,5.75,0.25,11,255,0,0.63,76,24682
Kalahandi,2025-03,4,6,35.81,21.86,4,43,0,1.16,15,4032
Bhubaneswar,2025-04,22,28,0.41,0.22,17,250,0,0.48,75,21811
Ganjam,2025-04,9,9,62.15,0.79,2,94,0,2.94,23,9024
Koraput,2025-04,4,4,5.07,0.11,1,44,0,0.95,10,3985
Sambalpur,2025-04,8,11,63.37,0.14,7,78,0,0.38,21,8115
Puri,2025-04,9,9,4.73,1.65,2,79,0,1.27,25,8912
Balasore,2025-04,2,2,1.93,0.23,1,27,0,0.39,6,1958
Rourkela,2025-04,5,13,2.93,0.55,1,55,0,1.58,21,5020
Mayurbhanj,2025-04,5,13,0.38,42.34,4,47,0,1.34,13,4902
Cuttack,2025-04,35,50,1.79,4.7,17,329,0,0.31,111,34829
Kalahandi,2025-04,4,8,8.45,1.85,3,39,0,0.96,14,3893
Bhubaneswar,2025-05,27,36,342.86,8.45,10,272,0,1.46,88,27301
Ganjam,2025-05,3,3,21.41,204.33,1,31,0,0.51,12,2951
Koraput,2025-05,1,1,2.91,37.51,0,6,0,0.6,2,998
Sambalpur,2025-05,4,5,13.98,1.74,5,45,0,1.15,7,3967
Puri,2025-05,10,11,72.59,3.49,3,115,0,5.9,24,9930
Balasore,2025-05,14,21,6.0,4.4,8,133,0,2.21,41,14041
Rourkela,2025-05,7,8,42.43,18.07,4,58,0,1.08,29,7084
Mayurbhanj,2025-05,3,3,91.13,0.1,1,32,0,1.71,9,3072
Cuttack,2025-05,27,32,0.27,0.39,16,283,0,2.14,79,26992
Kalahandi,2025-05,3,4,6.77,1.68,2,31,0,0.52,8,3028
Bhubaneswar,2025-06,34,48,21.59,0.04,23,345,0,2.88,106,34031
Ganjam,2025-06,4,6,33.38,9.01,5,48,0,2.23,16,4040
Koraput,2025-06,3,3,129.26,2.2,1,27,0,0.22,8,2952
Sambalpur,2025-06,5,6,0.54,1.83,3,53,0,0.41,12,5120
Puri,2025-06,10,21,917.44,4.76,9,121,0,0.92,28,10002
Balasore,2025-06,9,13,239.16,53.91,4,99,0,1.53,40,8921
Rourkela,2025-06,6,12,3.07,2.46,3,59,0,1.34,25,5935
Mayurbhanj,2025-06,3,3,2.71,8.76,1,32,0,4.35,9,2995
Cuttack,2025-06,23,39,26.2,4.98,13,221,0,0.33,65,22589
Kalahandi,2025-06,3,7,5.47,0.1,3,24,0,7.09,9,3058
Bhubaneswar,2025-07,31,46,2.41,0.13,19,288,0,0.3,108,30810
Ganjam,2025-07,6,11,17.88,3.68,2,48,0,0.92,31,6009
Koraput,2025-07,4,8,5.41,0.99,2,37,0,1.31,11,4006
Sambalpur,2025-07,4,5,5.08,0.38,0,40,0,0.59,10,4084
Puri,2025-07,10,18,1.09,9.23,5,88,0,0.47,23,9979
Balasore,2025-07,8,14,2.42,38.0,2,76,0,0.52,23,8141
Rourkela,2025-07,14,20,6.17,0.07,11,149,0,1.05,41,14120
Mayurbhanj,2025-07,4,7,1.26,1.79,2,40,0,0.82,14,3944
Cuttack,2025-07,31,48,61.61,0.41,15,310,0,1.4,76,31348
Kalahandi,2025-07,3,3,4.01,1.04,1,46,0,0.59,5,2946
Bhubaneswar,2025-08,28,45,4.13,2.62,10,309,0,1.15,85,27763
Ganjam,2025-08,6,6,13.16,0.44,1,51,0,1.76,20,5938
Koraput,2025-08,3,4,0.76,0.15,2,29,0,0.31,9,3001
Sambalpur,2025-08,10,15,2.96,0.06,6,99,0,4.1,30,9890
Puri,2025-08,7,9,1.09,1.54,1,74,0,0.34,21,6966
Balasore,2025-08,5,8,21.54,0.16,2,41,0,1.82,11,4974
Rourkela,2025-08,5,10,217.4,2.36,3,52,0,0.33,23,4867
Mayurbhanj,2025-08,4,5,2.01,0.62,2,34,0,1.42,9,4005
Cuttack,2025-08,33,34,7.42,386.61,16,307,0,0.43,98,33131
Kalahandi,2025-08,2,3,10.01,1.07,0,22,0,1.68,8,2011
Bhubaneswar,2025-09,34,51,8.37,22.0,12,306,0,2.67,89,33749
Ganjam,2025-09,8,14,2.37,0.57,7,71,0,0.62,22,7874
Koraput,2025-09,0,0,0.21,0.22,2,3,0,0.32,0,0
Sambalpur,2025-09,10,15,7.24,401.63,7,83,0,0.57,44,9980
Puri,2025-09,10,14,2.66,4.0,5,97,0,0.81,36,10004
Balasore,2025-09,12,16,9.31,31.09,9,123,0,0.34,32,11873
Rourkela,2025-09,13,27,5.29,1.39,8,126,0,0.87,29,12812
Mayurbhanj,2025-09,6,6,2.9,20.86,3,61,0,2.95,14,6031
Cuttack,2025-09,35,48,24.25,5.47,23,345,0,16.92,109,35134
Kalahandi,2025-09,1,2,0.78,4.49,3,12,0,1.54,1,957
Bhubaneswar,2025-10,28,52,2.51,8.32,10,258,0,0.29,97,28059
Ganjam,2025-10,4,4,25.28,0.16,1,49,0,0.45,13,4045
Koraput,2025-10,4,5,2.98,0.13,0,32,0,5.51,12,4052
Sambalpur,2025-10,3,6,41.3,95.16,1,38,0,3.48,11,2936
Puri,2025-10,12,12,0.8,0.55,6,132,0,0.38,39,11996
Balasore,2025-10,6,7,0.68,32.24,4,73,0,1.38,13,5910
Rourkela,2025-10,8,12,79.24,1.4,1,91,0,0.31,21,8012
Mayurbhanj,2025-10,3,5,7.81,15.98,0,32,0,1.61,8,3065
Cuttack,2025-10,29,39,26.97,1.54,19,280,0,1.31,74,28948
Kalahandi,2025-10,2,6,26.01,1.94,1,22,0,4.81,4,1989
Bhubaneswar,2025-11,44,89,1.08,0.62,13,445,0,2.02,115,43888
Ganjam,2025-11,5,6,5.16,34.43,0,53,0,11.9,13,5050
Koraput,2025-11,5,11,41.8,89.48,2,43,0,2.29,18,5107
Sambalpur,2025-11,2,3,0.34,0.54,1,18,0,0.99,6,2033
Puri,2025-11,13,14,4.01,73.99,4,137,0,3.14,39,12878
Balasore,2025-11,6,7,32.98,1.54,2,52,0,4.05,18,6150
Rourkela,2025-11,7,11,1.99,1.04,2,88,0,1.07,16,6946
Mayurbhanj,2025-11,3,3,0.83,2.44,1,38,0,2.06,3,2953
Cuttack,2025-11,24,30,37.35,8.24,15,214,0,1.55,61,23990
Kalahandi,2025-11,3,4,6.37,4.48,3,23,0,1.58,8,2946
