district,month,missing_boys_start,missing_boys_during,traced_boys,missing_girls_start,missing_girls_during,traced_girls,missing_men_start,missing_men_during,traced_men,missing_women_start,missing_women_during,traced_women
Bhubaneswar,2015-01,50,28,11,60,48,15,100,40,24,120,46,33
Ganjam,2015-01,50,22,15,60,24,11,100,20,11,120,29,15
Koraput,2015-01,50,5,5,60,10,7,100,11,8,120,13,13
Sambalpur,2015-01,50,20,12,60,27,18,100,18,13,120,28,15
Puri,2015-01,50,7,6,60,17,8,100,8,15,120,24,17
Balasore,2015-01,50,17,12,60,15,6,100,21,17,120,22,16
Rourkela,2015-01,50,22,11,60,21,13,100,29,9,120,46,27
Mayurbhanj,2015-01,50,10,8,60,10,8,100,6,13,120,9,10
Cuttack,2015-01,50,22,16,60,52,23,100,43,24,120,50,28
Kalahandi,2015-01,50,9,14,60,11,8,100,7,9,120,9,15
Bhubaneswar,2015-02,67,24,12,93,45,29,116,26,12,133,61,34
Ganjam,2015-02,57,17,8,73,25,14,109,25,19,134,43,27
Koraput,2015-02,50,4,6,63,12,12,103,9,11,120,12,18
Sambalpur,2015-02,58,21,12,69,27,16,105,18,15,133,20,17
Puri,2015-02,51,10,8,69,21,11,93,19,17,127,22,16
Balasore,2015-02,55,15,10,69,19,11,104,19,17,126,31,24
Rourkela,2015-02,61,20,14,68,30,16,120,28,14,139,32,27
Mayurbhanj,2015-02,52,9,12,62,6,10,93,11,7,119,11,13
Cuttack,2015-02,56,22,14,89,41,39,119,32,22,142,66,17
Kalahandi,2015-02,45,8,5,63,9,7,98,7,14,114,10,17
Bhubaneswar,2015-03,79,24,11,109,46,23,130,36,20,160,53,27
Ganjam,2015-03,66,20,14,84,25,13,115,19,18,150,29,17
Koraput,2015-03,48,10,6,63,14,7,101,8,10,114,13,16
Sambalpur,2015-03,67,16,17,80,26,20,108,12,16,136,20,23
Puri,2015-03,53,11,8,79,18,12,95,16,9,133,16,19
Balasore,2015-03,60,10,9,77,23,5,106,20,20,133,21,35
Rourkela,2015-03,67,22,14,82,33,20,134,20,14,144,37,37
Mayurbhanj,2015-03,49,5,2,58,7,2,97,8,12,117,16,17
Cuttack,2015-03,64,30,16,91,40,22,129,40,23,191,54,38
Kalahandi,2015-03,48,4,8,65,9,12,91,6,9,107,11,17
Bhubaneswar,2015-04,92,37,20,132,39,23,146,30,21,186,51,30
Ganjam,2015-04,72,15,9,96,31,20,116,25,11,162,26,23
Koraput,2015-04,52,9,14,70,15,12,99,12,9,111,16,18
Sambalpur,2015-04,66,9,11,86,24,21,104,21,19,133,27,28
Puri,2015-04,56,12,11,85,16,18,102,12,9,130,25,24
Balasore,2015-04,61,17,14,95,25,17,106,22,11,119,29,23
Rourkela,2015-04,75,20,6,95,42,22,140,26,34,144,37,26
Mayurbhanj,2015-04,52,12,10,63,7,10,93,8,8,116,16,23
Cuttack,2015-04,78,28,14,109,37,26,146,18,23,207,52,39
Kalahandi,2015-04,44,5,3,62,11,11,88,11,12,101,7,16
Bhubaneswar,2015-05,109,27,19,148,28,21,155,35,25,207,44,28
Ganjam,2015-05,78,23,18,107,21,15,130,21,16,165,32,33
Koraput,2015-05,47,13,6,73,10,10,102,12,20,109,11,17
Sambalpur,2015-05,64,11,7,89,16,17,106,20,17,132,30,16
Puri,2015-05,57,13,11,83,23,8,105,17,18,131,28,14
Balasore,2015-05,64,15,21,103,20,13,117,18,18,125,30,18
Rourkela,2015-05,89,16,18,115,25,12,132,18,23,155,48,24
Mayurbhanj,2015-05,54,10,7,60,7,11,93,11,16,109,16,20
Cuttack,2015-05,92,23,14,120,48,28,141,32,17,220,49,36
Kalahandi,2015-05,46,2,6,62,3,8,87,10,6,92,12,7
Bhubaneswar,2015-06,117,29,29,155,41,38,165,28,29,223,60,35
Ganjam,2015-06,83,24,12,113,29,18,135,29,29,164,40,25
Koraput,2015-06,54,9,9,73,11,14,94,8,13,103,17,22
Sambalpur,2015-06,68,17,11,88,26,20,109,17,14,146,23,21
Puri,2015-06,59,12,12,98,16,8,104,14,16,145,15,15
Balasore,2015-06,58,16,5,110,19,14,117,8,11,137,32,23
Rourkela,2015-06,87,13,8,128,32,18,127,36,23,179,44,35
Mayurbhanj,2015-06,57,7,4,56,10,14,88,4,11,105,16,18
Cuttack,2015-06,101,31,17,140,32,15,156,42,32,233,54,42
Kalahandi,2015-06,42,3,2,57,8,9,91,10,11,97,12,9
Bhubaneswar,2015-07,117,31,15,158,58,30,164,49,26,248,59,40
Ganjam,2015-07,95,22,19,124,34,22,135,23,22,179,42,33
Koraput,2015-07,54,10,2,70,6,4,89,6,10,98,6,18
Sambalpur,2015-07,74,18,15,94,26,17,112,24,16,148,23,26
Puri,2015-07,59,12,8,106,12,15,102,17,13,145,26,22
Balasore,2015-07,69,9,4,115,22,16,114,17,17,146,27,20
Rourkela,2015-07,92,23,14,142,37,28,140,26,23,188,51,35
Mayurbhanj,2015-07,60,12,7,52,10,5,81,6,10,103,7,9
Cuttack,2015-07,115,26,18,157,44,30,166,37,28,245,57,54
Kalahandi,2015-07,43,10,7,56,6,9,90,7,7,100,8,15
Bhubaneswar,2015-08,133,37,17,186,39,24,187,31,25,267,42,38
Ganjam,2015-08,98,16,15,136,30,16,136,20,20,188,32,38
Koraput,2015-08,62,3,10,72,16,8,85,6,7,86,10,10
Sambalpur,2015-08,77,13,7,103,16,15,120,18,15,145,20,28
Puri,2015-08,63,15,11,103,15,11,106,15,12,149,29,24
Balasore,2015-08,74,13,16,121,19,20,114,11,16,153,26,20
Rourkela,2015-08,101,17,20,151,30,22,143,33,22,204,33,34
Mayurbhanj,2015-08,65,9,8,57,10,7,77,14,16,101,9,10
Cuttack,2015-08,123,21,15,171,35,27,175,32,35,248,62,46
Kalahandi,2015-08,46,7,4,53,10,10,90,4,7,93,8,19
Bhubaneswar,2015-09,153,29,21,201,35,25,193,27,18,271,60,51
Ganjam,2015-09,99,15,15,150,23,22,136,17,18,182,33,34
Koraput,2015-09,55,12,8,80,13,10,84,12,6,86,19,10
Sambalpur,2015-09,83,10,12,104,26,21,123,27,24,137,22,15
Puri,2015-09,67,12,11,107,11,17,109,18,14,154,24,16
Balasore,2015-09,71,18,7,120,18,12,109,23,13,159,23,24
Rourkela,2015-09,98,24,13,159,23,28,154,29,25,203,43,35
Mayurbhanj,2015-09,66,6,9,60,13,3,75,8,5,100,7,12
Cuttack,2015-09,129,25,26,179,40,29,172,39,22,264,53,48
Kalahandi,2015-09,49,5,3,53,10,7,87,17,13,82,16,19
Bhubaneswar,2015-10,161,29,33,211,32,22,202,37,33,280,47,35
Ganjam,2015-10,99,18,12,151,31,13,135,23,21,181,21,28
Koraput,2015-10,59,3,8,83,7,8,90,14,10,95,20,17
Sambalpur,2015-10,81,17,13,109,24,21,126,8,14,144,27,29
Puri,2015-10,68,17,13,101,16,11,113,12,11,162,15,22
Balasore,2015-10,82,18,12,126,28,20,119,24,14,158,26,15
Rourkela,2015-10,109,32,9,154,32,26,158,33,19,211,40,26
Mayurbhanj,2015-10,63,8,7,70,12,9,78,7,8,95,6,19
Cuttack,2015-10,128,28,21,190,43,33,189,22,29,269,56,31
Kalahandi,2015-10,51,8,8,56,9,9,91,11,7,79,9,11
Bhubaneswar,2015-11,157,32,22,221,55,32,206,39,44,292,48,30
Ganjam,2015-11,105,16,18,169,19,26,137,19,18,174,30,27
Koraput,2015-11,54,13,8,82,12,13,94,8,11,98,18,20
Sambalpur,2015-11,85,13,11,112,18,15,120,15,20,142,35,25
Puri,2015-11,72,12,10,106,25,12,114,14,20,155,21,23
Balasore,2015-11,88,11,17,134,28,16,129,20,8,169,27,32
Rourkela,2015-11,132,23,15,160,37,33,172,44,23,225,25,35
Mayurbhanj,2015-11,64,8,9,73,14,10,77,6,8,82,12,13
Cuttack,2015-11,135,27,20,200,48,34,182,34,33,294,49,47
Kalahandi,2015-11,51,6,2,56,8,7,95,4,12,77,9,8
Bhubaneswar,2015-12,167,35,21,244,33,41,201,42,32,310,65,41
Ganjam,2015-12,103,17,15,162,34,28,138,21,21,177,39,36
Koraput,2015-12,59,4,4,81,8,18,91,10,11,96,15,17
Sambalpur,2015-12,87,12,4,115,26,14,115,18,15,152,21,20
Puri,2015-12,74,6,10,119,15,16,108,16,15,153,26,23
Balasore,2015-12,82,12,7,146,28,24,141,28,25,164,27,20
Rourkela,2015-12,140,26,30,164,34,34,193,29,20,215,50,34
Mayurbhanj,2015-12,63,3,8,77,8,8,75,10,9,81,11,10
Cuttack,2015-12,142,26,26,214,47,33,183,29,27,296,43,44
Kalahandi,2015-12,55,3,7,57,10,9,87,6,7,78,17,16
Bhubaneswar,2016-01,181,33,28,236,45,25,211,34,30,334,49,30
Ganjam,2016-01,105,24,11,168,42,28,138,20,22,180,27,30
Koraput,2016-01,59,10,9,71,13,7,90,7,14,94,20,13
Sambalpur,2016-01,95,18,5,127,19,16,118,14,23,153,27,18
Puri,2016-01,70,13,8,118,18,23,109,14,8,156,22,21
Balasore,2016-01,87,11,13,150,20,19,144,13,17,171,26,32
Rourkela,2016-01,136,26,18,164,38,21,202,31,25,231,41,36
Mayurbhanj,2016-01,58,5,4,77,13,12,76,12,9,82,15,11
Cuttack,2016-01,142,21,20,228,36,29,185,31,25,295,53,46
Kalahandi,2016-01,51,6,8,58,13,8,86,6,6,79,7,14
Bhubaneswar,2016-02,186,28,23,256,53,42,215,30,36,353,64,52
Ganjam,2016-02,118,13,14,182,25,32,136,25,17,177,26,29
Koraput,2016-02,60,9,8,77,9,6,83,13,10,101,11,18
Sambalpur,2016-02,108,11,12,130,29,20,109,17,15,162,29,24
Puri,2016-02,75,15,13,113,15,11,115,9,11,157,29,19
Balasore,2016-02,85,18,13,151,17,23,140,18,21,165,17,16
Rourkela,2016-02,144,28,29,181,30,28,208,27,32,236,44,34
Mayurbhanj,2016-02,59,3,4,78,19,11,79,7,9,86,10,10
Cuttack,2016-02,143,35,23,235,60,33,191,32,27,302,56,47
Kalahandi,2016-02,49,7,8,63,14,10,86,9,16,72,11,9
Bhubaneswar,2016-03,191,29,21,267,38,31,209,29,28,365,55,50
Ganjam,2016-03,117,12,13,175,30,12,144,26,19,174,31,27
Koraput,2016-03,61,6,9,80,11,6,86,5,9,94,11,12
Sambalpur,2016-03,107,9,13,139,17,14,111,18,15,167,25,18
Puri,2016-03,77,6,10,117,20,17,113,13,23,167,28,30
Balasore,2016-03,90,19,10,145,9,19,137,15,18,166,27,26
Rourkela,2016-03,143,18,17,183,29,34,203,28,30,246,38,35
Mayurbhanj,2016-03,58,5,8,86,11,7,77,4,7,86,8,13
Cuttack,2016-03,155,33,28,262,47,33,196,30,32,311,46,44
Kalahandi,2016-03,48,7,8,67,9,4,79,7,10,74,5,6
Bhubaneswar,2016-04,199,33,32,274,39,35,210,42,44,370,61,51
Ganjam,2016-04,116,17,15,193,23,27,151,25,20,178,33,27
Koraput,2016-04,58,4,5,85,10,14,82,4,10,93,17,11
Sambalpur,2016-04,103,24,13,142,23,28,114,13,18,174,22,12
Puri,2016-04,73,14,12,120,16,18,103,12,14,165,20,20
Balasore,2016-04,99,10,11,135,18,16,134,19,25,167,32,26
Rourkela,2016-04,144,19,22,178,27,32,201,27,22,249,42,43
Mayurbhanj,2016-04,55,7,6,90,11,17,74,9,8,81,13,14
Cuttack,2016-04,160,31,33,276,37,33,194,41,34,313,46,50
Kalahandi,2016-04,47,5,6,72,10,9,76,7,6,73,6,4
Bhubaneswar,2016-05,200,41,34,278,39,36,208,32,30,380,57,63
Ganjam,2016-05,118,17,10,189,27,27,156,25,33,184,28,18
Koraput,2016-05,57,8,9,81,14,11,76,12,17,99,19,16
Sambalpur,2016-05,114,14,23,137,19,25,109,14,11,184,32,23
Puri,2016-05,75,10,11,118,18,17,101,13,13,165,23,16
Balasore,2016-05,98,17,16,137,20,28,128,13,20,173,29,20
Rourkela,2016-05,141,23,20,173,32,31,206,27,24,248,33,32
Mayurbhanj,2016-05,56,8,15,84,8,9,75,13,22,80,21,13
Cuttack,2016-05,158,22,25,280,39,39,201,41,24,309,60,57
Kalahandi,2016-05,46,7,4,73,7,10,77,6,6,75,6,8
Bhubaneswar,2016-06,207,35,29,281,36,35,210,41,35,374,61,56
Ganjam,2016-06,125,20,21,189,27,27,148,21,23,194,33,37
Koraput,2016-06,56,10,9,84,14,9,71,9,15,102,17,13
Sambalpur,2016-06,105,14,14,131,27,16,112,15,18,193,25,31
Puri,2016-06,74,13,15,119,17,14,101,12,13,172,26,23
Balasore,2016-06,99,8,6,129,25,22,121,17,14,182,22,18
Rourkela,2016-06,144,30,27,174,19,24,209,22,32,249,41,28
Mayurbhanj,2016-06,49,9,10,83,10,16,66,9,9,88,14,14
Cuttack,2016-06,155,31,25,280,38,38,218,38,29,312,52,51
Kalahandi,2016-06,49,7,6,70,11,5,77,10,10,73,4,7
Bhubaneswar,2016-07,213,30,44,282,46,46,216,34,27,379,54,48
Ganjam,2016-07,124,20,13,189,26,34,146,30,23,190,32,33
Koraput,2016-07,57,8,8,89,5,12,65,8,13,106,18,17
Sambalpur,2016-07,105,12,18,142,26,13,109,22,10,187,20,26
Puri,2016-07,72,14,12,122,22,26,100,10,17,175,20,21
Balasore,2016-07,101,13,15,132,25,17,124,14,23,186,32,29
Rourkela,2016-07,147,27,28,169,30,25,199,18,25,262,50,53
Mayurbhanj,2016-07,48,8,9,77,9,7,66,9,11,88,20,15
Cuttack,2016-07,161,21,17,280,34,36,227,30,26,313,50,41
Kalahandi,2016-07,50,11,5,76,8,8,77,8,6,70,7,7
Bhubaneswar,2016-08,199,25,25,282,44,46,223,30,35,385,65,50
Ganjam,2016-08,131,12,11,181,34,21,153,18,27,189,32,20
Koraput,2016-08,57,8,10,82,15,12,60,5,8,107,10,12
Sambalpur,2016-08,99,31,16,155,27,22,121,19,23,181,36,27
Puri,2016-08,74,11,9,118,14,10,93,13,12,174,29,18
Balasore,2016-08,99,11,9,140,26,17,115,12,23,189,26,34
Rourkela,2016-08,146,24,18,174,43,34,192,22,27,259,36,27
Mayurbhanj,2016-08,47,13,7,79,5,11,64,4,10,93,12,14
Cuttack,2016-08,165,30,29,278,38,41,231,32,31,322,44,41
Kalahandi,2016-08,56,8,10,76,8,9,79,4,9,70,12,14
Bhubaneswar,2016-09,199,25,26,280,45,42,218,29,20,400,45,57
Ganjam,2016-09,132,24,24,194,31,24,144,19,16,201,31,27
Koraput,2016-09,55,9,7,85,11,13,57,5,16,105,11,9
Sambalpur,2016-09,114,18,21,160,25,25,117,17,19,190,33,31
Puri,2016-09,76,12,11,122,15,16,94,6,13,185,15,24
Balasore,2016-09,101,14,17,149,22,21,104,19,11,181,26,20
Rourkela,2016-09,152,28,25,183,37,33,187,18,29,268,37,40
Mayurbhanj,2016-09,53,6,6,73,5,7,58,7,8,91,13,11
Cuttack,2016-09,166,25,28,275,49,35,232,29,35,325,49,38
Kalahandi,2016-09,54,6,5,75,13,14,74,6,10,68,7,10
Bhubaneswar,2016-10,198,39,32,283,43,44,227,49,30,388,59,56
Ganjam,2016-10,132,19,19,201,31,30,147,27,21,205,34,37
Koraput,2016-10,57,8,11,83,13,16,46,8,8,107,10,11
Sambalpur,2016-10,111,14,17,160,14,17,115,19,12,192,30,31
Puri,2016-10,77,18,11,121,16,14,87,13,11,176,23,21
Balasore,2016-10,98,13,17,150,18,24,112,22,23,187,26,20
Rourkela,2016-10,155,21,25,187,34,28,176,20,29,265,39,33
Mayurbhanj,2016-10,53,8,6,71,8,11,57,6,11,93,9,13
Cuttack,2016-10,163,28,30,289,35,43,226,31,27,336,57,43
Kalahandi,2016-10,55,8,6,74,5,9,70,9,7,65,9,9
Bhubaneswar,2016-11,205,33,34,282,51,50,246,34,43,391,58,60
Ganjam,2016-11,132,21,27,202,34,31,153,21,13,202,35,24
Koraput,2016-11,54,8,7,80,5,8,46,10,9,106,10,14
Sambalpur,2016-11,108,12,16,157,19,25,122,16,19,191,28,34
Puri,2016-11,84,14,11,123,13,18,89,11,15,178,16,24
Balasore,2016-11,94,20,13,144,25,24,111,15,14,193,24,35
Rourkela,2016-11,151,21,15,193,41,42,167,26,27,271,44,40
Mayurbhanj,2016-11,55,10,11,68,12,12,52,8,7,89,11,7
Cuttack,2016-11,161,32,21,281,51,40,230,34,35,350,60,57
Kalahandi,2016-11,57,5,10,70,15,6,72,9,1,65,14,8
Bhubaneswar,2016-12,204,23,27,283,44,45,237,38,30,389,60,73
Ganjam,2016-12,126,16,22,205,31,29,161,28,29,213,31,26
Koraput,2016-12,55,12,11,77,10,11,47,18,4,102,7,13
Sambalpur,2016-12,104,13,14,151,24,23,119,16,19,185,25,35
Puri,2016-12,87,8,12,118,17,15,85,21,19,170,30,27
Balasore,2016-12,101,18,20,145,26,15,112,14,10,182,23,23
Rourkela,2016-12,157,28,29,192,39,39,166,27,31,275,35,35
Mayurbhanj,2016-12,54,8,6,68,12,14,53,12,7,93,12,17
Cuttack,2016-12,172,24,30,292,38,37,229,26,33,353,45,51
Kalahandi,2016-12,52,7,7,79,7,10,80,6,10,71,5,9
Bhubaneswar,2017-01,200,26,35,282,57,48,245,34,33,376,46,56
Ganjam,2017-01,120,24,15,207,35,37,160,18,28,218,34,36
Koraput,2017-01,56,10,14,76,9,11,61,10,10,96,8,9
Sambalpur,2017-01,103,11,19,152,19,23,116,18,19,175,45,38
Puri,2017-01,83,11,11,120,14,16,87,15,4,173,21,25
Balasore,2017-01,99,19,27,156,18,26,116,17,10,182,24,24
Rourkela,2017-01,156,28,21,192,34,28,162,23,18,275,52,39
Mayurbhanj,2017-01,56,7,4,66,13,8,58,4,13,88,6,7
Cuttack,2017-01,166,26,20,293,37,37,222,31,30,347,40,51
Kalahandi,2017-01,52,8,10,76,9,9,76,11,10,67,12,14
Bhubaneswar,2017-02,191,29,21,291,46,32,246,34,25,366,48,51
Ganjam,2017-02,129,19,19,205,25,36,150,17,22,216,31,35
Koraput,2017-02,52,5,10,74,17,14,61,15,12,95,21,14
Sambalpur,2017-02,95,20,15,148,21,20,115,25,27,182,26,30
Puri,2017-02,83,15,15,118,20,20,98,12,14,169,20,22
Balasore,2017-02,91,14,16,148,19,25,123,20,15,182,19,22
Rourkela,2017-02,163,17,22,198,34,36,167,23,24,288,44,47
Mayurbhanj,2017-02,59,5,6,71,15,11,49,8,4,87,17,9
Cuttack,2017-02,172,13,25,293,37,44,223,31,39,336,49,44
Kalahandi,2017-02,50,7,5,76,5,8,77,9,12,65,9,15
Bhubaneswar,2017-03,199,25,38,305,43,36,255,31,33,363,55,56
Ganjam,2017-03,129,23,18,194,42,37,145,23,22,212,37,31
Koraput,2017-03,47,10,6,77,13,13,64,6,12,102,10,10
Sambalpur,2017-03,100,19,17,149,16,16,113,22,16,178,31,24
Puri,2017-03,83,19,11,118,7,8,96,10,11,167,16,21
Balasore,2017-03,89,17,14,142,18,22,128,11,14,179,26,27
Rourkela,2017-03,158,25,25,196,33,36,166,30,20,285,35,35
Mayurbhanj,2017-03,58,7,6,75,8,11,53,8,6,95,11,11
Cuttack,2017-03,160,27,28,286,45,54,215,33,37,341,40,44
Kalahandi,2017-03,52,3,3,73,13,15,74,5,10,59,8,5
Bhubaneswar,2017-04,186,31,32,312,36,36,253,35,43,362,63,63
Ganjam,2017-04,134,21,22,199,24,30,146,25,23,218,41,45
Koraput,2017-04,51,4,1,77,17,16,58,6,15,102,15,16
Sambalpur,2017-04,102,24,13,149,22,24,119,12,12,185,26,27
Puri,2017-04,91,14,20,117,19,13,95,14,12,162,21,33
Balasore,2017-04,92,10,15,138,21,23,125,24,15,178,27,27
Rourkela,2017-04,158,14,17,193,36,47,176,32,30,285,40,39
Mayurbhanj,2017-04,59,6,9,72,11,9,55,11,9,95,14,13
Cuttack,2017-04,159,29,24,277,42,49,211,42,27,337,49,47
Kalahandi,2017-04,52,6,8,71,8,11,69,8,8,62,15,13
Bhubaneswar,2017-05,185,31,26,312,42,36,245,32,45,362,57,46
Ganjam,2017-05,133,14,18,193,35,31,148,30,29,214,30,23
Koraput,2017-05,54,10,12,78,16,15,49,14,14,101,16,21
Sambalpur,2017-05,113,16,23,147,14,20,119,16,7,184,31,23
Puri,2017-05,85,10,13,123,17,20,97,11,9,150,15,22
Balasore,2017-05,87,15,8,136,14,19,134,24,20,178,20,18
Rourkela,2017-05,155,15,12,182,28,24,178,26,28,286,42,47
Mayurbhanj,2017-05,56,5,5,74,8,13,57,10,10,96,13,14
Cuttack,2017-05,164,33,25,270,40,41,226,32,33,339,62,44
Kalahandi,2017-05,50,4,6,68,6,3,69,3,7,64,12,9
Bhubaneswar,2017-06,190,25,26,318,44,43,232,36,34,373,50,44
Ganjam,2017-06,129,11,18,197,21,26,149,25,22,221,31,33
Koraput,2017-06,52,13,5,79,17,14,49,11,12,96,18,11
Sambalpur,2017-06,106,17,13,141,29,19,128,26,24,192,23,27
Puri,2017-06,82,7,6,120,15,13,99,17,16,143,21,20
Balasore,2017-06,94,12,10,131,15,15,138,19,27,180,21,27
Rourkela,2017-06,158,18,19,186,30,36,176,28,25,281,53,46
Mayurbhanj,2017-06,56,10,11,69,15,10,57,9,4,95,11,8
Cuttack,2017-06,172,29,26,269,52,29,225,32,26,357,61,52
Kalahandi,2017-06,48,5,6,71,5,7,65,6,8,67,12,11
Bhubaneswar,2017-07,189,34,24,319,32,41,234,35,23,379,53,57
Ganjam,2017-07,122,12,11,192,27,36,152,24,18,219,27,29
Koraput,2017-07,60,7,6,82,5,8,48,5,5,103,17,18
Sambalpur,2017-07,110,11,12,151,21,13,130,17,23,188,25,35
Puri,2017-07,83,15,19,122,17,18,100,9,10,144,21,26
Balasore,2017-07,96,19,12,131,24,23,130,18,17,174,25,19
Rourkela,2017-07,157,20,24,180,30,23,179,20,25,288,37,46
Mayurbhanj,2017-07,55,10,6,74,11,5,62,10,7,98,19,10
Cuttack,2017-07,175,38,23,292,48,40,231,38,35,366,53,56
Kalahandi,2017-07,47,5,8,69,11,11,63,4,6,68,10,8
Bhubaneswar,2017-08,199,23,29,310,39,38,246,38,32,375,63,34
Ganjam,2017-08,123,22,22,183,26,23,158,25,18,217,27,28
Koraput,2017-08,61,14,12,79,16,16,48,10,9,102,13,10
Sambalpur,2017-08,109,11,14,159,20,20,124,18,19,178,26,31
Puri,2017-08,79,9,14,121,17,12,99,12,12,139,23,12
Balasore,2017-08,103,14,18,132,22,18,131,17,16,180,28,25
Rourkela,2017-08,153,21,22,187,30,30,174,28,23,279,49,58
Mayurbhanj,2017-08,59,6,4,80,10,12,65,3,8,107,15,13
Cuttack,2017-08,190,32,34,300,48,46,234,29,44,363,52,51
Kalahandi,2017-08,44,6,1,69,9,6,61,6,9,70,5,9
Bhubaneswar,2017-09,193,29,28,311,40,34,252,40,35,404,43,55
Ganjam,2017-09,123,28,25,186,31,30,165,20,25,216,28,35
Koraput,2017-09,63,4,5,79,16,15,49,8,4,105,13,11
Sambalpur,2017-09,106,14,12,159,24,19,123,12,19,173,42,22
Puri,2017-09,74,13,11,126,21,15,99,19,14,150,18,24
Balasore,2017-09,99,13,10,136,21,18,132,18,14,183,28,28
Rourkela,2017-09,152,28,26,187,38,25,179,23,16,270,31,42
Mayurbhanj,2017-09,61,5,3,78,7,8,60,7,2,109,13,15
Cuttack,2017-09,188,20,21,302,50,52,219,26,32,364,45,55
Kalahandi,2017-09,49,3,4,72,11,17,58,8,11,66,10,7
Bhubaneswar,2017-10,194,37,30,317,49,54,257,41,35,392,46,42
Ganjam,2017-10,126,18,12,187,41,31,160,21,23,209,34,30
Koraput,2017-10,62,3,5,80,5,12,53,12,13,107,13,20
Sambalpur,2017-10,108,13,15,164,18,11,116,24,23,193,29,28
Puri,2017-10,76,15,13,132,24,20,104,14,12,144,21,23
Balasore,2017-10,102,17,15,139,15,20,136,19,20,183,19,29
Rourkela,2017-10,154,23,18,200,34,34,186,25,29,259,40,50
Mayurbhanj,2017-10,63,6,10,77,12,7,65,12,3,107,14,14
Cuttack,2017-10,187,26,20,300,40,36,213,32,35,354,55,50
Kalahandi,2017-10,48,6,5,66,14,21,55,4,6,69,13,12
Bhubaneswar,2017-11,201,35,28,312,48,50,263,40,42,396,52,55
Ganjam,2017-11,132,16,11,197,30,27,158,21,17,213,33,42
Koraput,2017-11,60,9,6,73,8,9,52,7,6,100,10,10
Sambalpur,2017-11,106,14,19,171,18,15,117,12,18,194,29,23
Puri,2017-11,78,18,17,136,11,16,106,15,13,142,15,18
Balasore,2017-11,104,18,14,134,20,18,135,17,23,173,32,28
Rourkela,2017-11,159,30,26,200,32,20,182,20,25,249,42,30
Mayurbhanj,2017-11,59,8,10,82,12,10,74,7,8,107,17,13
Cuttack,2017-11,193,27,31,304,53,54,210,28,36,359,42,41
Kalahandi,2017-11,49,10,6,59,7,6,53,7,9,70,12,16
Bhubaneswar,2017-12,208,30,21,310,47,53,261,29,36,393,64,47
Ganjam,2017-12,137,26,18,200,24,30,162,18,23,204,26,31
Koraput,2017-12,63,3,10,72,12,6,53,11,16,100,23,20
Sambalpur,2017-12,101,14,26,174,23,27,111,17,20,200,34,30
Puri,2017-12,79,6,4,131,17,18,108,18,15,139,27,22
Balasore,2017-12,108,15,10,136,23,21,129,15,12,177,22,26
Rourkela,2017-12,163,28,31,212,36,33,177,28,22,261,38,43
Mayurbhanj,2017-12,57,9,10,84,10,12,73,7,10,111,13,21
Cuttack,2017-12,189,27,26,303,35,44,202,24,24,360,50,54
Kalahandi,2017-12,53,8,10,60,8,5,51,10,5,66,8,9
Bhubaneswar,2018-01,217,39,30,304,38,43,254,35,31,410,53,55
Ganjam,2018-01,145,18,31,194,24,28,157,22,13,199,38,29
Koraput,2018-01,56,10,11,78,8,8,48,6,3,103,13,20
Sambalpur,2018-01,89,17,20,170,29,25,108,24,16,204,30,25
Puri,2018-01,81,9,10,130,22,22,111,21,17,144,18,28
Balasore,2018-01,113,8,14,138,12,21,132,12,23,173,30,24
Rourkela,2018-01,160,22,20,215,33,33,183,35,35,256,41,33
Mayurbhanj,2018-01,56,10,13,82,5,10,70,6,9,103,14,13
Cuttack,2018-01,190,24,26,294,46,46,202,23,31,356,40,35
Kalahandi,2018-01,51,1,10,63,7,5,56,11,12,65,13,10
Bhubaneswar,2018-02,226,38,33,299,43,37,258,44,37,408,47,53
Ganjam,2018-02,132,16,14,190,33,34,166,26,28,208,23,23
Koraput,2018-02,55,11,15,78,12,18,51,10,8,96,18,13
Sambalpur,2018-02,86,13,12,174,24,17,116,17,16,209,35,33
Puri,2018-02,80,16,16,130,17,15,115,9,20,134,20,17
Balasore,2018-02,107,10,10,129,15,26,121,17,12,179,23,23
Rourkela,2018-02,162,22,23,215,42,35,183,30,28,264,30,38
Mayurbhanj,2018-02,53,8,3,77,7,6,67,7,10,104,15,21
Cuttack,2018-02,188,26,24,294,41,51,194,33,38,361,38,59
Kalahandi,2018-02,42,7,6,65,9,5,55,6,4,68,13,12
Bhubaneswar,2018-03,231,30,42,305,44,51,265,38,40,402,63,72
Ganjam,2018-03,134,10,16,189,34,32,164,25,32,208,33,34
Koraput,2018-03,51,10,10,72,9,14,53,10,11,101,16,19
Sambalpur,2018-03,87,14,12,181,18,24,117,16,21,211,31,30
Puri,2018-03,80,11,14,132,16,22,104,21,21,137,22,20
Balasore,2018-03,107,21,15,118,22,20,126,15,13,179,31,20
Rourkela,2018-03,161,24,30,222,27,30,185,30,26,256,41,37
Mayurbhanj,2018-03,58,6,3,78,12,11,64,4,5,98,13,14
Cuttack,2018-03,190,33,27,284,39,39,189,42,24,340,49,35
Kalahandi,2018-03,43,3,0,69,9,7,57,6,12,69,10,7
Bhubaneswar,2018-04,219,34,27,298,50,45,263,39,44,393,64,60
Ganjam,2018-04,128,13,19,191,30,25,157,24,30,207,31,31
Koraput,2018-04,51,8,2,67,9,12,52,16,9,98,12,7
Sambalpur,2018-04,89,14,16,175,20,25,112,14,19,212,25,24
Puri,2018-04,77,13,7,126,25,22,104,7,10,139,19,19
Balasore,2018-04,113,17,15,120,25,24,128,13,16,190,24,30
Rourkela,2018-04,155,19,23,219,42,36,189,31,25,260,32,35
Mayurbhanj,2018-04,61,3,6,79,10,10,63,10,8,97,16,8
Cuttack,2018-04,196,40,40,284,40,43,207,34,32,354,45,45
Kalahandi,2018-04,46,8,6,71,12,15,51,6,7,72,15,14
Bhubaneswar,2018-05,226,34,32,303,46,33,258,31,35,397,50,51
Ganjam,2018-05,122,21,13,196,24,25,151,26,15,207,32,37
Koraput,2018-05,57,11,5,64,18,15,59,8,5,103,18,14
Sambalpur,2018-05,87,19,14,170,16,17,107,21,18,213,19,23
Puri,2018-05,83,9,8,129,21,18,101,14,8,139,18,17
Balasore,2018-05,115,16,21,121,29,15,125,17,20,184,27,28
Rourkela,2018-05,151,24,19,225,41,31,195,28,27,257,38,48
Mayurbhanj,2018-05,58,7,5,79,11,10,65,9,9,105,13,13
Cuttack,2018-05,196,38,32,281,35,46,209,45,32,354,47,52
Kalahandi,2018-05,48,6,4,68,14,13,50,6,5,73,9,16
Bhubaneswar,2018-06,228,23,34,316,45,43,254,41,40,396,52,61
Ganjam,2018-06,130,21,16,195,23,28,162,32,25,202,35,28
Koraput,2018-06,63,7,10,67,6,9,62,13,10,107,17,15
Sambalpur,2018-06,92,16,14,169,17,23,110,21,11,209,25,28
Puri,2018-06,84,10,11,132,13,20,107,13,14,140,28,12
Balasore,2018-06,110,14,15,135,21,19,122,11,18,183,22,20
Rourkela,2018-06,156,22,23,235,35,36,196,29,26,247,34,40
Mayurbhanj,2018-06,60,3,11,80,12,14,65,7,9,105,8,14
Cuttack,2018-06,202,28,24,270,46,39,222,33,29,349,48,38
Kalahandi,2018-06,50,3,2,69,13,11,51,11,9,66,12,9
Bhubaneswar,2018-07,217,25,35,318,49,37,255,41,38,387,59,41
Ganjam,2018-07,135,15,15,190,40,36,169,27,28,209,33,33
Koraput,2018-07,60,6,7,64,11,14,65,6,7,109,18,16
Sambalpur,2018-07,94,12,13,163,19,25,120,22,25,206,27,25
Puri,2018-07,83,16,18,125,21,14,106,12,15,156,22,17
Balasore,2018-07,109,14,12,137,17,24,115,15,14,185,16,23
Rourkela,2018-07,155,25,24,234,25,24,199,21,32,241,33,36
Mayurbhanj,2018-07,52,7,10,78,8,4,63,10,3,99,13,16
Cuttack,2018-07,206,30,30,277,50,34,226,32,26,359,71,52
Kalahandi,2018-07,51,5,4,71,10,14,53,11,9,69,12,11
Bhubaneswar,2018-08,207,22,19,330,37,53,258,37,43,405,54,56
Ganjam,2018-08,135,15,21,194,23,27,168,15,14,209,28,41
Koraput,2018-08,59,9,12,61,10,9,64,11,11,111,15,7
Sambalpur,2018-08,93,20,12,157,27,14,117,23,17,208,35,28
Puri,2018-08,81,4,8,132,20,23,103,13,9,161,20,20
Balasore,2018-08,111,12,12,130,15,19,116,20,24,178,23,24
Rourkela,2018-08,156,19,18,235,33,39,188,22,28,238,47,43
Mayurbhanj,2018-08,49,8,8,82,7,9,70,14,13,96,13,13
Cuttack,2018-08,206,30,36,293,48,36,232,36,36,378,33,63
Kalahandi,2018-08,52,4,5,67,9,8,55,6,10,70,9,8
Bhubaneswar,2018-09,210,46,43,314,51,47,252,34,41,403,68,47
Ganjam,2018-09,129,20,22,190,27,25,169,26,28,196,27,32
Koraput,2018-09,56,12,7,62,8,6,64,5,11,119,18,20
Sambalpur,2018-09,101,11,14,170,30,37,123,23,19,215,25,37
Puri,2018-09,77,11,16,129,20,13,107,16,18,161,32,23
Balasore,2018-09,111,18,8,126,14,24,112,15,22,177,21,25
Rourkela,2018-09,157,18,18,229,31,29,182,30,21,242,44,33
Mayurbhanj,2018-09,49,9,7,80,9,14,71,11,8,96,13,13
Cuttack,2018-09,200,30,34,305,48,47,232,35,32,348,50,50
Kalahandi,2018-09,51,1,4,68,7,7,51,8,12,71,6,8
Bhubaneswar,2018-10,213,21,23,318,43,37,245,33,41,424,54,59
Ganjam,2018-10,127,19,18,192,22,25,167,16,28,191,29,28
Koraput,2018-10,61,9,4,64,10,11,58,3,6,117,16,27
Sambalpur,2018-10,98,10,16,163,21,20,127,14,12,203,28,35
Puri,2018-10,72,12,8,136,24,29,105,20,26,170,23,26
Balasore,2018-10,121,14,23,116,19,18,105,23,15,173,22,19
Rourkela,2018-10,157,20,23,231,44,38,191,38,30,253,42,35
Mayurbhanj,2018-10,51,9,10,75,12,5,74,13,12,96,11,9
Cuttack,2018-10,196,17,30,306,43,34,235,29,32,348,47,59
Kalahandi,2018-10,48,3,4,68,10,7,47,4,5,69,9,10
Bhubaneswar,2018-11,211,32,29,324,30,47,237,35,41,419,59,74
Ganjam,2018-11,128,13,22,189,35,32,155,29,25,192,26,34
Koraput,2018-11,66,5,4,63,15,9,55,6,4,106,10,10
Sambalpur,2018-11,92,11,10,164,25,29,129,24,17,196,34,30
Puri,2018-11,76,16,6,131,12,16,99,10,9,167,20,27
Balasore,2018-11,112,12,6,117,23,24,113,20,12,176,37,22
Rourkela,2018-11,154,28,21,237,27,34,199,29,28,260,47,39
Mayurbhanj,2018-11,50,4,3,82,11,14,75,11,14,98,10,11
Cuttack,2018-11,183,22,27,315,55,52,232,30,25,336,49,57
Kalahandi,2018-11,47,4,7,71,4,9,46,4,10,68,6,9
Bhubaneswar,2018-12,214,30,24,307,46,35,231,34,33,404,47,65
Ganjam,2018-12,119,17,15,192,26,31,159,26,25,184,31,29
Koraput,2018-12,67,10,12,69,10,12,57,9,7,106,16,12
Sambalpur,2018-12,93,8,14,160,20,16,136,18,23,200,29,23
Puri,2018-12,86,12,11,127,28,19,100,19,15,160,20,17
Balasore,2018-12,118,17,22,116,17,24,121,19,12,191,27,19
Rourkela,2018-12,161,24,20,230,29,32,200,25,40,268,32,34
Mayurbhanj,2018-12,51,10,4,79,17,8,72,10,8,97,13,13
Cuttack,2018-12,178,31,26,318,45,53,237,25,35,328,44,35
Kalahandi,2018-12,44,4,10,66,11,12,40,6,7,65,9,10
Bhubaneswar,2019-01,220,24,27,318,39,48,232,41,28,386,59,64
Ganjam,2019-01,121,15,17,187,17,27,160,23,17,186,33,35
Koraput,2019-01,65,6,8,67,20,10,59,8,7,110,11,13
Sambalpur,2019-01,87,17,15,164,22,26,131,18,16,206,28,28
Puri,2019-01,87,7,7,136,17,19,104,15,16,163,32,24
Balasore,2019-01,113,16,13,109,18,17,128,17,23,199,18,16
Rourkela,2019-01,165,31,14,227,26,33,185,20,30,266,39,38
Mayurbhanj,2019-01,57,7,11,88,7,8,74,8,12,97,19,21
Cuttack,2019-01,183,37,29,310,46,39,227,39,27,337,55,39
Kalahandi,2019-01,38,7,7,65,11,7,39,8,12,64,8,13
Bhubaneswar,2019-02,217,31,47,309,50,50,245,47,30,381,67,52
Ganjam,2019-02,119,15,15,177,28,25,166,25,24,184,20,28
Koraput,2019-02,63,12,10,77,9,11,60,5,8,108,16,20
Sambalpur,2019-02,89,9,9,160,30,18,133,22,24,206,24,36
Puri,2019-02,87,9,16,134,23,13,103,16,7,171,27,27
Balasore,2019-02,116,13,12,110,15,16,122,19,21,201,19,25
Rourkela,2019-02,182,19,25,220,29,29,175,18,21,267,41,40
Mayurbhanj,2019-02,53,5,8,87,12,10,70,7,8,95,11,14
Cuttack,2019-02,191,24,33,317,53,44,239,27,26,353,43,62
Kalahandi,2019-02,38,5,4,69,6,12,35,6,2,59,12,12
Bhubaneswar,2019-03,201,31,29,309,46,43,262,36,31,396,76,59
Ganjam,2019-03,119,17,21,180,27,25,167,21,21,176,32,26
Koraput,2019-03,65,4,4,75,14,13,57,8,12,104,20,17
Sambalpur,2019-03,89,16,12,172,26,28,131,13,17,194,28,25
Puri,2019-03,80,12,11,144,15,13,112,11,14,171,22,33
Balasore,2019-03,117,19,21,109,18,21,120,19,14,195,21,25
Rourkela,2019-03,176,26,20,220,29,27,172,30,27,268,40,40
Mayurbhanj,2019-03,50,8,14,89,10,12,69,13,10,92,11,14
Cuttack,2019-03,182,21,27,326,47,45,240,35,34,334,63,42
Kalahandi,2019-03,39,6,6,63,4,7,39,7,5,59,13,16
Bhubaneswar,2019-04,203,36,32,312,45,40,267,23,35,413,60,68
Ganjam,2019-04,115,23,18,182,22,28,167,26,25,182,30,34
Koraput,2019-04,65,9,9,76,14,11,53,12,10,107,12,16
Sambalpur,2019-04,93,11,19,170,18,21,127,15,7,197,33,40
Puri,2019-04,81,14,13,146,16,25,109,15,18,160,24,31
Balasore,2019-04,115,15,18,106,20,21,125,18,22,191,16,19
Rourkela,2019-04,182,22,32,222,32,27,175,23,23,268,28,33
Mayurbhanj,2019-04,44,8,7,87,8,11,72,12,8,89,9,11
Cuttack,2019-04,176,29,36,328,40,51,241,42,34,355,58,46
Kalahandi,2019-04,39,7,6,60,8,3,41,8,8,56,10,9
Bhubaneswar,2019-05,207,27,20,317,41,36,255,41,44,405,49,52
Ganjam,2019-05,120,17,18,176,30,31,168,20,24,178,36,31
Koraput,2019-05,65,6,7,79,4,8,55,5,7,103,14,16
Sambalpur,2019-05,85,11,13,167,21,24,135,19,20,190,29,13
Puri,2019-05,82,10,10,137,24,18,106,16,20,153,30,26
Balasore,2019-05,112,14,16,105,21,16,121,17,22,188,26,31
Rourkela,2019-05,172,32,21,227,33,27,175,32,20,263,38,31
Mayurbhanj,2019-05,45,5,7,84,18,14,76,7,9,87,11,10
Cuttack,2019-05,169,26,22,317,36,46,249,26,35,367,48,54
Kalahandi,2019-05,40,4,4,65,13,7,41,11,11,57,12,6
Bhubaneswar,2019-06,214,36,35,322,52,49,252,39,43,402,41,66
Ganjam,2019-06,119,12,18,175,29,26,164,20,23,183,41,31
Koraput,2019-06,64,9,7,75,14,19,53,7,7,101,16,15
Sambalpur,2019-06,83,14,11,164,26,28,134,21,22,206,30,41
Puri,2019-06,82,18,13,143,20,27,102,14,12,157,27,25
Balasore,2019-06,110,15,19,110,19,19,116,21,21,183,21,22
Rourkela,2019-06,183,23,24,233,34,35,187,35,26,270,47,45
Mayurbhanj,2019-06,43,5,7,88,10,16,74,9,5,88,15,11
Cuttack,2019-06,173,18,18,307,36,41,240,37,44,361,52,42
Kalahandi,2019-06,40,5,4,71,8,8,41,3,3,63,9,5
Bhubaneswar,2019-07,215,36,28,325,43,50,248,40,36,377,61,46
Ganjam,2019-07,113,13,15,178,28,23,161,25,27,193,39,30
Koraput,2019-07,66,9,10,70,12,12,53,3,4,102,19,12
Sambalpur,2019-07,86,12,12,162,29,33,133,16,24,195,24,24
Puri,2019-07,87,12,18,136,15,13,104,12,15,159,18,14
Balasore,2019-07,106,14,14,110,21,22,116,18,23,182,15,25
Rourkela,2019-07,182,31,20,232,31,34,196,27,30,272,38,44
Mayurbhanj,2019-07,41,10,13,82,12,9,78,8,8,92,12,7
Cuttack,2019-07,173,24,30,302,52,37,233,47,31,371,55,59
Kalahandi,2019-07,41,11,6,71,10,7,41,6,6,67,15,13
Bhubaneswar,2019-08,223,32,35,318,60,49,252,40,39,392,57,55
Ganjam,2019-08,111,18,23,183,24,22,159,15,27,202,27,29
Koraput,2019-08,65,13,8,70,13,7,52,15,9,109,16,15
Sambalpur,2019-08,86,17,18,158,19,22,125,15,22,195,15,27
Puri,2019-08,81,8,11,138,21,20,101,11,20,163,21,26
Balasore,2019-08,106,16,15,109,23,18,111,15,14,172,23,28
Rourkela,2019-08,193,16,24,229,32,29,193,19,17,266,47,38
Mayurbhanj,2019-08,38,2,3,85,9,17,78,6,5,97,9,13
Cuttack,2019-08,167,36,27,317,44,30,249,30,33,367,57,61
Kalahandi,2019-08,46,7,6,74,9,10,41,7,6,69,12,11
Bhubaneswar,2019-09,220,36,28,329,52,51,253,33,36,394,49,56
Ganjam,2019-09,106,19,24,185,26,24,147,16,19,200,34,27
Koraput,2019-09,70,9,9,76,12,10,58,11,13,110,8,14
Sambalpur,2019-09,85,16,9,155,19,21,118,16,8,183,16,21
Puri,2019-09,78,8,11,139,20,23,92,15,15,158,20,29
Balasore,2019-09,107,8,11,114,19,15,112,8,5,167,32,21
Rourkela,2019-09,185,19,30,232,33,34,195,27,30,275,30,37
Mayurbhanj,2019-09,37,15,10,77,10,13,79,7,8,93,17,14
Cuttack,2019-09,176,29,27,331,44,38,246,38,32,363,35,47
Kalahandi,2019-09,47,8,8,73,9,15,42,7,7,70,10,7
Bhubaneswar,2019-10,228,36,33,330,39,45,250,40,38,387,48,55
Ganjam,2019-10,101,15,15,187,29,16,144,24,21,207,29,26
Koraput,2019-10,70,7,11,78,4,11,56,1,3,104,13,19
Sambalpur,2019-10,92,19,11,153,26,28,126,16,22,178,36,21
Puri,2019-10,75,15,12,136,16,23,92,12,10,149,27,27
Balasore,2019-10,104,10,20,118,13,14,115,19,18,178,25,26
Rourkela,2019-10,174,21,27,231,40,34,192,23,11,268,37,46
Mayurbhanj,2019-10,42,7,6,74,10,11,78,6,10,96,19,13
Cuttack,2019-10,178,25,26,337,39,47,252,32,34,351,46,56
Kalahandi,2019-10,47,5,9,67,12,9,42,4,5,73,12,16
Bhubaneswar,2019-11,231,32,31,324,46,50,252,43,37,380,53,57
Ganjam,2019-11,101,19,10,200,24,20,147,20,29,210,37,35
Koraput,2019-11,66,3,9,71,10,11,54,3,5,98,10,11
Sambalpur,2019-11,100,12,20,151,21,18,120,15,15,193,40,41
Puri,2019-11,78,8,6,129,23,21,94,15,13,149,20,19
Balasore,2019-11,94,19,11,117,25,21,116,14,15,177,37,23
Rourkela,2019-11,168,31,21,237,28,30,204,26,16,259,50,43
Mayurbhanj,2019-11,43,2,8,73,9,10,74,9,7,102,14,20
Cuttack,2019-11,177,32,36,329,40,37,250,31,45,341,42,49
Kalahandi,2019-11,43,8,10,70,6,10,41,5,7,69,11,11
Bhubaneswar,2019-12,232,28,34,320,56,45,258,41,47,376,40,49
Ganjam,2019-12,110,15,11,204,28,22,138,17,23,212,29,25
Koraput,2019-12,60,6,5,70,9,9,52,11,11,97,16,19
Sambalpur,2019-12,92,19,17,154,23,23,120,19,20,192,27,27
Puri,2019-12,80,5,5,131,18,20,96,13,15,150,17,22
Balasore,2019-12,102,20,14,121,21,14,115,16,22,191,28,29
Rourkela,2019-12,178,27,27,235,26,35,214,31,30,266,34,45
Mayurbhanj,2019-12,37,6,2,72,11,10,76,12,15,96,10,6
Cuttack,2019-12,173,31,27,332,43,41,236,34,32,334,50,45
Kalahandi,2019-12,41,9,5,66,10,14,39,7,1,69,15,11
Bhubaneswar,2020-01,226,34,36,331,46,56,252,46,40,367,54,57
Ganjam,2020-01,114,14,12,210,26,28,132,17,15,216,32,36
Koraput,2020-01,61,5,6,70,15,13,52,7,1,94,21,12
Sambalpur,2020-01,94,13,10,154,31,29,119,13,10,192,24,27
Puri,2020-01,80,4,12,129,17,13,94,10,10,145,18,22
Balasore,2020-01,108,14,16,128,17,15,109,18,13,190,31,27
Rourkela,2020-01,178,21,16,226,31,37,215,27,27,255,31,36
Mayurbhanj,2020-01,41,14,8,73,13,10,73,7,14,100,8,9
Cuttack,2020-01,177,21,22,334,58,61,238,19,27,339,47,56
Kalahandi,2020-01,45,6,6,62,9,9,45,11,10,73,12,7
Bhubaneswar,2020-02,224,27,34,321,45,49,258,29,39,364,61,45
Ganjam,2020-02,116,18,14,208,32,31,134,16,14,212,31,27
Koraput,2020-02,60,5,10,72,10,10,58,11,12,103,23,18
Sambalpur,2020-02,97,13,19,156,24,32,122,15,13,189,29,21
Puri,2020-02,72,11,12,133,18,21,94,16,18,141,22,21
Balasore,2020-02,106,15,18,130,25,14,114,17,16,194,17,21
Rourkela,2020-02,183,21,19,220,22,17,215,25,38,250,34,42
Mayurbhanj,2020-02,47,3,7,76,7,14,66,11,13,99,13,12
Cuttack,2020-02,176,29,22,331,38,40,230,36,35,330,42,42
Kalahandi,2020-02,45,8,8,62,5,2,46,4,9,78,9,11
Bhubaneswar,2020-03,217,36,33,317,47,50,248,33,34,380,57,45
Ganjam,2020-03,120,18,14,209,28,17,136,17,20,216,37,38
Koraput,2020-03,55,5,10,72,11,7,57,10,4,108,11,10
Sambalpur,2020-03,91,12,15,148,24,25,124,15,19,197,31,31
Puri,2020-03,71,12,7,130,12,16,92,14,11,142,25,32
Balasore,2020-03,103,20,15,141,29,20,115,15,16,190,28,33
Rourkela,2020-03,185,24,23,225,35,33,202,30,28,242,31,42
Mayurbhanj,2020-03,43,6,4,69,13,10,64,15,8,100,19,15
Cuttack,2020-03,183,20,23,329,36,52,231,36,34,330,50,50
Kalahandi,2020-03,45,2,3,65,5,10,41,5,8,76,12,14
Bhubaneswar,2020-04,220,32,29,314,39,32,247,30,28,392,65,74
Ganjam,2020-04,124,13,13,220,22,24,133,21,15,215,20,30
Koraput,2020-04,50,10,8,76,9,5,63,9,8,109,12,23
Sambalpur,2020-04,88,8,12,147,26,28,120,23,19,197,33,28
Puri,2020-04,76,14,17,126,13,14,95,18,11,135,30,15
Balasore,2020-04,108,22,21,150,23,18,114,10,9,185,24,34
Rourkela,2020-04,186,22,35,227,27,20,204,23,30,231,51,35
Mayurbhanj,2020-04,45,6,7,72,14,17,71,6,5,104,14,18
Cuttack,2020-04,180,28,22,313,41,55,233,39,35,330,44,44
Kalahandi,2020-04,44,7,13,60,10,14,38,9,5,74,5,8
Bhubaneswar,2020-05,223,26,31,321,48,51,249,43,33,383,47,43
Ganjam,2020-05,124,16,18,218,29,35,139,24,22,205,27,37
Koraput,2020-05,52,11,8,80,16,16,64,8,14,98,17,12
Sambalpur,2020-05,84,14,8,145,26,24,124,17,17,202,27,33
Puri,2020-05,73,14,11,125,16,16,102,10,13,150,28,28
Balasore,2020-05,109,12,17,155,17,22,115,14,14,175,24,25
Rourkela,2020-05,173,17,28,234,41,39,197,36,29,247,51,44
Mayurbhanj,2020-05,44,6,6,69,7,11,72,5,14,100,15,10
Cuttack,2020-05,186,28,24,299,43,33,237,28,31,330,53,49
Kalahandi,2020-05,38,7,4,56,6,3,42,8,11,71,5,6
Bhubaneswar,2020-06,218,29,37,318,45,34,259,32,45,387,42,54
Ganjam,2020-06,122,20,18,212,31,23,141,18,12,195,33,29
Koraput,2020-06,55,14,10,80,11,8,58,10,16,103,15,14
Sambalpur,2020-06,90,13,14,147,24,20,124,15,17,196,23,30
Puri,2020-06,76,9,8,125,13,12,99,11,9,150,22,32
Balasore,2020-06,104,18,14,150,18,26,115,16,14,174,20,26
Rourkela,2020-06,162,18,16,236,35,33,204,36,37,254,45,45
Mayurbhanj,2020-06,44,8,10,65,6,9,63,6,11,105,13,9
Cuttack,2020-06,190,27,25,309,43,46,234,40,35,334,61,50
Kalahandi,2020-06,41,6,9,59,8,9,39,7,7,70,12,20
Bhubaneswar,2020-07,210,36,19,329,51,57,246,47,38,375,61,61
Ganjam,2020-07,124,24,15,220,19,32,147,19,20,199,39,40
Koraput,2020-07,59,7,15,83,13,8,52,13,8,104,18,24
Sambalpur,2020-07,89,17,19,151,15,17,122,25,14,189,24,24
Puri,2020-07,77,9,9,126,23,19,101,20,15,140,22,25
Balasore,2020-07,108,14,8,142,23,25,117,13,15,168,30,19
Rourkela,2020-07,164,24,19,238,30,41,203,20,38,254,53,31
Mayurbhanj,2020-07,42,2,9,62,12,9,58,6,9,109,9,18
Cuttack,2020-07,192,28,36,306,45,40,239,36,50,345,42,51
Kalahandi,2020-07,38,2,0,58,11,13,39,8,6,62,8,6
Bhubaneswar,2020-08,227,32,33,323,33,50,255,41,34,375,56,66
Ganjam,2020-08,133,19,17,207,14,32,146,23,30,198,27,29
Koraput,2020-08,51,6,7,88,17,9,57,7,8,98,18,16
Sambalpur,2020-08,87,19,15,149,14,15,133,21,22,189,29,24
Puri,2020-08,77,14,13,130,18,23,106,17,16,137,23,21
Balasore,2020-08,114,16,16,140,28,30,115,25,20,179,18,24
Rourkela,2020-08,169,25,28,227,33,27,185,28,21,276,51,38
Mayurbhanj,2020-08,35,13,3,65,9,4,55,12,12,100,7,11
Cuttack,2020-08,184,28,23,311,61,53,225,43,32,336,47,46
Kalahandi,2020-08,40,4,3,56,8,7,41,7,8,64,13,15
Bhubaneswar,2020-09,226,23,26,306,46,45,262,33,41,365,56,49
Ganjam,2020-09,135,13,14,189,40,35,139,22,17,196,23,35
Koraput,2020-09,50,9,6,96,9,11,56,7,7,100,11,17
Sambalpur,2020-09,91,16,8,148,29,24,132,21,21,194,25,26
Puri,2020-09,78,15,5,125,17,22,107,14,16,139,31,25
Balasore,2020-09,114,13,15,138,26,21,120,19,16,173,17,23
Rourkela,2020-09,166,16,22,233,31,40,192,28,32,289,45,51
Mayurbhanj,2020-09,45,10,6,70,9,12,55,11,8,96,14,10
Cuttack,2020-09,189,24,24,319,34,48,236,37,42,337,46,38
Kalahandi,2020-09,41,3,6,57,6,7,40,8,11,62,10,10
Bhubaneswar,2020-10,223,34,34,307,47,38,254,26,39,372,55,52
Ganjam,2020-10,134,18,20,194,34,31,144,19,24,184,32,17
Koraput,2020-10,53,10,7,94,13,17,56,14,10,94,17,13
Sambalpur,2020-10,99,10,12,153,20,18,132,19,22,193,24,26
Puri,2020-10,88,13,15,120,12,16,105,19,9,145,23,28
Balasore,2020-10,112,21,23,143,17,18,123,19,18,167,22,22
Rourkela,2020-10,160,23,20,224,30,30,188,30,20,283,48,40
Mayurbhanj,2020-10,49,6,7,67,7,5,58,5,8,100,9,11
Cuttack,2020-10,189,27,32,305,49,36,231,42,30,345,46,40
Kalahandi,2020-10,38,9,5,56,7,6,37,6,6,62,13,10
Bhubaneswar,2020-11,223,26,35,316,43,35,241,35,32,375,58,51
Ganjam,2020-11,132,23,19,197,26,25,139,27,22,199,32,34
Koraput,2020-11,56,5,7,90,7,10,60,10,13,98,12,8
Sambalpur,2020-11,97,15,14,155,20,11,129,18,21,191,34,27
Puri,2020-11,86,8,15,116,22,24,115,9,15,140,21,24
Balasore,2020-11,110,13,16,142,19,22,124,18,18,167,30,17
Rourkela,2020-11,163,25,27,224,41,25,198,25,26,291,46,39
Mayurbhanj,2020-11,48,6,6,69,9,9,55,11,8,98,18,25
Cuttack,2020-11,184,32,18,318,46,39,243,37,42,351,56,48
Kalahandi,2020-11,42,6,5,57,8,10,37,5,4,65,12,9
Bhubaneswar,2020-12,214,32,28,324,44,59,244,30,32,382,40,47
Ganjam,2020-12,136,14,11,198,23,29,144,18,25,197,32,29
Koraput,2020-12,54,15,5,87,12,14,57,10,6,102,23,14
Sambalpur,2020-12,98,15,13,164,22,24,126,18,18,198,17,19
Puri,2020-12,79,14,8,114,24,14,109,18,14,137,29,34
Balasore,2020-12,107,15,11,139,27,24,124,16,8,180,27,33
Rourkela,2020-12,161,19,28,240,36,36,197,34,33,298,40,43
Mayurbhanj,2020-12,48,8,5,69,13,13,58,9,10,91,17,22
Cuttack,2020-12,198,23,31,325,33,38,238,45,32,359,51,47
Kalahandi,2020-12,43,8,9,55,9,8,38,12,7,68,9,9
Bhubaneswar,2021-01,218,25,26,309,52,43,242,38,35,375,47,45
Ganjam,2021-01,139,21,21,192,32,29,137,16,20,200,35,31
Koraput,2021-01,64,7,10,85,10,20,61,11,10,111,15,11
Sambalpur,2021-01,100,17,12,162,18,15,126,16,22,196,31,32
Puri,2021-01,85,12,15,124,15,25,113,6,13,132,23,29
Balasore,2021-01,111,7,13,142,29,27,132,21,22,174,24,30
Rourkela,2021-01,152,18,19,240,28,26,198,33,30,295,34,36
Mayurbhanj,2021-01,51,8,9,69,8,9,57,8,7,86,18,16
Cuttack,2021-01,190,27,19,320,47,42,251,32,26,363,49,52
Kalahandi,2021-01,42,9,3,56,14,10,43,4,2,68,10,7
Bhubaneswar,2021-02,217,17,31,318,29,40,245,37,28,377,73,55
Ganjam,2021-02,139,17,30,195,20,31,133,13,15,204,33,37
Koraput,2021-02,61,7,5,75,16,19,62,11,16,115,14,18
Sambalpur,2021-02,105,15,13,165,17,22,120,23,21,195,29,24
Puri,2021-02,82,10,8,114,18,14,106,15,17,126,26,11
Balasore,2021-02,105,18,16,144,19,22,131,20,23,168,23,24
Rourkela,2021-02,151,32,23,242,29,42,201,32,28,293,33,43
Mayurbhanj,2021-02,50,7,6,68,9,13,58,5,6,88,12,5
Cuttack,2021-02,198,30,32,325,46,50,257,33,31,360,50,58
Kalahandi,2021-02,48,4,5,60,10,8,45,5,4,71,8,11
Bhubaneswar,2021-03,203,33,24,307,48,36,254,45,32,395,56,50
Ganjam,2021-03,126,15,17,184,23,21,131,19,21,200,37,29
Koraput,2021-03,63,11,13,72,16,5,57,7,11,111,12,16
Sambalpur,2021-03,107,18,11,160,25,24,122,18,12,200,22,25
Puri,2021-03,84,19,9,118,19,20,104,12,24,141,21,17
Balasore,2021-03,107,16,8,141,17,15,128,14,16,167,25,24
Rourkela,2021-03,160,22,18,229,32,27,205,37,30,283,34,39
Mayurbhanj,2021-03,51,6,1,64,9,10,57,15,13,95,11,14
Cuttack,2021-03,196,31,30,321,48,46,259,35,36,352,45,54
Kalahandi,2021-03,47,6,8,62,13,8,46,4,9,68,3,5
Bhubaneswar,2021-04,212,32,31,319,48,54,267,32,37,401,69,66
Ganjam,2021-04,124,18,12,186,32,25,129,23,31,208,37,27
Koraput,2021-04,61,12,4,83,12,13,53,9,14,107,29,13
Sambalpur,2021-04,114,23,18,161,21,29,128,18,21,197,22,27
Puri,2021-04,94,12,14,117,15,15,92,19,17,145,20,18
Balasore,2021-04,115,21,13,143,20,34,126,10,11,168,19,24
Rourkela,2021-04,164,26,28,234,21,31,212,26,27,278,31,30
Mayurbhanj,2021-04,56,8,6,63,5,9,59,7,8,92,14,13
Cuttack,2021-04,197,23,28,323,40,38,258,38,42,343,49,42
Kalahandi,2021-04,45,10,10,67,12,12,41,6,9,66,10,9
Bhubaneswar,2021-05,213,31,28,313,50,55,262,42,39,404,57,53
Ganjam,2021-05,130,16,19,193,16,29,121,32,31,218,29,36
Koraput,2021-05,69,12,6,82,14,14,48,11,8,123,9,15
Sambalpur,2021-05,119,7,13,153,27,19,125,20,17,192,25,29
Puri,2021-05,92,12,15,117,24,22,94,15,10,147,20,20
Balasore,2021-05,123,16,22,129,24,19,125,14,22,163,23,22
Rourkela,2021-05,162,21,19,224,38,34,211,33,28,279,37,36
Mayurbhanj,2021-05,58,12,10,59,9,9,58,13,10,93,11,9
Cuttack,2021-05,192,31,29,325,51,55,254,37,24,350,56,52
Kalahandi,2021-05,45,9,8,67,11,4,38,8,3,67,6,16
Bhubaneswar,2021-06,216,39,27,308,50,39,265,38,41,408,56,60
Ganjam,2021-06,127,25,16,180,34,35,122,30,18,211,28,26
Koraput,2021-06,75,9,8,82,12,12,51,12,9,117,18,12
Sambalpur,2021-06,113,23,11,161,15,17,128,23,19,188,28,30
Puri,2021-06,89,11,14,119,20,19,99,26,25,147,29,38
Balasore,2021-06,117,18,14,134,18,11,117,17,14,164,25,27
Rourkela,2021-06,164,20,38,228,30,40,216,28,28,280,34,39
Mayurbhanj,2021-06,60,4,7,59,15,11,61,12,13,95,12,10
Cuttack,2021-06,194,35,27,321,43,42,267,24,30,354,50,68
Kalahandi,2021-06,46,5,6,74,10,5,43,11,7,57,9,14
Bhubaneswar,2021-07,228,33,29,319,40,49,262,41,45,404,52,63
Ganjam,2021-07,136,16,28,179,28,29,134,12,13,213,42,46
Koraput,2021-07,76,12,8,82,13,9,54,7,3,123,16,16
Sambalpur,2021-07,125,18,10,159,19,22,132,15,13,186,19,28
Puri,2021-07,86,12,10,120,15,14,100,17,19,138,14,11
Balasore,2021-07,121,19,17,141,20,18,120,13,15,162,27,27
Rourkela,2021-07,146,19,23,218,38,31,216,40,26,275,48,29
Mayurbhanj,2021-07,57,9,9,63,8,7,60,5,8,97,14,16
Cuttack,2021-07,202,24,26,322,34,46,261,48,48,336,52,44
Kalahandi,2021-07,45,5,3,79,6,8,47,9,8,52,11,8
Bhubaneswar,2021-08,232,41,38,310,43,52,258,34,40,393,45,54
Ganjam,2021-08,124,24,23,178,27,20,133,18,14,209,35,34
Koraput,2021-08,80,12,13,86,11,15,58,10,13,123,13,12
Sambalpur,2021-08,133,14,19,156,13,22,134,12,15,177,18,22
Puri,2021-08,88,14,9,121,26,27,98,12,11,141,31,18
Balasore,2021-08,123,13,16,143,20,18,118,21,19,162,34,32
Rourkela,2021-08,142,20,23,225,38,20,230,31,28,294,27,42
Mayurbhanj,2021-08,57,5,9,64,14,7,57,15,15,95,11,14
Cuttack,2021-08,200,27,26,310,34,41,261,29,49,344,48,36
Kalahandi,2021-08,47,8,9,77,10,13,48,5,5,55,16,9
Bhubaneswar,2021-09,235,32,29,301,49,40,252,36,29,384,48,41
Ganjam,2021-09,125,21,18,185,28,28,137,22,16,210,34,35
Koraput,2021-09,79,7,10,82,12,19,55,10,9,124,24,13
Sambalpur,2021-09,128,14,16,147,19,15,131,20,20,173,24,29
Puri,2021-09,93,11,12,120,23,21,99,21,23,154,23,23
Balasore,2021-09,120,18,15,145,19,23,120,9,15,164,26,22
Rourkela,2021-09,139,24,22,243,40,40,233,22,25,279,52,39
Mayurbhanj,2021-09,53,5,10,71,8,9,57,11,6,92,9,10
Cuttack,2021-09,201,26,30,303,34,49,241,27,36,356,48,65
Kalahandi,2021-09,46,6,7,74,7,13,48,8,7,62,9,8
Bhubaneswar,2021-10,238,34,32,310,45,35,259,32,33,391,55,46
Ganjam,2021-10,128,21,23,185,26,26,143,19,21,209,26,22
Koraput,2021-10,76,7,14,75,8,7,56,14,8,135,12,12
Sambalpur,2021-10,126,9,16,151,17,17,131,16,20,168,18,28
Puri,2021-10,92,5,8,122,14,20,97,7,12,154,18,21
Balasore,2021-10,123,12,20,141,18,19,114,20,17,168,31,24
Rourkela,2021-10,141,23,15,243,25,33,230,20,21,292,37,42
Mayurbhanj,2021-10,48,9,15,70,7,8,62,3,10,91,12,12
Cuttack,2021-10,197,32,27,288,31,42,232,40,36,339,65,55
Kalahandi,2021-10,45,5,5,68,12,11,49,7,7,63,15,10
Bhubaneswar,2021-11,240,40,36,320,49,42,258,37,39,400,56,64
Ganjam,2021-11,126,20,27,185,17,26,141,19,23,213,35,26
Koraput,2021-11,69,7,4,76,14,15,62,7,11,135,14,20
Sambalpur,2021-11,119,14,20,151,20,17,127,16,20,158,20,28
Puri,2021-11,89,17,17,116,23,20,92,11,14,151,20,17
Balasore,2021-11,115,15,11,140,16,17,117,6,11,175,24,25
Rourkela,2021-11,149,22,22,235,32,32,229,28,38,287,41,43
Mayurbhanj,2021-11,42,8,6,69,10,11,55,9,5,91,16,12
Cuttack,2021-11,202,17,27,277,35,34,236,37,34,349,56,57
Kalahandi,2021-11,45,5,9,69,9,7,49,8,5,68,8,10
Bhubaneswar,2021-12,244,35,30,327,34,52,256,43,47,392,59,49
Ganjam,2021-12,119,17,21,176,23,28,137,24,21,222,27,32
Koraput,2021-12,72,6,10,75,16,5,58,10,6,129,10,14
Sambalpur,2021-12,113,18,17,154,10,17,123,23,20,150,27,20
Puri,2021-12,89,13,14,119,11,22,89,17,19,154,22,20
Balasore,2021-12,119,16,10,139,21,28,112,14,17,174,24,21
Rourkela,2021-12,149,22,28,235,41,29,219,32,31,285,30,32
Mayurbhanj,2021-12,44,7,5,68,12,13,59,14,10,95,13,7
Cuttack,2021-12,192,30,24,278,38,47,239,25,37,348,47,40
Kalahandi,2021-12,41,6,3,71,13,14,52,6,4,66,14,14
Bhubaneswar,2022-01,249,35,30,309,43,34,252,39,36,402,56,56
Ganjam,2022-01,115,9,16,171,28,29,140,23,23,217,30,28
Koraput,2022-01,68,5,10,86,8,13,62,9,9,125,18,22
Sambalpur,2022-01,114,18,22,147,23,17,126,19,12,157,23,18
Puri,2022-01,88,13,10,108,16,13,87,14,14,156,21,20
Balasore,2022-01,125,13,16,132,19,21,109,16,13,177,25,16
Rourkela,2022-01,143,24,15,247,35,42,220,20,30,283,43,41
Mayurbhanj,2022-01,46,4,7,67,17,13,63,16,8,101,10,12
Cuttack,2022-01,198,36,32,269,33,41,227,43,33,355,48,50
Kalahandi,2022-01,44,10,4,70,10,11,54,10,2,66,13,6
Bhubaneswar,2022-02,254,39,40,318,53,57,255,39,38,402,58,68
Ganjam,2022-02,108,8,12,170,21,22,140,24,18,219,34,25
Koraput,2022-02,63,4,8,81,6,8,62,15,9,121,15,17
Sambalpur,2022-02,110,19,22,153,27,15,133,14,20,162,20,19
Puri,2022-02,91,13,6,111,15,16,87,16,17,157,23,21
Balasore,2022-02,122,12,15,130,21,21,112,8,13,186,15,30
Rourkela,2022-02,152,24,19,240,34,30,210,27,41,285,40,40
Mayurbhanj,2022-02,43,14,9,71,16,13,71,6,8,99,13,21
Cuttack,2022-02,202,25,25,261,46,25,237,30,31,353,50,54
Kalahandi,2022-02,50,1,9,69,10,11,62,5,5,73,8,11
Bhubaneswar,2022-03,253,26,36,314,48,44,256,35,46,392,53,50
Ganjam,2022-03,104,21,14,169,22,31,146,20,29,228,30,28
Koraput,2022-03,59,14,12,79,17,14,68,7,10,119,16,23
Sambalpur,2022-03,107,13,18,165,17,13,127,14,17,163,32,21
Puri,2022-03,98,17,13,110,14,10,86,20,12,159,24,27
Balasore,2022-03,119,12,11,130,13,18,107,11,12,171,32,21
Rourkela,2022-03,157,16,17,244,31,41,196,22,28,285,46,45
Mayurbhanj,2022-03,48,3,6,74,13,12,69,5,4,91,9,16
Cuttack,2022-03,202,27,28,282,45,33,236,28,33,349,45,50
Kalahandi,2022-03,42,10,9,68,9,7,62,5,5,70,14,17
Bhubaneswar,2022-04,243,37,31,318,56,46,245,25,24,395,42,41
Ganjam,2022-04,111,18,25,160,27,22,137,16,24,230,26,30
Koraput,2022-04,61,5,10,82,8,12,65,5,5,112,12,14
Sambalpur,2022-04,102,12,14,169,27,27,124,15,15,174,23,26
Puri,2022-04,102,10,11,114,20,19,94,13,22,156,18,30
Balasore,2022-04,120,9,11,125,25,17,106,14,15,182,27,27
Rourkela,2022-04,156,28,27,234,31,34,190,26,23,286,41,40
Mayurbhanj,2022-04,45,9,12,75,14,16,70,8,9,84,17,7
Cuttack,2022-04,201,24,32,294,43,52,231,30,37,344,50,56
Kalahandi,2022-04,43,10,8,70,15,13,62,10,10,67,9,9
Bhubaneswar,2022-05,249,27,34,328,36,31,246,38,36,396,54,56
Ganjam,2022-05,104,20,10,165,20,20,129,24,23,226,46,29
Koraput,2022-05,56,15,11,78,15,15,65,11,8,110,9,13
Sambalpur,2022-05,100,15,20,169,25,21,124,28,17,171,24,30
Puri,2022-05,101,11,14,115,17,22,85,14,12,144,10,20
Balasore,2022-05,118,21,21,133,22,21,105,13,12,182,34,33
Rourkela,2022-05,157,20,16,231,40,38,193,24,27,287,33,41
Mayurbhanj,2022-05,42,13,7,73,8,3,69,9,6,94,15,13
Cuttack,2022-05,193,27,36,285,39,31,224,44,35,338,50,51
Kalahandi,2022-05,45,5,8,72,9,3,62,7,12,67,14,7
Bhubaneswar,2022-06,242,31,34,333,45,44,248,31,30,394,55,54
Ganjam,2022-06,114,14,16,165,19,24,130,25,20,243,27,34
Koraput,2022-06,60,12,11,78,10,9,68,14,9,106,11,19
Sambalpur,2022-06,95,17,19,173,19,21,135,25,15,165,22,22
Puri,2022-06,98,11,13,110,14,17,87,9,18,134,18,20
Balasore,2022-06,118,12,15,134,18,15,106,10,13,183,25,22
Rourkela,2022-06,161,23,18,233,37,42,190,29,27,279,52,54
Mayurbhanj,2022-06,48,10,6,78,9,11,72,11,5,96,10,9
Cuttack,2022-06,184,25,28,293,48,35,233,32,28,337,52,45
Kalahandi,2022-06,42,5,5,78,10,9,57,8,11,74,16,10
Bhubaneswar,2022-07,239,21,32,334,49,48,249,34,39,395,46,56
Ganjam,2022-07,112,14,15,160,20,25,135,12,21,236,43,31
Koraput,2022-07,61,8,5,79,7,9,73,13,10,98,13,5
Sambalpur,2022-07,93,16,16,171,27,26,145,17,27,165,29,24
Puri,2022-07,96,17,12,107,10,10,78,17,17,132,25,21
Balasore,2022-07,115,12,17,137,16,23,103,15,12,186,20,17
Rourkela,2022-07,166,22,20,228,22,29,192,35,33,277,43,43
Mayurbhanj,2022-07,52,6,12,76,12,11,78,10,12,97,13,11
Cuttack,2022-07,181,24,32,306,40,43,237,46,32,344,54,54
Kalahandi,2022-07,42,3,4,79,12,13,54,11,12,80,7,9
Bhubaneswar,2022-08,228,32,36,335,45,53,244,34,32,385,48,46
Ganjam,2022-08,111,13,11,155,32,22,126,23,17,248,39,34
Koraput,2022-08,64,14,5,77,16,18,76,11,10,106,17,17
Sambalpur,2022-08,93,15,10,172,30,21,135,19,21,170,24,30
Puri,2022-08,101,11,8,107,17,12,78,15,5,136,21,13
Balasore,2022-08,110,13,15,130,23,22,106,16,21,189,18,36
Rourkela,2022-08,168,26,24,221,24,22,194,22,31,277,42,46
Mayurbhanj,2022-08,46,7,15,77,9,10,76,12,9,99,16,14
Cuttack,2022-08,173,34,27,303,45,33,251,41,41,344,40,46
Kalahandi,2022-08,41,5,9,78,7,7,53,1,4,78,11,13
Bhubaneswar,2022-09,224,27,39,327,38,45,246,35,33,387,56,62
Ganjam,2022-09,113,21,9,165,22,19,132,21,18,253,18,25
Koraput,2022-09,73,9,8,75,9,10,77,14,11,106,16,15
Sambalpur,2022-09,98,11,11,181,20,34,133,17,20,164,24,21
Puri,2022-09,104,11,13,112,10,9,88,12,10,144,29,21
Balasore,2022-09,108,16,14,131,32,16,101,9,15,171,21,21
Rourkela,2022-09,170,18,32,223,40,31,185,24,31,273,49,48
Mayurbhanj,2022-09,38,4,5,76,17,17,79,6,9,101,10,11
Cuttack,2022-09,180,25,30,315,46,42,251,32,41,338,60,52
Kalahandi,2022-09,37,5,3,78,8,7,50,7,7,76,10,8
Bhubaneswar,2022-10,212,26,30,320,47,43,248,41,42,381,48,41
Ganjam,2022-10,125,18,19,168,32,32,135,16,16,246,33,35
Koraput,2022-10,74,6,9,74,11,15,80,13,9,107,13,12
Sambalpur,2022-10,98,20,16,167,26,38,130,18,21,167,19,17
Puri,2022-10,102,9,11,113,14,20,90,13,16,152,21,21
Balasore,2022-10,110,11,14,147,18,21,95,12,10,171,31,29
Rourkela,2022-10,156,22,26,232,43,35,178,24,32,274,38,40
Mayurbhanj,2022-10,37,4,8,76,18,11,76,6,12,100,13,10
Cuttack,2022-10,175,32,31,319,39,48,242,17,37,346,45,57
Kalahandi,2022-10,39,7,5,79,5,7,50,3,10,78,14,13
Bhubaneswar,2022-11,208,34,24,324,40,39,247,35,30,388,64,58
Ganjam,2022-11,124,18,11,168,32,26,135,21,26,244,34,30
Koraput,2022-11,71,4,15,70,16,10,84,15,8,108,11,13
Sambalpur,2022-11,102,22,23,155,21,22,127,17,12,169,30,20
Puri,2022-11,100,12,9,107,18,20,87,18,12,152,25,22
Balasore,2022-11,107,16,24,144,23,26,97,20,16,173,20,24
Rourkela,2022-11,152,17,21,240,33,33,170,25,25,272,55,43
Mayurbhanj,2022-11,33,7,4,83,6,16,70,4,12,103,18,18
Cuttack,2022-11,176,30,30,310,53,36,222,37,31,334,58,53
Kalahandi,2022-11,41,7,7,77,11,5,43,13,5,79,14,7
Bhubaneswar,2022-12,218,31,24,325,49,50,252,40,39,394,43,51
Ganjam,2022-12,131,20,16,174,22,16,130,21,26,248,31,31
Koraput,2022-12,60,5,4,76,11,9,91,5,13,106,23,13
Sambalpur,2022-12,101,14,14,154,24,24,132,20,13,179,30,23
Puri,2022-12,103,13,16,105,16,21,93,11,11,155,27,27
Balasore,2022-12,99,14,17,141,21,22,101,22,20,169,18,23
Rourkela,2022-12,148,22,20,240,26,23,170,27,30,284,31,44
Mayurbhanj,2022-12,36,10,7,73,11,8,62,8,8,103,9,10
Cuttack,2022-12,176,25,25,327,33,40,228,26,29,339,51,65
Kalahandi,2022-12,41,7,7,83,7,6,51,4,6,86,9,15
Bhubaneswar,2023-01,225,32,39,324,45,38,253,25,36,386,57,49
Ganjam,2023-01,135,19,21,180,25,26,125,19,19,248,39,33
Koraput,2023-01,61,6,5,78,10,14,83,6,10,116,19,31
Sambalpur,2023-01,101,12,8,154,16,27,139,20,18,186,27,19
Puri,2023-01,100,14,18,100,9,13,93,20,17,155,17,21
Balasore,2023-01,96,10,12,140,15,19,103,19,15,164,31,25
Rourkela,2023-01,150,27,32,243,20,36,167,20,25,271,52,42
Mayurbhanj,2023-01,39,6,7,76,11,12,62,12,12,102,14,20
Cuttack,2023-01,176,25,27,320,38,37,225,34,35,325,57,47
Kalahandi,2023-01,41,7,3,84,10,12,49,6,7,80,13,15
Bhubaneswar,2023-02,218,29,20,331,48,54,242,36,33,394,61,55
Ganjam,2023-02,133,20,21,179,29,22,125,24,26,254,32,36
Koraput,2023-02,62,11,13,74,12,10,79,6,8,104,15,19
Sambalpur,2023-02,105,16,11,143,36,28,141,16,21,194,26,32
Puri,2023-02,96,9,12,96,20,20,96,11,8,151,18,11
Balasore,2023-02,94,13,9,136,21,20,107,19,21,170,25,27
Rourkela,2023-02,145,13,15,227,29,28,162,31,25,281,42,42
Mayurbhanj,2023-02,38,4,3,75,7,6,62,7,9,96,11,23
Cuttack,2023-02,174,26,18,321,52,40,224,34,44,335,54,50
Kalahandi,2023-02,45,7,6,82,5,9,48,8,8,78,11,5
Bhubaneswar,2023-03,227,31,32,325,31,44,245,31,42,400,56,50
Ganjam,2023-03,132,21,21,186,24,21,123,28,17,250,26,33
Koraput,2023-03,60,10,7,76,14,11,77,9,14,100,17,10
Sambalpur,2023-03,110,11,14,151,25,19,136,20,21,188,25,21
Puri,2023-03,93,7,9,96,13,18,99,16,15,158,30,28
Balasore,2023-03,98,17,14,137,20,14,105,17,14,168,32,29
Rourkela,2023-03,143,24,19,228,37,39,168,24,20,281,45,36
Mayurbhanj,2023-03,39,8,5,76,16,21,60,6,10,84,20,14
Cuttack,2023-03,182,33,21,333,47,37,214,36,39,339,58,48
Kalahandi,2023-03,46,6,3,78,10,10,48,4,6,84,9,19
Bhubaneswar,2023-04,226,24,34,312,49,51,234,34,34,406,61,51
Ganjam,2023-04,132,13,17,189,31,33,134,18,13,243,28,22
Koraput,2023-04,63,9,8,79,17,12,72,19,14,107,12,13
Sambalpur,2023-04,107,10,9,157,23,24,135,21,16,192,24,17
Puri,2023-04,91,9,12,91,26,13,100,13,9,160,18,26
Balasore,2023-04,101,12,13,143,29,25,108,17,18,171,23,23
Rourkela,2023-04,148,25,23,226,24,33,172,24,18,290,38,38
Mayurbhanj,2023-04,42,8,2,71,11,18,56,7,5,90,14,15
Cuttack,2023-04,194,23,29,343,52,52,211,28,22,349,47,60
Kalahandi,2023-04,49,3,5,78,9,12,46,7,8,74,3,7
Bhubaneswar,2023-05,216,24,27,310,41,51,234,36,32,416,54,81
Ganjam,2023-05,128,16,15,187,33,21,139,20,19,249,34,41
Koraput,2023-05,64,2,8,84,11,14,77,6,12,106,14,10
Sambalpur,2023-05,108,9,19,156,29,28,140,13,20,199,26,23
Puri,2023-05,88,14,8,104,24,21,104,15,20,152,34,31
Balasore,2023-05,100,15,14,147,14,20,107,15,20,171,26,30
Rourkela,2023-05,150,16,19,217,25,30,178,18,14,290,44,50
Mayurbhanj,2023-05,48,5,7,64,14,9,58,5,10,89,13,11
Cuttack,2023-05,188,20,21,343,43,37,217,40,39,336,48,35
Kalahandi,2023-05,47,4,10,75,16,13,45,5,5,70,8,14
Bhubaneswar,2023-06,213,20,31,300,50,45,238,34,33,389,42,38
Ganjam,2023-06,129,13,25,199,25,31,140,23,27,242,33,39
Koraput,2023-06,58,9,8,81,10,10,71,12,12,110,9,19
Sambalpur,2023-06,98,18,12,157,19,19,133,17,12,202,20,28
Puri,2023-06,94,9,15,107,25,18,99,13,9,155,22,19
Balasore,2023-06,101,18,13,141,22,26,102,19,22,167,28,24
Rourkela,2023-06,147,21,18,212,33,35,182,34,25,284,35,48
Mayurbhanj,2023-06,46,5,8,69,10,13,53,7,4,91,12,14
Cuttack,2023-06,187,28,32,349,39,30,218,40,32,349,42,43
Kalahandi,2023-06,41,5,7,78,12,14,45,12,11,64,7,6
Bhubaneswar,2023-07,202,23,23,305,34,55,239,33,46,393,64,54
Ganjam,2023-07,117,14,13,193,25,26,136,25,13,236,35,35
Koraput,2023-07,59,7,7,81,8,12,71,10,11,100,20,14
Sambalpur,2023-07,104,15,17,157,27,30,138,21,18,194,21,28
Puri,2023-07,88,13,10,114,17,16,103,18,14,158,22,23
Balasore,2023-07,106,18,18,137,25,17,99,17,17,171,20,19
Rourkela,2023-07,150,17,17,210,32,23,191,24,28,271,41,50
Mayurbhanj,2023-07,43,6,5,66,6,8,56,9,5,89,16,9
Cuttack,2023-07,183,26,22,358,40,51,226,31,28,348,53,64
Kalahandi,2023-07,39,8,8,76,12,9,46,6,4,65,17,16
Bhubaneswar,2023-08,202,21,32,284,38,26,226,40,29,403,46,43
Ganjam,2023-08,118,19,15,192,28,20,148,24,23,236,32,32
Koraput,2023-08,59,6,10,77,7,11,70,8,15,106,16,10
Sambalpur,2023-08,102,19,13,154,17,19,141,17,16,187,16,34
Puri,2023-08,91,11,11,115,20,17,107,19,12,157,26,18
Balasore,2023-08,106,18,17,145,18,14,99,11,13,172,8,10
Rourkela,2023-08,150,26,23,219,35,39,187,23,19,262,44,33
Mayurbhanj,2023-08,44,5,9,64,7,10,60,11,11,96,11,13
Cuttack,2023-08,187,31,34,347,42,51,229,32,33,337,48,46
Kalahandi,2023-08,39,3,5,79,5,6,48,8,10,66,9,12
Bhubaneswar,2023-09,191,37,29,296,38,38,237,32,34,406,44,55
Ganjam,2023-09,122,8,15,200,29,35,149,23,21,236,32,26
Koraput,2023-09,55,9,11,73,8,11,63,6,12,112,13,16
Sambalpur,2023-09,108,13,14,152,25,30,142,25,26,169,27,34
Puri,2023-09,91,12,18,118,13,14,114,16,31,165,23,22
Balasore,2023-09,107,11,19,149,20,28,97,19,22,170,27,21
Rourkela,2023-09,153,20,11,215,29,26,191,22,28,273,32,43
Mayurbhanj,2023-09,40,6,7,61,12,7,60,10,9,94,14,18
Cuttack,2023-09,184,36,46,338,30,32,228,33,44,339,46,41
Kalahandi,2023-09,37,7,6,78,6,12,46,7,8,63,15,7
Bhubaneswar,2023-10,199,29,31,296,71,54,235,30,32,395,58,65
Ganjam,2023-10,115,21,18,194,25,24,151,24,19,242,32,42
Koraput,2023-10,53,10,6,70,15,12,57,17,12,109,13,11
Sambalpur,2023-10,107,15,21,147,35,27,141,19,15,162,24,30
Puri,2023-10,85,11,13,117,20,20,99,11,10,166,28,26
Balasore,2023-10,99,15,18,141,15,11,94,13,9,176,22,19
Rourkela,2023-10,162,18,13,218,38,40,185,23,30,262,40,50
Mayurbhanj,2023-10,39,6,5,66,16,9,61,5,4,90,10,8
Cuttack,2023-10,174,19,19,336,33,39,217,36,20,344,56,39
Kalahandi,2023-10,38,7,7,72,10,15,45,8,11,71,11,11
Bhubaneswar,2023-11,197,40,37,313,48,40,233,35,37,388,56,55
Ganjam,2023-11,118,18,14,195,27,34,156,24,20,232,30,30
Koraput,2023-11,57,10,9,73,14,14,62,6,9,111,20,19
Sambalpur,2023-11,101,16,13,155,25,25,145,19,14,156,22,18
Puri,2023-11,83,15,26,117,23,21,100,10,16,168,22,25
Balasore,2023-11,96,20,19,145,23,20,98,14,16,179,26,20
Rourkela,2023-11,167,20,25,216,39,32,178,26,23,252,42,29
Mayurbhanj,2023-11,40,7,7,73,8,10,62,5,6,92,9,8
Cuttack,2023-11,174,36,24,330,44,51,233,32,35,361,45,46
Kalahandi,2023-11,38,9,3,67,11,12,42,4,4,71,12,10
Bhubaneswar,2023-12,200,33,26,321,49,43,231,29,36,389,62,56
Ganjam,2023-12,122,29,12,188,22,32,160,24,21,232,34,34
Koraput,2023-12,58,8,6,73,16,12,59,6,6,112,23,17
Sambalpur,2023-12,104,18,20,155,24,22,150,20,21,160,30,25
Puri,2023-12,72,18,10,119,18,13,94,20,14,165,24,26
Balasore,2023-12,97,19,23,148,28,15,96,19,22,185,23,32
Rourkela,2023-12,162,29,33,223,32,40,181,25,33,265,32,29
Mayurbhanj,2023-12,40,8,10,71,7,10,61,8,7,93,15,16
Cuttack,2023-12,186,30,33,323,41,54,230,45,22,360,54,54
Kalahandi,2023-12,44,2,4,66,10,12,42,4,3,73,14,9
Bhubaneswar,2024-01,207,28,30,327,51,39,224,37,37,395,56,61
Ganjam,2024-01,139,17,14,178,26,32,163,30,21,232,29,35
Koraput,2024-01,60,7,9,77,17,14,59,9,7,118,16,17
Sambalpur,2024-01,102,21,15,157,16,21,149,22,13,165,29,26
Puri,2024-01,80,16,14,124,16,14,100,17,10,163,17,14
Balasore,2024-01,93,8,8,161,23,19,93,8,8,176,29,21
Rourkela,2024-01,158,30,34,215,40,34,173,24,24,268,35,35
Mayurbhanj,2024-01,38,13,6,68,9,6,62,5,9,92,19,15
Cuttack,2024-01,183,28,28,310,44,51,253,26,28,360,59,53
Kalahandi,2024-01,42,6,5,64,10,9,43,7,10,78,9,7
Bhubaneswar,2024-02,205,36,31,339,46,33,224,31,21,390,54,64
Ganjam,2024-02,142,10,22,172,30,30,172,17,15,226,47,41
Koraput,2024-02,58,10,13,80,12,8,61,9,7,117,10,10
Sambalpur,2024-02,108,17,9,152,22,22,158,12,19,168,22,22
Puri,2024-02,82,17,15,126,13,15,107,10,12,166,28,28
Balasore,2024-02,93,13,11,165,25,33,93,15,13,184,23,25
Rourkela,2024-02,154,25,19,221,30,33,173,27,31,268,51,45
Mayurbhanj,2024-02,45,9,11,71,10,7,58,7,5,96,12,13
Cuttack,2024-02,183,32,27,303,41,48,251,37,52,366,57,61
Kalahandi,2024-02,43,8,7,65,10,14,40,9,4,80,11,10
Bhubaneswar,2024-03,210,32,21,352,47,51,234,43,33,380,55,39
Ganjam,2024-03,130,9,14,172,31,26,174,15,23,232,29,27
Koraput,2024-03,55,7,7,84,14,6,63,6,13,117,9,12
Sambalpur,2024-03,116,17,25,152,23,13,151,22,27,168,34,25
Puri,2024-03,84,18,17,124,11,18,105,16,21,166,24,12
Balasore,2024-03,95,11,15,157,14,18,95,18,15,182,26,29
Rourkela,2024-03,160,14,25,218,30,24,169,27,22,274,44,43
Mayurbhanj,2024-03,43,10,9,74,12,6,60,10,13,95,11,16
Cuttack,2024-03,188,35,33,296,46,37,236,31,42,362,44,57
Kalahandi,2024-03,44,5,2,61,9,11,45,9,5,81,6,11
Bhubaneswar,2024-04,221,34,32,348,52,51,244,31,42,396,57,56
Ganjam,2024-04,125,19,19,177,18,27,166,27,28,234,32,33
Koraput,2024-04,55,11,9,92,10,9,56,10,7,114,10,14
Sambalpur,2024-04,108,13,14,162,30,26,146,20,19,177,31,25
Puri,2024-04,85,13,11,117,18,18,100,11,15,178,14,24
Balasore,2024-04,91,6,12,153,22,29,98,20,13,179,28,30
Rourkela,2024-04,149,15,21,224,30,37,174,24,23,275,39,43
Mayurbhanj,2024-04,44,11,9,80,12,17,57,10,9,90,15,11
Cuttack,2024-04,190,27,34,305,37,42,225,27,28,349,45,38
Kalahandi,2024-04,47,5,8,59,11,9,49,5,3,76,8,13
Bhubaneswar,2024-05,223,27,33,349,59,49,233,29,26,397,45,47
Ganjam,2024-05,125,16,21,168,29,24,165,21,32,233,34,36
Koraput,2024-05,57,6,7,93,9,7,59,5,9,110,16,13
Sambalpur,2024-05,107,14,10,166,23,25,147,13,18,183,24,30
Puri,2024-05,87,6,8,117,25,22,96,20,17,168,17,20
Balasore,2024-05,85,4,6,146,25,20,105,12,20,177,24,22
Rourkela,2024-05,143,25,18,217,34,33,175,29,33,271,41,46
Mayurbhanj,2024-05,46,6,1,75,7,8,58,4,5,94,13,18
Cuttack,2024-05,183,29,17,300,40,41,224,42,40,356,48,62
Kalahandi,2024-05,44,8,6,61,8,7,51,3,6,71,10,9
Bhubaneswar,2024-06,217,30,24,359,46,46,236,36,35,395,54,54
Ganjam,2024-06,120,15,23,173,36,31,154,20,20,231,40,34
Koraput,2024-06,56,7,7,95,18,12,55,12,10,113,12,17
Sambalpur,2024-06,111,13,22,164,20,36,142,17,18,177,25,30
Puri,2024-06,85,10,11,120,12,14,99,18,19,165,16,20
Balasore,2024-06,83,15,17,151,22,22,97,15,13,179,25,25
Rourkela,2024-06,150,18,20,218,31,29,171,21,28,266,50,38
Mayurbhanj,2024-06,51,10,9,74,12,10,57,12,7,89,12,10
Cuttack,2024-06,195,32,45,299,37,40,226,43,40,342,43,44
Kalahandi,2024-06,46,3,6,62,5,12,48,5,5,72,11,10
Bhubaneswar,2024-07,223,28,29,359,51,46,237,34,33,395,59,63
Ganjam,2024-07,112,13,15,178,30,22,154,20,26,237,26,29
Koraput,2024-07,56,5,9,101,13,14,57,17,13,108,19,11
Sambalpur,2024-07,102,18,20,148,17,25,141,18,21,172,28,35
Puri,2024-07,84,13,11,118,19,19,98,14,21,161,14,20
Balasore,2024-07,81,11,11,151,23,24,99,21,18,179,25,32
Rourkela,2024-07,148,15,17,220,31,42,164,36,28,278,24,20
Mayurbhanj,2024-07,52,4,3,76,9,13,62,4,8,91,11,13
Cuttack,2024-07,182,37,24,296,36,36,229,42,41,341,60,54
Kalahandi,2024-07,43,7,7,55,6,6,48,3,4,73,11,17
Bhubaneswar,2024-08,222,26,25,364,45,55,238,39,35,391,51,58
Ganjam,2024-08,110,20,19,186,24,33,148,15,19,234,22,28
Koraput,2024-08,52,7,10,100,7,9,61,12,15,116,16,18
Sambalpur,2024-08,100,16,11,140,21,21,138,23,21,165,16,24
Puri,2024-08,86,11,7,118,23,25,91,10,12,155,19,20
Balasore,2024-08,81,14,15,150,21,14,102,18,14,172,23,23
Rourkela,2024-08,146,21,20,209,40,30,172,37,36,282,42,44
Mayurbhanj,2024-08,53,6,5,72,10,10,58,8,3,89,10,11
Cuttack,2024-08,195,33,25,296,44,46,230,35,30,347,42,54
Kalahandi,2024-08,43,6,2,55,6,10,47,8,8,67,14,16
Bhubaneswar,2024-09,223,25,29,354,49,55,242,31,39,384,54,57
Ganjam,2024-09,111,17,20,177,24,28,144,20,22,228,37,41
Koraput,2024-09,49,9,5,98,9,13,58,10,7,114,8,23
Sambalpur,2024-09,105,21,18,140,24,24,140,20,22,157,21,14
Puri,2024-09,90,10,16,116,23,15,89,12,13,154,27,37
Balasore,2024-09,80,17,10,157,17,18,106,10,12,172,25,19
Rourkela,2024-09,147,14,26,219,24,37,173,24,25,280,40,38
Mayurbhanj,2024-09,54,6,9,72,16,14,63,2,8,88,7,12
Cuttack,2024-09,203,21,30,294,38,32,235,45,31,335,55,47
Kalahandi,2024-09,47,8,3,51,8,9,47,7,9,65,9,10
Bhubaneswar,2024-10,219,38,28,348,46,56,234,38,32,381,68,52
Ganjam,2024-10,108,17,19,173,17,31,142,20,22,224,32,33
Koraput,2024-10,53,9,7,94,7,11,61,12,13,99,16,14
Sambalpur,2024-10,108,16,19,140,21,15,138,11,18,164,29,19
Puri,2024-10,84,17,11,124,18,14,88,17,11,144,26,21
Balasore,2024-10,87,19,11,156,20,26,104,23,20,178,24,37
Rourkela,2024-10,135,25,12,206,35,37,172,33,28,282,26,30
Mayurbhanj,2024-10,51,4,5,74,11,10,57,11,4,83,15,14
Cuttack,2024-10,194,24,32,300,32,42,249,32,21,343,48,44
Kalahandi,2024-10,52,5,6,50,13,8,45,8,9,64,17,16
Bhubaneswar,2024-11,229,42,41,338,47,39,240,35,31,397,54,51
Ganjam,2024-11,106,25,23,159,26,28,140,20,20,223,31,25
Koraput,2024-11,55,6,9,90,16,13,60,10,4,101,19,9
Sambalpur,2024-11,105,15,14,146,24,36,131,15,17,174,21,31
Puri,2024-11,90,9,12,128,19,18,94,11,12,149,25,30
Balasore,2024-11,95,14,13,150,20,16,107,13,10,165,29,32
Rourkela,2024-11,148,16,17,204,24,38,177,22,27,278,38,50
Mayurbhanj,2024-11,50,13,10,75,11,17,64,12,14,84,8,11
Cuttack,2024-11,186,31,28,290,35,30,260,41,34,347,44,48
Kalahandi,2024-11,51,4,8,55,15,11,44,10,3,65,7,6
Bhubaneswar,2024-12,230,32,34,346,44,46,244,46,35,400,39,65
Ganjam,2024-12,108,20,14,157,28,18,140,25,19,229,31,29
Koraput,2024-12,52,8,10,93,4,11,66,17,7,111,12,13
Sambalpur,2024-12,106,15,14,134,24,15,129,17,21,164,29,32
Puri,2024-12,87,4,6,129,23,20,93,13,14,144,22,19
Balasore,2024-12,96,16,11,154,24,25,110,15,16,162,26,17
Rourkela,2024-12,147,18,15,190,32,20,172,25,23,266,42,38
Mayurbhanj,2024-12,53,10,10,69,13,9,62,9,13,81,16,12
Cuttack,2024-12,189,26,27,295,41,39,267,45,39,343,50,46
Kalahandi,2024-12,47,3,9,59,10,14,51,6,13,66,11,8
Bhubaneswar,2025-01,228,33,25,344,45,49,255,41,30,374,55,57
Ganjam,2025-01,114,12,18,167,30,25,146,26,28,231,26,24
Koraput,2025-01,50,10,7,86,10,15,76,5,5,110,16,16
Sambalpur,2025-01,107,12,17,143,13,10,125,14,14,161,27,19
Puri,2025-01,85,19,15,132,26,25,92,12,19,147,20,22
Balasore,2025-01,101,14,16,153,29,28,109,17,12,171,27,35
Rourkela,2025-01,150,23,17,202,30,38,174,23,24,270,30,39
Mayurbhanj,2025-01,53,7,2,73,9,14,58,9,9,85,13,11
Cuttack,2025-01,188,27,36,297,39,37,273,39,39,347,55,53
Kalahandi,2025-01,41,11,7,55,7,10,44,7,4,69,6,8
Bhubaneswar,2025-02,236,34,42,340,44,39,266,30,42,372,55,64
Ganjam,2025-02,108,18,14,172,20,28,144,32,26,233,38,32
Koraput,2025-02,53,7,12,81,11,13,76,14,13,110,17,14
Sambalpur,2025-02,102,17,20,146,23,19,125,14,20,169,31,25
Puri,2025-02,89,10,8,133,21,16,85,18,15,145,23,36
Balasore,2025-02,99,10,12,154,17,15,114,17,19,163,26,17
Rourkela,2025-02,156,24,15,194,35,22,173,20,17,261,50,44
Mayurbhanj,2025-02,58,5,7,68,15,10,58,7,9,87,10,13
Cuttack,2025-02,179,23,24,299,35,46,273,32,30,349,50,53
Kalahandi,2025-02,45,6,6,52,9,9,47,7,6,67,8,9
Bhubaneswar,2025-03,228,42,32,345,49,49,254,31,41,363,55,35
Ganjam,2025-03,112,13,10,164,38,29,150,20,25,239,31,33
Koraput,2025-03,48,7,11,79,13,7,77,9,10,113,12,20
Sambalpur,2025-03,99,10,10,150,16,23,119,18,18,175,30,33
Puri,2025-03,91,5,2,138,19,25,88,17,13,132,19,19
Balasore,2025-03,97,7,8,156,17,19,112,12,11,172,25,20
Rourkela,2025-03,165,21,8,207,32,27,176,24,21,267,34,45
Mayurbhanj,2025-03,56,8,10,73,14,8,56,18,17,84,8,10
Cuttack,2025-03,178,18,31,288,36,39,275,28,29,346,47,49
Kalahandi,2025-03,45,7,8,52,8,8,48,5,9,66,13,7
Bhubaneswar,2025-04,238,26,27,345,38,46,244,37,36,383,51,50
Ganjam,2025-04,115,15,14,173,24,21,145,17,20,237,37,29
Koraput,2025-04,44,10,5,85,10,6,76,5,13,105,16,14
Sambalpur,2025-04,99,16,16,143,29,23,119,11,20,172,27,31
Puri,2025-04,94,12,11,132,17,11,92,10,19,132,21,21
Balasore,2025-04,96,11,17,154,25,24,113,13,14,177,25,28
Rourkela,2025-04,178,17,22,212,43,30,179,27,25,256,36,56
Mayurbhanj,2025-04,54,6,4,79,6,10,57,10,13,82,11,4
Cuttack,2025-04,165,21,18,285,46,42,274,35,36,344,48,33
Kalahandi,2025-04,44,1,3,52,12,6,44,9,5,72,7,11
Bhubaneswar,2025-05,237,39,36,337,39,36,245,36,26,384,53,58
Ganjam,2025-05,116,21,21,176,27,31,142,19,14,245,27,20
Koraput,2025-05,49,6,7,89,13,14,68,13,5,107,16,10
Sambalpur,2025-05,99,13,13,149,26,19,110,15,7,168,33,35
Puri,2025-05,95,16,21,138,25,29,83,19,13,132,29,24
Balasore,2025-05,90,11,12,155,19,18,112,17,16,174,20,23
Rourkela,2025-05,173,32,25,225,23,29,181,36,26,236,43,57
Mayurbhanj,2025-05,56,6,6,75,7,10,54,12,13,89,14,17
Cuttack,2025-05,168,27,31,289,40,48,273,33,44,359,56,55
Kalahandi,2025-05,42,4,4,58,15,8,48,9,10,68,8,6
Bhubaneswar,2025-06,240,37,30,340,40,52,255,35,31,379,63,56
Ganjam,2025-06,116,13,15,172,25,31,147,21,18,252,27,28
Koraput,2025-06,48,9,12,88,15,16,76,14,13,113,20,20
Sambalpur,2025-06,99,13,9,156,24,23,118,25,17,166,38,26
Puri,2025-06,90,14,10,134,7,18,89,15,11,137,23,24
Balasore,2025-06,89,13,17,156,17,23,113,18,16,171,20,25
Rourkela,2025-06,180,20,32,219,29,32,191,34,25,222,54,39
Mayurbhanj,2025-06,56,11,8,72,9,11,53,7,6,86,7,16
Cuttack,2025-06,164,32,35,281,41,42,262,25,37,360,44,48
Kalahandi,2025-06,42,5,5,65,17,7,47,5,6,70,13,9
Bhubaneswar,2025-07,247,39,30,328,56,53,259,36,30,386,56,45
Ganjam,2025-07,114,21,12,166,29,20,150,21,22,251,39,38
Koraput,2025-07,45,12,7,87,12,9,77,9,14,113,15,12
Sambalpur,2025-07,103,9,10,157,16,16,126,12,9,178,19,22
Puri,2025-07,94,13,18,123,20,17,93,17,13,136,24,25
Balasore,2025-07,85,12,14,150,27,24,115,17,17,166,18,17
Rourkela,2025-07,168,22,28,216,33,30,200,28,36,237,36,33
Mayurbhanj,2025-07,59,13,4,70,9,6,54,12,8,77,14,8
Cuttack,2025-07,161,28,19,280,40,39,250,46,40,356,54,42
Kalahandi,2025-07,42,4,10,75,10,12,46,8,13,74,14,9
Bhubaneswar,2025-08,256,39,31,331,54,41,265,38,27,397,53,62
Ganjam,2025-08,123,29,18,175,26,37,149,17,20,252,30,37
Koraput,2025-08,50,11,7,90,11,16,72,11,10,116,14,14
Sambalpur,2025-08,102,13,15,157,27,22,129,14,20,175,27,40
Puri,2025-08,89,7,8,126,14,27,97,14,10,135,23,15
Balasore,2025-08,83,16,13,153,14,21,115,15,20,167,24,15
Rourkela,2025-08,162,18,22,219,31,39,192,26,29,240,50,48
Mayurbhanj,2025-08,68,7,5,73,11,14,58,9,11,83,9,14
Cuttack,2025-08,170,28,22,281,44,44,256,44,48,368,54,62
Kalahandi,2025-08,36,8,2,73,5,10,41,4,7,79,3,11
Bhubaneswar,2025-09,264,25,27,344,50,42,276,27,34,388,53,49
Ganjam,2025-09,134,14,11,164,30,25,146,21,19,245,46,42
Koraput,2025-09,54,7,8,85,23,16,73,11,16,116,15,13
Sambalpur,2025-09,100,12,20,162,25,27,123,16,17,162,29,20
Puri,2025-09,88,8,11,113,22,19,101,18,11,143,23,22
Balasore,2025-09,86,8,11,146,23,20,110,16,13,176,22,25
Rourkela,2025-09,158,27,20,211,29,31,189,36,29,242,40,39
Mayurbhanj,2025-09,70,6,10,70,16,9,56,14,12,78,6,9
Cuttack,2025-09,176,29,23,281,40,50,252,31,32,360,49,57
Kalahandi,2025-09,42,7,3,68,13,14,38,8,4,71,14,15
Bhubaneswar,2025-10,262,22,34,352,39,53,269,30,36,392,43,52
Ganjam,2025-10,137,12,13,169,28,30,148,24,26,249,30,35
Koraput,2025-10,53,7,9,92,9,14,68,13,14,118,17,18
Sambalpur,2025-10,92,11,16,160,21,15,122,14,21,171,31,32
Puri,2025-10,85,19,11,116,17,13,108,15,15,144,16,26
Balasore,2025-10,83,12,19,149,23,25,113,10,12,173,30,28
Rourkela,2025-10,165,19,24,209,30,21,196,30,31,243,46,52
Mayurbhanj,2025-10,66,6,6,77,9,12,58,1,3,75,12,8
Cuttack,2025-10,182,15,28,271,49,50,251,32,40,352,49,55
Kalahandi,2025-10,46,5,3,67,9,18,42,5,10,70,14,9
Bhubaneswar,2025-11,250,27,40,338,50,50,263,47,29,383,55,57
Ganjam,2025-11,136,12,22,167,25,27,146,25,30,244,27,36
Koraput,2025-11,51,9,8,87,6,8,67,8,13,117,8,18
Sambalpur,2025-11,87,16,17,166,27,27,115,20,16,170,36,31
Puri,2025-11,93,12,15,120,16,9,108,11,19,134,22,17
Balasore,2025-11,76,16,12,147,21,18,111,16,15,175,22,25
Rourkela,2025-11,160,24,21,218,40,23,195,37,39,237,25,33
Mayurbhanj,2025-11,66,4,15,74,13,13,56,9,7,79,16,13
Cuttack,2025-11,169,21,27,270,37,34,243,34,27,346,60,59
Kalahandi,2025-11,48,6,6,58,11,13,37,4,3,75,6,11
