district,month,cases_reported_year,total_pendency_30days,pendency_percent,target_close,closed_during_drive
Bhubaneswar,2015-01,903,556,61.57,83,88
Ganjam,2015-01,554,296,53.43,44,41
Koraput,2015-01,235,139,59.15,20,22
Sambalpur,2015-01,414,157,37.92,23,30
Puri,2015-01,361,106,29.36,15,14
Balasore,2015-01,425,199,46.82,29,25
Rourkela,2015-01,674,343,50.89,51,53
Mayurbhanj,2015-01,222,77,34.68,11,14
Cuttack,2015-01,787,242,30.75,36,35
Kalahandi,2015-01,186,85,45.7,12,15
Bhubaneswar,2015-02,898,391,43.54,58,56
Ganjam,2015-02,541,214,39.56,32,43
Koraput,2015-02,242,70,28.93,10,11
Sambalpur,2015-02,459,249,54.25,37,34
Puri,2015-02,355,130,36.62,19,23
Balasore,2015-02,415,174,41.93,26,40
Rourkela,2015-02,676,184,27.22,27,33
Mayurbhanj,2015-02,233,84,36.05,12,11
Cuttack,2015-02,865,454,52.49,68,72
Kalahandi,2015-02,178,87,48.88,13,14
Bhubaneswar,2015-03,911,499,54.77,74,64
Ganjam,2015-03,519,212,40.85,31,37
Koraput,2015-03,228,94,41.23,14,13
Sambalpur,2015-03,481,189,39.29,28,32
Puri,2015-03,332,198,59.64,29,35
Balasore,2015-03,400,156,39.0,23,20
Rourkela,2015-03,614,310,50.49,46,48
Mayurbhanj,2015-03,218,123,56.42,18,15
Cuttack,2015-03,809,478,59.09,71,76
Kalahandi,2015-03,190,52,27.37,7,7
Bhubaneswar,2015-04,901,450,49.94,67,62
Ganjam,2015-04,522,272,52.11,40,56
Koraput,2015-04,251,91,36.25,13,10
Sambalpur,2015-04,430,256,59.53,38,42
Puri,2015-04,387,183,47.29,27,34
Balasore,2015-04,400,164,41.0,24,24
Rourkela,2015-04,640,283,44.22,42,49
Mayurbhanj,2015-04,216,69,31.94,10,12
Cuttack,2015-04,828,472,57.0,70,75
Kalahandi,2015-04,160,52,32.5,7,11
Bhubaneswar,2015-05,916,445,48.58,66,76
Ganjam,2015-05,563,317,56.31,47,50
Koraput,2015-05,264,142,53.79,21,24
Sambalpur,2015-05,419,166,39.62,24,29
Puri,2015-05,369,186,50.41,27,24
Balasore,2015-05,386,168,43.52,25,23
Rourkela,2015-05,662,205,30.97,30,42
Mayurbhanj,2015-05,202,102,50.5,15,15
Cuttack,2015-05,838,511,60.98,76,68
Kalahandi,2015-05,202,58,28.71,8,7
Bhubaneswar,2015-06,942,289,30.68,43,38
Ganjam,2015-06,510,282,55.29,42,47
Koraput,2015-06,217,103,47.47,15,14
Sambalpur,2015-06,463,182,39.31,27,25
Puri,2015-06,400,155,38.75,23,23
Balasore,2015-06,412,192,46.6,28,32
Rourkela,2015-06,673,398,59.14,59,72
Mayurbhanj,2015-06,218,125,57.34,18,21
Cuttack,2015-06,863,308,35.69,46,46
Kalahandi,2015-06,192,105,54.69,15,18
Bhubaneswar,2015-07,902,435,48.23,65,59
Ganjam,2015-07,524,281,53.63,42,60
Koraput,2015-07,253,89,35.18,13,10
Sambalpur,2015-07,463,159,34.34,23,25
Puri,2015-07,347,217,62.54,32,30
Balasore,2015-07,408,198,48.53,29,32
Rourkela,2015-07,614,178,28.99,26,29
Mayurbhanj,2015-07,220,142,64.55,21,23
Cuttack,2015-07,837,345,41.22,51,49
Kalahandi,2015-07,176,100,56.82,15,21
Bhubaneswar,2015-08,923,364,39.44,54,61
Ganjam,2015-08,536,276,51.49,41,48
Koraput,2015-08,242,81,33.47,12,11
Sambalpur,2015-08,468,253,54.06,37,40
Puri,2015-08,357,184,51.54,27,31
Balasore,2015-08,412,206,50.0,30,34
Rourkela,2015-08,544,287,52.76,43,55
Mayurbhanj,2015-08,197,91,46.19,13,9
Cuttack,2015-08,895,351,39.22,52,70
Kalahandi,2015-08,166,45,27.11,6,6
Bhubaneswar,2015-09,884,294,33.26,44,47
Ganjam,2015-09,518,233,44.98,34,35
Koraput,2015-09,253,97,38.34,14,12
Sambalpur,2015-09,470,231,49.15,34,33
Puri,2015-09,331,197,59.52,29,34
Balasore,2015-09,400,172,43.0,25,26
Rourkela,2015-09,638,390,61.13,58,70
Mayurbhanj,2015-09,204,118,57.84,17,21
Cuttack,2015-09,838,474,56.56,71,71
Kalahandi,2015-09,177,65,36.72,9,6
Bhubaneswar,2015-10,910,353,38.79,52,49
Ganjam,2015-10,528,194,36.74,29,30
Koraput,2015-10,251,121,48.21,18,15
Sambalpur,2015-10,451,164,36.36,24,21
Puri,2015-10,367,233,63.49,34,32
Balasore,2015-10,400,122,30.5,18,13
Rourkela,2015-10,626,281,44.89,42,63
Mayurbhanj,2015-10,165,44,26.67,6,7
Cuttack,2015-10,880,301,34.2,45,50
Kalahandi,2015-10,176,91,51.7,13,11
Bhubaneswar,2015-11,885,336,37.97,50,55
Ganjam,2015-11,562,325,57.83,48,57
Koraput,2015-11,228,77,33.77,11,8
Sambalpur,2015-11,451,247,54.77,37,45
Puri,2015-11,383,164,42.82,24,25
Balasore,2015-11,436,160,36.7,24,32
Rourkela,2015-11,660,395,59.85,59,68
Mayurbhanj,2015-11,213,78,36.62,11,10
Cuttack,2015-11,861,332,38.56,49,56
Kalahandi,2015-11,169,58,34.32,8,15
Bhubaneswar,2015-12,909,491,54.02,73,79
Ganjam,2015-12,549,269,49.0,40,41
Koraput,2015-12,229,85,37.12,12,11
Sambalpur,2015-12,441,178,40.36,26,28
Puri,2015-12,310,103,33.23,15,16
Balasore,2015-12,400,207,51.75,31,39
Rourkela,2015-12,608,216,35.53,32,32
Mayurbhanj,2015-12,208,108,51.92,16,19
Cuttack,2015-12,853,279,32.71,41,49
Kalahandi,2015-12,186,50,26.88,7,6
Bhubaneswar,2016-01,926,471,50.86,70,84
Ganjam,2016-01,591,176,29.78,26,35
Koraput,2016-01,257,124,48.25,18,18
Sambalpur,2016-01,442,208,47.06,31,32
Puri,2016-01,372,211,56.72,31,38
Balasore,2016-01,408,137,33.58,20,21
Rourkela,2016-01,628,267,42.52,40,41
Mayurbhanj,2016-01,223,121,54.26,18,17
Cuttack,2016-01,852,358,42.02,53,62
Kalahandi,2016-01,173,88,50.87,13,15
Bhubaneswar,2016-02,870,453,52.07,67,70
Ganjam,2016-02,570,356,62.46,53,46
Koraput,2016-02,252,89,35.32,13,11
Sambalpur,2016-02,442,219,49.55,32,43
Puri,2016-02,363,161,44.35,24,19
Balasore,2016-02,418,154,36.84,23,25
Rourkela,2016-02,677,332,49.04,49,46
Mayurbhanj,2016-02,213,93,43.66,13,9
Cuttack,2016-02,821,325,39.59,48,53
Kalahandi,2016-02,165,73,44.24,10,10
Bhubaneswar,2016-03,899,541,60.18,81,85
Ganjam,2016-03,550,338,61.45,50,51
Koraput,2016-03,233,124,53.22,18,13
Sambalpur,2016-03,439,239,54.44,35,41
Puri,2016-03,374,158,42.25,23,32
Balasore,2016-03,423,199,47.04,29,27
Rourkela,2016-03,722,276,38.23,41,37
Mayurbhanj,2016-03,201,88,43.78,13,8
Cuttack,2016-03,841,329,39.12,49,57
Kalahandi,2016-03,183,97,53.01,14,17
Bhubaneswar,2016-04,956,432,45.19,64,71
Ganjam,2016-04,544,257,47.24,38,36
Koraput,2016-04,244,165,67.62,24,20
Sambalpur,2016-04,441,228,51.7,34,34
Puri,2016-04,345,180,52.17,27,37
Balasore,2016-04,422,237,56.16,35,31
Rourkela,2016-04,615,289,46.99,43,45
Mayurbhanj,2016-04,260,122,46.92,18,16
Cuttack,2016-04,838,363,43.32,54,69
Kalahandi,2016-04,171,85,49.71,12,10
Bhubaneswar,2016-05,888,414,46.62,62,86
Ganjam,2016-05,572,220,38.46,33,43
Koraput,2016-05,224,118,52.68,17,30
Sambalpur,2016-05,443,176,39.73,26,20
Puri,2016-05,383,139,36.29,20,29
Balasore,2016-05,447,154,34.45,23,27
Rourkela,2016-05,641,305,47.58,45,45
Mayurbhanj,2016-05,205,93,45.37,13,19
Cuttack,2016-05,801,230,28.71,34,30
Kalahandi,2016-05,165,69,41.82,10,16
Bhubaneswar,2016-06,945,507,53.65,76,78
Ganjam,2016-06,569,292,51.32,43,42
Koraput,2016-06,228,101,44.3,15,18
Sambalpur,2016-06,450,254,56.44,38,50
Puri,2016-06,390,198,50.77,29,28
Balasore,2016-06,383,156,40.73,23,31
Rourkela,2016-06,652,302,46.32,45,58
Mayurbhanj,2016-06,204,86,42.16,12,18
Cuttack,2016-06,819,414,50.55,62,70
Kalahandi,2016-06,202,75,37.13,11,10
Bhubaneswar,2016-07,906,418,46.14,62,70
Ganjam,2016-07,545,283,51.93,42,50
Koraput,2016-07,226,121,53.54,18,15
Sambalpur,2016-07,464,184,39.66,27,29
Puri,2016-07,359,177,49.3,26,21
Balasore,2016-07,417,216,51.8,32,28
Rourkela,2016-07,642,301,46.88,45,56
Mayurbhanj,2016-07,215,69,32.09,10,13
Cuttack,2016-07,849,455,53.59,68,77
Kalahandi,2016-07,161,54,33.54,8,4
Bhubaneswar,2016-08,916,537,58.62,80,92
Ganjam,2016-08,534,197,36.89,29,35
Koraput,2016-08,238,94,39.5,14,20
Sambalpur,2016-08,444,252,56.76,37,48
Puri,2016-08,359,168,46.8,25,33
Balasore,2016-08,409,131,32.03,19,25
Rourkela,2016-08,697,329,47.2,49,56
Mayurbhanj,2016-08,202,101,50.0,15,19
Cuttack,2016-08,848,353,41.63,52,63
Kalahandi,2016-08,174,74,42.53,11,8
Bhubaneswar,2016-09,882,531,60.2,79,91
Ganjam,2016-09,530,251,47.36,37,45
Koraput,2016-09,217,102,47.0,15,15
Sambalpur,2016-09,425,219,51.53,32,33
Puri,2016-09,378,191,50.53,28,39
Balasore,2016-09,431,188,43.62,28,34
Rourkela,2016-09,652,348,53.37,52,58
Mayurbhanj,2016-09,200,80,40.0,12,19
Cuttack,2016-09,806,276,34.24,41,48
Kalahandi,2016-09,174,58,33.33,8,9
Bhubaneswar,2016-10,901,348,38.62,52,58
Ganjam,2016-10,540,294,54.44,44,46
Koraput,2016-10,244,93,38.11,13,17
Sambalpur,2016-10,449,258,57.46,38,47
Puri,2016-10,326,178,54.6,26,26
Balasore,2016-10,435,189,43.45,28,28
Rourkela,2016-10,631,320,50.71,48,54
Mayurbhanj,2016-10,212,116,54.72,17,13
Cuttack,2016-10,833,302,36.25,45,45
Kalahandi,2016-10,184,87,47.28,13,12
Bhubaneswar,2016-11,915,474,51.8,71,81
Ganjam,2016-11,519,249,47.98,37,42
Koraput,2016-11,246,116,47.15,17,23
Sambalpur,2016-11,431,121,28.07,18,27
Puri,2016-11,331,112,33.84,16,16
Balasore,2016-11,462,155,33.55,23,27
Rourkela,2016-11,672,284,42.26,42,43
Mayurbhanj,2016-11,229,68,29.69,10,2
Cuttack,2016-11,835,487,58.32,73,65
Kalahandi,2016-11,184,95,51.63,14,13
Bhubaneswar,2016-12,883,376,42.58,56,56
Ganjam,2016-12,551,189,34.3,28,37
Koraput,2016-12,228,116,50.88,17,19
Sambalpur,2016-12,469,215,45.84,32,27
Puri,2016-12,341,123,36.07,18,12
Balasore,2016-12,429,193,44.99,28,35
Rourkela,2016-12,667,252,37.78,37,34
Mayurbhanj,2016-12,185,81,43.78,12,11
Cuttack,2016-12,843,521,61.8,78,71
Kalahandi,2016-12,172,74,43.02,11,11
Bhubaneswar,2017-01,864,365,42.25,54,46
Ganjam,2017-01,524,277,52.86,41,56
Koraput,2017-01,246,68,27.64,10,9
Sambalpur,2017-01,422,127,30.09,19,25
Puri,2017-01,372,224,60.22,33,40
Balasore,2017-01,430,192,44.65,28,29
Rourkela,2017-01,630,279,44.29,41,37
Mayurbhanj,2017-01,221,114,51.58,17,22
Cuttack,2017-01,835,474,56.77,71,75
Kalahandi,2017-01,188,102,54.26,15,18
Bhubaneswar,2017-02,877,324,36.94,48,59
Ganjam,2017-02,506,274,54.15,41,40
Koraput,2017-02,231,75,32.47,11,6
Sambalpur,2017-02,485,292,60.21,43,56
Puri,2017-02,383,123,32.11,18,20
Balasore,2017-02,400,139,34.75,20,24
Rourkela,2017-02,670,225,33.58,33,37
Mayurbhanj,2017-02,199,42,21.11,6,7
Cuttack,2017-02,815,324,39.75,48,53
Kalahandi,2017-02,171,84,49.12,12,11
Bhubaneswar,2017-03,853,418,49.0,62,72
Ganjam,2017-03,542,198,36.53,29,35
Koraput,2017-03,243,90,37.04,13,10
Sambalpur,2017-03,434,152,35.02,22,29
Puri,2017-03,350,126,36.0,18,18
Balasore,2017-03,421,209,49.64,31,23
Rourkela,2017-03,644,224,34.78,33,39
Mayurbhanj,2017-03,204,59,28.92,8,12
Cuttack,2017-03,836,405,48.44,60,67
Kalahandi,2017-03,164,88,53.66,13,15
Bhubaneswar,2017-04,939,534,56.87,80,94
Ganjam,2017-04,519,177,34.1,26,30
Koraput,2017-04,254,67,26.38,10,11
Sambalpur,2017-04,452,209,46.24,31,27
Puri,2017-04,345,143,41.45,21,23
Balasore,2017-04,416,222,53.37,33,44
Rourkela,2017-04,665,394,59.25,59,63
Mayurbhanj,2017-04,201,86,42.79,12,11
Cuttack,2017-04,835,446,53.41,66,69
Kalahandi,2017-04,192,113,58.85,16,18
Bhubaneswar,2017-05,898,308,34.3,46,42
Ganjam,2017-05,515,201,39.03,30,37
Koraput,2017-05,242,137,56.61,20,20
Sambalpur,2017-05,448,228,50.89,34,31
Puri,2017-05,381,130,34.12,19,23
Balasore,2017-05,434,241,55.53,36,31
Rourkela,2017-05,646,367,56.81,55,69
Mayurbhanj,2017-05,191,86,45.03,12,13
Cuttack,2017-05,835,477,57.13,71,75
Kalahandi,2017-05,180,62,34.44,9,11
Bhubaneswar,2017-06,903,297,32.89,44,48
Ganjam,2017-06,544,197,36.21,29,26
Koraput,2017-06,245,104,42.45,15,17
Sambalpur,2017-06,423,219,51.77,32,33
Puri,2017-06,352,117,33.24,17,13
Balasore,2017-06,418,179,42.82,26,22
Rourkela,2017-06,674,366,54.3,54,59
Mayurbhanj,2017-06,216,83,38.43,12,9
Cuttack,2017-06,820,299,36.46,44,41
Kalahandi,2017-06,199,117,58.79,17,18
Bhubaneswar,2017-07,904,428,47.35,64,80
Ganjam,2017-07,502,310,61.75,46,40
Koraput,2017-07,272,94,34.56,14,18
Sambalpur,2017-07,467,293,62.74,43,57
Puri,2017-07,364,115,31.59,17,25
Balasore,2017-07,431,135,31.32,20,16
Rourkela,2017-07,660,256,38.79,38,44
Mayurbhanj,2017-07,219,101,46.12,15,15
Cuttack,2017-07,833,246,29.53,36,43
Kalahandi,2017-07,177,64,36.16,9,15
Bhubaneswar,2017-08,911,283,31.06,42,50
Ganjam,2017-08,522,299,57.28,44,53
Koraput,2017-08,223,126,56.5,18,14
Sambalpur,2017-08,483,157,32.51,23,20
Puri,2017-08,375,199,53.07,29,36
Balasore,2017-08,417,192,46.04,28,33
Rourkela,2017-08,658,412,62.61,61,64
Mayurbhanj,2017-08,226,71,31.42,10,14
Cuttack,2017-08,834,472,56.59,70,73
Kalahandi,2017-08,178,101,56.74,15,22
Bhubaneswar,2017-09,900,514,57.11,77,79
Ganjam,2017-09,524,201,38.36,30,32
Koraput,2017-09,247,124,50.2,18,24
Sambalpur,2017-09,451,211,46.78,31,45
Puri,2017-09,379,133,35.09,19,20
Balasore,2017-09,421,256,60.81,38,46
Rourkela,2017-09,670,243,36.27,36,55
Mayurbhanj,2017-09,193,69,35.75,10,15
Cuttack,2017-09,797,502,62.99,75,65
Kalahandi,2017-09,179,67,37.43,10,10
Bhubaneswar,2017-10,892,284,31.84,42,50
Ganjam,2017-10,571,224,39.23,33,34
Koraput,2017-10,260,96,36.92,14,8
Sambalpur,2017-10,409,181,44.25,27,30
Puri,2017-10,385,172,44.68,25,24
Balasore,2017-10,410,155,37.8,23,34
Rourkela,2017-10,695,355,51.08,53,57
Mayurbhanj,2017-10,197,82,41.62,12,9
Cuttack,2017-10,855,511,59.77,76,88
Kalahandi,2017-10,172,101,58.72,15,18
Bhubaneswar,2017-11,903,458,50.72,68,84
Ganjam,2017-11,537,312,58.1,46,41
Koraput,2017-11,239,101,42.26,15,15
Sambalpur,2017-11,438,145,33.11,21,21
Puri,2017-11,376,143,38.03,21,25
Balasore,2017-11,421,170,40.38,25,17
Rourkela,2017-11,689,256,37.16,38,33
Mayurbhanj,2017-11,204,66,32.35,9,10
Cuttack,2017-11,805,319,39.63,47,46
Kalahandi,2017-11,190,109,57.37,16,22
Bhubaneswar,2017-12,855,408,47.72,61,72
Ganjam,2017-12,568,237,41.73,35,51
Koraput,2017-12,237,147,62.03,22,27
Sambalpur,2017-12,446,151,33.86,22,28
Puri,2017-12,391,183,46.8,27,41
Balasore,2017-12,420,254,60.48,38,48
Rourkela,2017-12,664,238,35.84,35,37
Mayurbhanj,2017-12,208,79,37.98,11,9
Cuttack,2017-12,845,346,40.95,51,56
Kalahandi,2017-12,179,96,53.63,14,8
Bhubaneswar,2018-01,981,358,36.49,53,54
Ganjam,2018-01,542,159,29.34,23,22
Koraput,2018-01,235,139,59.15,20,28
Sambalpur,2018-01,423,199,47.04,29,44
Puri,2018-01,377,198,52.52,29,32
Balasore,2018-01,429,136,31.7,20,17
Rourkela,2018-01,652,187,28.68,28,29
Mayurbhanj,2018-01,201,108,53.73,16,23
Cuttack,2018-01,839,320,38.14,48,45
Kalahandi,2018-01,175,105,60.0,15,17
Bhubaneswar,2018-02,864,478,55.32,71,73
Ganjam,2018-02,542,176,32.47,26,36
Koraput,2018-02,237,96,40.51,14,13
Sambalpur,2018-02,454,264,58.15,39,41
Puri,2018-02,370,220,59.46,33,37
Balasore,2018-02,396,211,53.28,31,22
Rourkela,2018-02,681,251,36.86,37,48
Mayurbhanj,2018-02,214,102,47.66,15,10
Cuttack,2018-02,796,443,55.65,66,84
Kalahandi,2018-02,176,84,47.73,12,20
Bhubaneswar,2018-03,942,365,38.75,54,67
Ganjam,2018-03,540,234,43.33,35,27
Koraput,2018-03,227,122,53.74,18,19
Sambalpur,2018-03,438,239,54.57,35,34
Puri,2018-03,405,203,50.12,30,30
Balasore,2018-03,438,271,61.87,40,36
Rourkela,2018-03,656,253,38.57,37,45
Mayurbhanj,2018-03,211,105,49.76,15,21
Cuttack,2018-03,826,238,28.81,35,42
Kalahandi,2018-03,177,78,44.07,11,13
Bhubaneswar,2018-04,908,372,40.97,55,67
Ganjam,2018-04,545,139,25.5,20,22
Koraput,2018-04,211,83,39.34,12,15
Sambalpur,2018-04,467,189,40.47,28,26
Puri,2018-04,363,207,57.02,31,39
Balasore,2018-04,416,129,31.01,19,20
Rourkela,2018-04,651,182,27.96,27,28
Mayurbhanj,2018-04,189,55,29.1,8,8
Cuttack,2018-04,860,286,33.26,42,46
Kalahandi,2018-04,197,78,39.59,11,13
Bhubaneswar,2018-05,924,524,56.71,78,87
Ganjam,2018-05,556,309,55.58,46,43
Koraput,2018-05,229,87,37.99,13,13
Sambalpur,2018-05,461,271,58.79,40,57
Puri,2018-05,400,255,63.75,38,39
Balasore,2018-05,443,130,29.35,19,18
Rourkela,2018-05,614,174,28.34,26,39
Mayurbhanj,2018-05,205,68,33.17,10,15
Cuttack,2018-05,790,373,47.22,55,66
Kalahandi,2018-05,186,66,35.48,9,6
Bhubaneswar,2018-06,897,431,48.05,64,59
Ganjam,2018-06,537,334,62.2,50,54
Koraput,2018-06,251,99,39.44,14,22
Sambalpur,2018-06,419,263,62.77,39,47
Puri,2018-06,348,104,29.89,15,10
Balasore,2018-06,457,223,48.8,33,32
Rourkela,2018-06,636,350,55.03,52,49
Mayurbhanj,2018-06,200,86,43.0,12,8
Cuttack,2018-06,859,524,61.0,78,85
Kalahandi,2018-06,169,72,42.6,10,8
Bhubaneswar,2018-07,909,432,47.52,64,71
Ganjam,2018-07,511,289,56.56,43,39
Koraput,2018-07,240,102,42.5,15,16
Sambalpur,2018-07,449,167,37.19,25,30
Puri,2018-07,361,113,31.3,16,17
Balasore,2018-07,443,180,40.63,27,32
Rourkela,2018-07,656,267,40.7,40,48
Mayurbhanj,2018-07,224,75,33.48,11,6
Cuttack,2018-07,853,325,38.1,48,56
Kalahandi,2018-07,206,87,42.23,13,14
Bhubaneswar,2018-08,915,336,36.72,50,66
Ganjam,2018-08,516,308,59.69,46,59
Koraput,2018-08,275,155,56.36,23,20
Sambalpur,2018-08,442,168,38.01,25,34
Puri,2018-08,359,141,39.28,21,31
Balasore,2018-08,413,197,47.7,29,34
Rourkela,2018-08,701,320,45.65,48,57
Mayurbhanj,2018-08,195,93,47.69,13,9
Cuttack,2018-08,823,262,31.83,39,45
Kalahandi,2018-08,178,63,35.39,9,10
Bhubaneswar,2018-09,918,414,45.1,62,61
Ganjam,2018-09,537,221,41.15,33,41
Koraput,2018-09,240,103,42.92,15,12
Sambalpur,2018-09,477,231,48.43,34,49
Puri,2018-09,371,169,45.55,25,29
Balasore,2018-09,409,151,36.92,22,22
Rourkela,2018-09,696,441,63.36,66,85
Mayurbhanj,2018-09,195,128,65.64,19,26
Cuttack,2018-09,838,401,47.85,60,74
Kalahandi,2018-09,190,63,33.16,9,7
Bhubaneswar,2018-10,875,439,50.17,65,76
Ganjam,2018-10,565,298,52.74,44,66
Koraput,2018-10,243,124,51.03,18,24
Sambalpur,2018-10,473,208,43.97,31,29
Puri,2018-10,372,165,44.35,24,28
Balasore,2018-10,423,260,61.47,39,34
Rourkela,2018-10,664,204,30.72,30,38
Mayurbhanj,2018-10,228,101,44.3,15,19
Cuttack,2018-10,794,414,52.14,62,75
Kalahandi,2018-10,172,84,48.84,12,16
Bhubaneswar,2018-11,893,509,57.0,76,81
Ganjam,2018-11,529,200,37.81,30,35
Koraput,2018-11,248,136,54.84,20,15
Sambalpur,2018-11,415,261,62.89,39,41
Puri,2018-11,361,175,48.48,26,27
Balasore,2018-11,411,196,47.69,29,34
Rourkela,2018-11,654,207,31.65,31,33
Mayurbhanj,2018-11,209,113,54.07,16,11
Cuttack,2018-11,900,368,40.89,55,66
Kalahandi,2018-11,195,55,28.21,8,11
Bhubaneswar,2018-12,898,440,49.0,66,77
Ganjam,2018-12,513,198,38.6,29,39
Koraput,2018-12,235,111,47.23,16,15
Sambalpur,2018-12,408,210,51.47,31,32
Puri,2018-12,400,214,53.5,32,36
Balasore,2018-12,419,189,45.11,28,28
Rourkela,2018-12,629,276,43.88,41,36
Mayurbhanj,2018-12,223,107,47.98,16,16
Cuttack,2018-12,807,327,40.52,49,63
Kalahandi,2018-12,180,61,33.89,9,12
Bhubaneswar,2019-01,916,400,43.67,60,67
Ganjam,2019-01,553,317,57.32,47,50
Koraput,2019-01,259,96,37.07,14,11
Sambalpur,2019-01,439,256,58.31,38,41
Puri,2019-01,373,128,34.32,19,24
Balasore,2019-01,398,169,42.46,25,31
Rourkela,2019-01,660,371,56.21,55,67
Mayurbhanj,2019-01,205,118,57.56,17,21
Cuttack,2019-01,871,307,35.25,46,50
Kalahandi,2019-01,180,66,36.67,9,14
Bhubaneswar,2019-02,929,333,35.84,49,50
Ganjam,2019-02,495,212,42.83,31,33
Koraput,2019-02,246,79,32.11,11,14
Sambalpur,2019-02,479,131,27.35,19,21
Puri,2019-02,349,195,55.87,29,28
Balasore,2019-02,410,217,52.93,32,36
Rourkela,2019-02,647,357,55.18,53,58
Mayurbhanj,2019-02,230,95,41.3,14,19
Cuttack,2019-02,869,273,31.42,40,46
Kalahandi,2019-02,188,90,47.87,13,13
Bhubaneswar,2019-03,931,308,33.08,46,50
Ganjam,2019-03,536,272,50.75,40,41
Koraput,2019-03,228,110,48.25,16,9
Sambalpur,2019-03,456,193,42.32,28,38
Puri,2019-03,341,84,24.63,12,12
Balasore,2019-03,401,149,37.16,22,25
Rourkela,2019-03,623,355,56.98,53,68
Mayurbhanj,2019-03,217,85,39.17,12,17
Cuttack,2019-03,853,431,50.53,64,79
Kalahandi,2019-03,196,75,38.27,11,17
Bhubaneswar,2019-04,848,393,46.34,58,76
Ganjam,2019-04,533,216,40.53,32,43
Koraput,2019-04,221,101,45.7,15,19
Sambalpur,2019-04,438,158,36.07,23,30
Puri,2019-04,333,201,60.36,30,40
Balasore,2019-04,431,215,49.88,32,33
Rourkela,2019-04,670,252,37.61,37,38
Mayurbhanj,2019-04,223,127,56.95,19,16
Cuttack,2019-04,833,493,59.18,73,75
Kalahandi,2019-04,178,99,55.62,14,16
Bhubaneswar,2019-05,853,409,47.95,61,65
Ganjam,2019-05,537,323,60.15,48,52
Koraput,2019-05,227,92,40.53,13,12
Sambalpur,2019-05,466,162,34.76,24,21
Puri,2019-05,384,157,40.89,23,23
Balasore,2019-05,434,203,46.77,30,32
Rourkela,2019-05,669,299,44.69,44,51
Mayurbhanj,2019-05,193,55,28.5,8,10
Cuttack,2019-05,816,453,55.51,67,80
Kalahandi,2019-05,193,91,47.15,13,9
Bhubaneswar,2019-06,951,422,44.37,63,76
Ganjam,2019-06,509,265,52.06,39,38
Koraput,2019-06,255,90,35.29,13,19
Sambalpur,2019-06,438,199,45.43,29,32
Puri,2019-06,380,181,47.63,27,29
Balasore,2019-06,400,175,43.75,26,28
Rourkela,2019-06,653,267,40.89,40,41
Mayurbhanj,2019-06,208,89,42.79,13,12
Cuttack,2019-06,897,533,59.42,79,92
Kalahandi,2019-06,171,83,48.54,12,8
Bhubaneswar,2019-07,863,316,36.62,47,53
Ganjam,2019-07,513,287,55.95,43,49
Koraput,2019-07,249,112,44.98,16,16
Sambalpur,2019-07,419,170,40.57,25,30
Puri,2019-07,367,219,59.67,32,32
Balasore,2019-07,409,136,33.25,20,22
Rourkela,2019-07,670,409,61.04,61,66
Mayurbhanj,2019-07,200,74,37.0,11,10
Cuttack,2019-07,837,331,39.55,49,53
Kalahandi,2019-07,205,68,33.17,10,8
Bhubaneswar,2019-08,925,365,39.46,54,53
Ganjam,2019-08,544,220,40.44,33,44
Koraput,2019-08,236,54,22.88,8,10
Sambalpur,2019-08,425,168,39.53,25,29
Puri,2019-08,381,212,55.64,31,36
Balasore,2019-08,435,201,46.21,30,34
Rourkela,2019-08,657,290,44.14,43,48
Mayurbhanj,2019-08,202,115,56.93,17,13
Cuttack,2019-08,815,309,37.91,46,60
Kalahandi,2019-08,171,44,25.73,6,7
Bhubaneswar,2019-09,940,545,57.98,81,104
Ganjam,2019-09,554,280,50.54,42,45
Koraput,2019-09,222,73,32.88,10,8
Sambalpur,2019-09,463,210,45.36,31,27
Puri,2019-09,402,182,45.27,27,27
Balasore,2019-09,439,177,40.32,26,29
Rourkela,2019-09,632,336,53.16,50,47
Mayurbhanj,2019-09,195,91,46.67,13,15
Cuttack,2019-09,875,355,40.57,53,56
Kalahandi,2019-09,174,52,29.89,7,11
Bhubaneswar,2019-10,920,401,43.59,60,81
Ganjam,2019-10,527,290,55.03,43,41
Koraput,2019-10,222,92,41.44,13,13
Sambalpur,2019-10,474,239,50.42,35,32
Puri,2019-10,336,171,50.89,25,31
Balasore,2019-10,455,224,49.23,33,29
Rourkela,2019-10,657,328,49.92,49,56
Mayurbhanj,2019-10,232,95,40.95,14,19
Cuttack,2019-10,862,531,61.6,79,95
Kalahandi,2019-10,188,95,50.53,14,16
Bhubaneswar,2019-11,911,334,36.66,50,58
Ganjam,2019-11,579,325,56.13,48,57
Koraput,2019-11,231,83,35.93,12,15
Sambalpur,2019-11,408,166,40.69,24,28
Puri,2019-11,374,206,55.08,30,31
Balasore,2019-11,442,243,54.98,36,47
Rourkela,2019-11,642,260,40.5,39,51
Mayurbhanj,2019-11,217,108,49.77,16,17
Cuttack,2019-11,820,380,46.34,57,54
Kalahandi,2019-11,176,76,43.18,11,10
Bhubaneswar,2019-12,899,532,59.18,79,88
Ganjam,2019-12,577,342,59.27,51,62
Koraput,2019-12,227,107,47.14,16,13
Sambalpur,2019-12,462,146,31.6,21,19
Puri,2019-12,387,135,34.88,20,20
Balasore,2019-12,419,147,35.08,22,25
Rourkela,2019-12,673,365,54.23,54,61
Mayurbhanj,2019-12,228,109,47.81,16,23
Cuttack,2019-12,818,349,42.67,52,54
Kalahandi,2019-12,164,74,45.12,11,12
Bhubaneswar,2020-01,914,484,52.95,72,95
Ganjam,2020-01,529,237,44.8,35,39
Koraput,2020-01,257,60,23.35,9,10
Sambalpur,2020-01,407,158,38.82,23,28
Puri,2020-01,359,174,48.47,26,28
Balasore,2020-01,410,126,30.73,18,23
Rourkela,2020-01,706,252,35.69,37,39
Mayurbhanj,2020-01,211,88,41.71,13,15
Cuttack,2020-01,879,457,51.99,68,67
Kalahandi,2020-01,182,65,35.71,9,4
Bhubaneswar,2020-02,888,446,50.23,66,64
Ganjam,2020-02,542,321,59.23,48,52
Koraput,2020-02,216,68,31.48,10,13
Sambalpur,2020-02,445,189,42.47,28,30
Puri,2020-02,362,174,48.07,26,23
Balasore,2020-02,433,256,59.12,38,48
Rourkela,2020-02,643,268,41.68,40,69
Mayurbhanj,2020-02,206,103,50.0,15,16
Cuttack,2020-02,837,492,58.78,73,69
Kalahandi,2020-02,177,60,33.9,9,5
Bhubaneswar,2020-03,892,418,46.86,62,72
Ganjam,2020-03,550,293,53.27,43,56
Koraput,2020-03,233,125,53.65,18,22
Sambalpur,2020-03,435,218,50.11,32,37
Puri,2020-03,391,215,54.99,32,35
Balasore,2020-03,399,162,40.6,24,33
Rourkela,2020-03,644,373,57.92,55,61
Mayurbhanj,2020-03,220,93,42.27,13,13
Cuttack,2020-03,838,448,53.46,67,65
Kalahandi,2020-03,179,99,55.31,14,20
Bhubaneswar,2020-04,945,389,41.16,58,78
Ganjam,2020-04,556,225,40.47,33,38
Koraput,2020-04,254,95,37.4,14,12
Sambalpur,2020-04,470,252,53.62,37,37
Puri,2020-04,380,133,35.0,19,26
Balasore,2020-04,404,141,34.9,21,13
Rourkela,2020-04,663,433,65.31,64,72
Mayurbhanj,2020-04,216,121,56.02,18,17
Cuttack,2020-04,825,400,48.48,60,70
Kalahandi,2020-04,214,63,29.44,9,3
Bhubaneswar,2020-05,925,417,45.08,62,82
Ganjam,2020-05,499,278,55.71,41,39
Koraput,2020-05,227,62,27.31,9,7
Sambalpur,2020-05,458,203,44.32,30,30
Puri,2020-05,375,237,63.2,35,30
Balasore,2020-05,437,158,36.16,23,31
Rourkela,2020-05,684,425,62.13,63,75
Mayurbhanj,2020-05,220,118,53.64,17,18
Cuttack,2020-05,854,410,48.01,61,70
Kalahandi,2020-05,214,99,46.26,14,29
Bhubaneswar,2020-06,905,504,55.69,75,77
Ganjam,2020-06,531,181,34.09,27,21
Koraput,2020-06,235,74,31.49,11,11
Sambalpur,2020-06,434,154,35.48,23,24
Puri,2020-06,347,171,49.28,25,21
Balasore,2020-06,454,225,49.56,33,47
Rourkela,2020-06,682,333,48.83,49,41
Mayurbhanj,2020-06,199,104,52.26,15,16
Cuttack,2020-06,812,292,35.96,43,33
Kalahandi,2020-06,198,77,38.89,11,11
Bhubaneswar,2020-07,899,277,30.81,41,53
Ganjam,2020-07,549,305,55.56,45,47
Koraput,2020-07,224,82,36.61,12,13
Sambalpur,2020-07,456,218,47.81,32,31
Puri,2020-07,379,146,38.52,21,15
Balasore,2020-07,434,185,42.63,27,24
Rourkela,2020-07,697,323,46.34,48,58
Mayurbhanj,2020-07,214,100,46.73,15,21
Cuttack,2020-07,851,284,33.37,42,52
Kalahandi,2020-07,155,60,38.71,9,4
Bhubaneswar,2020-08,880,281,31.93,42,38
Ganjam,2020-08,534,247,46.25,37,41
Koraput,2020-08,228,76,33.33,11,12
Sambalpur,2020-08,461,146,31.67,21,31
Puri,2020-08,374,154,41.18,23,27
Balasore,2020-08,439,177,40.32,26,31
Rourkela,2020-08,697,419,60.11,62,74
Mayurbhanj,2020-08,218,93,42.66,13,12
Cuttack,2020-08,806,303,37.59,45,58
Kalahandi,2020-08,166,91,54.82,13,14
Bhubaneswar,2020-09,925,461,49.84,69,72
Ganjam,2020-09,496,244,49.19,36,38
Koraput,2020-09,234,156,66.67,23,22
Sambalpur,2020-09,444,128,28.83,19,19
Puri,2020-09,372,148,39.78,22,25
Balasore,2020-09,453,246,54.3,36,39
Rourkela,2020-09,647,307,47.45,46,55
Mayurbhanj,2020-09,197,114,57.87,17,16
Cuttack,2020-09,835,434,51.98,65,75
Kalahandi,2020-09,183,52,28.42,7,7
Bhubaneswar,2020-10,899,373,41.49,55,51
Ganjam,2020-10,532,200,37.59,30,38
Koraput,2020-10,251,135,53.78,20,22
Sambalpur,2020-10,411,231,56.2,34,46
Puri,2020-10,357,112,31.37,16,17
Balasore,2020-10,446,254,56.95,38,51
Rourkela,2020-10,628,283,45.06,42,42
Mayurbhanj,2020-10,185,71,38.38,10,15
Cuttack,2020-10,845,242,28.64,36,37
Kalahandi,2020-10,173,61,35.26,9,12
Bhubaneswar,2020-11,895,285,31.84,42,39
Ganjam,2020-11,555,193,34.77,28,22
Koraput,2020-11,245,118,48.16,17,24
Sambalpur,2020-11,441,219,49.66,32,35
Puri,2020-11,363,125,34.44,18,20
Balasore,2020-11,426,235,55.16,35,33
Rourkela,2020-11,647,343,53.01,51,62
Mayurbhanj,2020-11,212,97,45.75,14,13
Cuttack,2020-11,805,317,39.38,47,53
Kalahandi,2020-11,186,79,42.47,11,8
Bhubaneswar,2020-12,872,419,48.05,62,63
Ganjam,2020-12,537,176,32.77,26,29
Koraput,2020-12,267,153,57.3,22,26
Sambalpur,2020-12,451,169,37.47,25,23
Puri,2020-12,362,144,39.78,21,22
Balasore,2020-12,415,244,58.8,36,40
Rourkela,2020-12,663,403,60.78,60,53
Mayurbhanj,2020-12,217,70,32.26,10,10
Cuttack,2020-12,853,355,41.62,53,60
Kalahandi,2020-12,196,110,56.12,16,22
Bhubaneswar,2021-01,876,284,32.42,42,37
Ganjam,2021-01,480,215,44.79,32,33
Koraput,2021-01,240,93,38.75,13,11
Sambalpur,2021-01,448,157,35.04,23,24
Puri,2021-01,320,135,42.19,20,17
Balasore,2021-01,406,133,32.76,19,18
Rourkela,2021-01,665,255,38.35,38,43
Mayurbhanj,2021-01,211,121,57.35,18,16
Cuttack,2021-01,873,387,44.33,58,73
Kalahandi,2021-01,176,102,57.95,15,22
Bhubaneswar,2021-02,950,528,55.58,79,97
Ganjam,2021-02,547,280,51.19,42,45
Koraput,2021-02,214,72,33.64,10,10
Sambalpur,2021-02,451,266,58.98,39,31
Puri,2021-02,375,229,61.07,34,44
Balasore,2021-02,459,224,48.8,33,36
Rourkela,2021-02,690,261,37.83,39,47
Mayurbhanj,2021-02,231,100,43.29,15,15
Cuttack,2021-02,856,439,51.29,65,69
Kalahandi,2021-02,199,75,37.69,11,11
Bhubaneswar,2021-03,860,499,58.02,74,82
Ganjam,2021-03,524,263,50.19,39,36
Koraput,2021-03,214,145,67.76,21,22
Sambalpur,2021-03,459,262,57.08,39,37
Puri,2021-03,363,211,58.13,31,30
Balasore,2021-03,401,194,48.38,29,35
Rourkela,2021-03,679,240,35.35,36,37
Mayurbhanj,2021-03,183,108,59.02,16,13
Cuttack,2021-03,893,519,58.12,77,81
Kalahandi,2021-03,162,74,45.68,11,10
Bhubaneswar,2021-04,837,364,43.49,54,66
Ganjam,2021-04,551,272,49.36,40,37
Koraput,2021-04,258,101,39.15,15,13
Sambalpur,2021-04,423,171,40.43,25,27
Puri,2021-04,365,130,35.62,19,12
Balasore,2021-04,435,184,42.3,27,24
Rourkela,2021-04,625,208,33.28,31,30
Mayurbhanj,2021-04,209,74,35.41,11,11
Cuttack,2021-04,859,403,46.92,60,70
Kalahandi,2021-04,217,130,59.91,19,22
Bhubaneswar,2021-05,939,514,54.74,77,87
Ganjam,2021-05,539,301,55.84,45,40
Koraput,2021-05,251,163,64.94,24,29
Sambalpur,2021-05,423,141,33.33,21,22
Puri,2021-05,340,134,39.41,20,24
Balasore,2021-05,435,213,48.97,31,40
Rourkela,2021-05,623,183,29.37,27,30
Mayurbhanj,2021-05,203,98,48.28,14,12
Cuttack,2021-05,881,411,46.65,61,67
Kalahandi,2021-05,172,51,29.65,7,5
Bhubaneswar,2021-06,901,469,52.05,70,71
Ganjam,2021-06,568,293,51.58,43,36
Koraput,2021-06,236,110,46.61,16,20
Sambalpur,2021-06,459,274,59.69,41,37
Puri,2021-06,359,168,46.8,25,26
Balasore,2021-06,437,252,57.67,37,41
Rourkela,2021-06,643,318,49.46,47,52
Mayurbhanj,2021-06,220,92,41.82,13,14
Cuttack,2021-06,802,299,37.28,44,47
Kalahandi,2021-06,188,63,33.51,9,11
Bhubaneswar,2021-07,863,444,51.45,66,82
Ganjam,2021-07,552,319,57.79,47,54
Koraput,2021-07,234,147,62.82,22,22
Sambalpur,2021-07,458,179,39.08,26,21
Puri,2021-07,363,144,39.67,21,21
Balasore,2021-07,416,177,42.55,26,16
Rourkela,2021-07,610,227,37.21,34,38
Mayurbhanj,2021-07,206,80,38.83,12,15
Cuttack,2021-07,818,451,55.13,67,76
Kalahandi,2021-07,167,93,55.69,13,14
Bhubaneswar,2021-08,898,368,40.98,55,64
Ganjam,2021-08,489,156,31.9,23,27
Koraput,2021-08,225,114,50.67,17,18
Sambalpur,2021-08,432,172,39.81,25,33
Puri,2021-08,344,143,41.57,21,26
Balasore,2021-08,425,213,50.12,31,26
Rourkela,2021-08,706,234,33.14,35,39
Mayurbhanj,2021-08,243,132,54.32,19,16
Cuttack,2021-08,759,386,50.86,57,62
Kalahandi,2021-08,176,96,54.55,14,15
Bhubaneswar,2021-09,866,424,48.96,63,70
Ganjam,2021-09,553,228,41.23,34,43
Koraput,2021-09,226,123,54.42,18,16
Sambalpur,2021-09,454,180,39.65,27,31
Puri,2021-09,342,179,52.34,26,30
Balasore,2021-09,402,152,37.81,22,14
Rourkela,2021-09,679,378,55.67,56,58
Mayurbhanj,2021-09,222,105,47.3,15,14
Cuttack,2021-09,857,452,52.74,67,65
Kalahandi,2021-09,173,94,54.34,14,18
Bhubaneswar,2021-10,862,429,49.77,64,78
Ganjam,2021-10,557,258,46.32,38,40
Koraput,2021-10,254,79,31.1,11,14
Sambalpur,2021-10,490,249,50.82,37,47
Puri,2021-10,371,166,44.74,24,26
Balasore,2021-10,419,167,39.86,25,26
Rourkela,2021-10,633,326,51.5,48,55
Mayurbhanj,2021-10,219,82,37.44,12,15
Cuttack,2021-10,873,496,56.82,74,87
Kalahandi,2021-10,177,74,41.81,11,8
Bhubaneswar,2021-11,916,485,52.95,72,86
Ganjam,2021-11,541,317,58.6,47,51
Koraput,2021-11,250,155,62.0,23,23
Sambalpur,2021-11,460,178,38.7,26,29
Puri,2021-11,409,170,41.56,25,27
Balasore,2021-11,453,263,58.06,39,39
Rourkela,2021-11,688,224,32.56,33,36
Mayurbhanj,2021-11,215,106,49.3,15,15
Cuttack,2021-11,810,348,42.96,52,62
Kalahandi,2021-11,180,111,61.67,16,15
Bhubaneswar,2021-12,960,538,56.04,80,71
Ganjam,2021-12,537,282,52.51,42,43
Koraput,2021-12,232,80,34.48,12,15
Sambalpur,2021-12,430,224,52.09,33,36
Puri,2021-12,369,109,29.54,16,15
Balasore,2021-12,424,221,52.12,33,33
Rourkela,2021-12,678,373,55.01,55,65
Mayurbhanj,2021-12,230,96,41.74,14,13
Cuttack,2021-12,828,525,63.41,78,82
Kalahandi,2021-12,178,62,34.83,9,9
Bhubaneswar,2022-01,899,377,41.94,56,64
Ganjam,2022-01,554,171,30.87,25,34
Koraput,2022-01,265,165,62.26,24,23
Sambalpur,2022-01,437,155,35.47,23,33
Puri,2022-01,356,178,50.0,26,33
Balasore,2022-01,410,135,32.93,20,26
Rourkela,2022-01,627,218,34.77,32,30
Mayurbhanj,2022-01,226,106,46.9,15,18
Cuttack,2022-01,806,428,53.1,64,90
Kalahandi,2022-01,184,110,59.78,16,20
Bhubaneswar,2022-02,871,359,41.22,53,50
Ganjam,2022-02,526,236,44.87,35,55
Koraput,2022-02,270,145,53.7,21,20
Sambalpur,2022-02,467,232,49.68,34,41
Puri,2022-02,356,220,61.8,33,28
Balasore,2022-02,366,114,31.15,17,18
Rourkela,2022-02,682,323,47.36,48,52
Mayurbhanj,2022-02,216,79,36.57,11,17
Cuttack,2022-02,833,379,45.5,56,55
Kalahandi,2022-02,165,45,27.27,6,7
Bhubaneswar,2022-03,896,321,35.83,48,56
Ganjam,2022-03,566,307,54.24,46,47
Koraput,2022-03,260,158,60.77,23,28
Sambalpur,2022-03,405,129,31.85,19,23
Puri,2022-03,359,156,43.45,23,24
Balasore,2022-03,444,169,38.06,25,18
Rourkela,2022-03,634,307,48.42,46,45
Mayurbhanj,2022-03,212,68,32.08,10,6
Cuttack,2022-03,842,343,40.74,51,69
Kalahandi,2022-03,188,60,31.91,9,11
Bhubaneswar,2022-04,921,551,59.83,82,85
Ganjam,2022-04,515,135,26.21,20,13
Koraput,2022-04,251,112,44.62,16,13
Sambalpur,2022-04,475,234,49.26,35,48
Puri,2022-04,381,144,37.8,21,23
Balasore,2022-04,398,205,51.51,30,35
Rourkela,2022-04,634,260,41.01,39,52
Mayurbhanj,2022-04,202,80,39.6,12,11
Cuttack,2022-04,880,370,42.05,55,48
Kalahandi,2022-04,194,87,44.85,13,14
Bhubaneswar,2022-05,885,384,43.39,57,74
Ganjam,2022-05,541,209,38.63,31,41
Koraput,2022-05,268,144,53.73,21,25
Sambalpur,2022-05,477,199,41.72,29,29
Puri,2022-05,356,159,44.66,23,19
Balasore,2022-05,401,253,63.09,37,37
Rourkela,2022-05,679,329,48.45,49,45
Mayurbhanj,2022-05,215,94,43.72,14,10
Cuttack,2022-05,780,331,42.44,49,47
Kalahandi,2022-05,184,97,52.72,14,13
Bhubaneswar,2022-06,888,315,35.47,47,49
Ganjam,2022-06,543,196,36.1,29,35
Koraput,2022-06,231,121,52.38,18,22
Sambalpur,2022-06,457,269,58.86,40,38
Puri,2022-06,352,172,48.86,25,28
Balasore,2022-06,467,202,43.25,30,32
Rourkela,2022-06,639,337,52.74,50,59
Mayurbhanj,2022-06,229,86,37.55,12,11
Cuttack,2022-06,840,367,43.69,55,58
Kalahandi,2022-06,170,65,38.24,9,3
Bhubaneswar,2022-07,912,289,31.69,43,43
Ganjam,2022-07,521,189,36.28,28,27
Koraput,2022-07,244,124,50.82,18,24
Sambalpur,2022-07,473,256,54.12,38,43
Puri,2022-07,362,212,58.56,31,32
Balasore,2022-07,444,173,38.96,25,28
Rourkela,2022-07,691,396,57.31,59,72
Mayurbhanj,2022-07,215,98,45.58,14,14
Cuttack,2022-07,843,457,54.21,68,74
Kalahandi,2022-07,173,84,48.55,12,16
Bhubaneswar,2022-08,874,322,36.84,48,50
Ganjam,2022-08,530,186,35.09,27,26
Koraput,2022-08,246,161,65.45,24,26
Sambalpur,2022-08,461,249,54.01,37,32
Puri,2022-08,381,189,49.61,28,31
Balasore,2022-08,417,198,47.48,29,38
Rourkela,2022-08,687,223,32.46,33,40
Mayurbhanj,2022-08,214,88,41.12,13,21
Cuttack,2022-08,824,457,55.46,68,80
Kalahandi,2022-08,171,66,38.6,9,9
Bhubaneswar,2022-09,936,378,40.38,56,71
Ganjam,2022-09,550,296,53.82,44,51
Koraput,2022-09,231,88,38.1,13,12
Sambalpur,2022-09,436,229,52.52,34,30
Puri,2022-09,368,215,58.42,32,29
Balasore,2022-09,426,214,50.23,32,35
Rourkela,2022-09,640,219,34.22,32,30
Mayurbhanj,2022-09,215,71,33.02,10,9
Cuttack,2022-09,846,327,38.65,49,54
Kalahandi,2022-09,188,64,34.04,9,9
Bhubaneswar,2022-10,900,427,47.44,64,63
Ganjam,2022-10,519,225,43.35,33,29
Koraput,2022-10,218,102,46.79,15,18
Sambalpur,2022-10,460,140,30.43,21,22
Puri,2022-10,365,125,34.25,18,19
Balasore,2022-10,440,226,51.36,33,48
Rourkela,2022-10,632,300,47.47,45,42
Mayurbhanj,2022-10,208,62,29.81,9,12
Cuttack,2022-10,864,445,51.5,66,82
Kalahandi,2022-10,184,102,55.43,15,14
Bhubaneswar,2022-11,914,398,43.54,59,55
Ganjam,2022-11,529,162,30.62,24,23
Koraput,2022-11,249,152,61.04,22,27
Sambalpur,2022-11,467,206,44.11,30,34
Puri,2022-11,360,143,39.72,21,24
Balasore,2022-11,400,213,53.25,31,34
Rourkela,2022-11,671,375,55.89,56,64
Mayurbhanj,2022-11,224,87,38.84,13,13
Cuttack,2022-11,841,459,54.58,68,65
Kalahandi,2022-11,173,60,34.68,9,4
Bhubaneswar,2022-12,902,355,39.36,53,56
Ganjam,2022-12,557,235,42.19,35,44
Koraput,2022-12,248,118,47.58,17,14
Sambalpur,2022-12,457,294,64.33,44,41
Puri,2022-12,345,162,46.96,24,22
Balasore,2022-12,420,186,44.29,27,31
Rourkela,2022-12,685,354,51.68,53,54
Mayurbhanj,2022-12,236,94,39.83,14,18
Cuttack,2022-12,851,309,36.31,46,42
Kalahandi,2022-12,169,76,44.97,11,16
Bhubaneswar,2023-01,864,434,50.23,65,77
Ganjam,2023-01,518,237,45.75,35,45
Koraput,2023-01,238,75,31.51,11,14
Sambalpur,2023-01,462,226,48.92,33,54
Puri,2023-01,372,99,26.61,14,18
Balasore,2023-01,431,186,43.16,27,31
Rourkela,2023-01,679,273,40.21,40,31
Mayurbhanj,2023-01,214,130,60.75,19,24
Cuttack,2023-01,852,319,37.44,47,46
Kalahandi,2023-01,149,71,47.65,10,10
Bhubaneswar,2023-02,968,284,29.34,42,46
Ganjam,2023-02,522,271,51.92,40,49
Koraput,2023-02,201,95,47.26,14,16
Sambalpur,2023-02,433,232,53.58,34,45
Puri,2023-02,333,197,59.16,29,35
Balasore,2023-02,409,146,35.7,21,20
Rourkela,2023-02,648,289,44.6,43,48
Mayurbhanj,2023-02,238,139,58.4,20,20
Cuttack,2023-02,861,344,39.95,51,57
Kalahandi,2023-02,168,45,26.79,6,4
Bhubaneswar,2023-03,875,273,31.2,40,39
Ganjam,2023-03,550,194,35.27,29,26
Koraput,2023-03,254,75,29.53,11,13
Sambalpur,2023-03,507,195,38.46,29,31
Puri,2023-03,362,113,31.22,16,24
Balasore,2023-03,427,123,28.81,18,23
Rourkela,2023-03,634,251,39.59,37,44
Mayurbhanj,2023-03,236,129,54.66,19,20
Cuttack,2023-03,824,475,57.65,71,71
Kalahandi,2023-03,186,79,42.47,11,9
Bhubaneswar,2023-04,879,296,33.67,44,44
Ganjam,2023-04,576,311,53.99,46,47
Koraput,2023-04,256,111,43.36,16,18
Sambalpur,2023-04,473,243,51.37,36,43
Puri,2023-04,350,163,46.57,24,27
Balasore,2023-04,413,216,52.3,32,32
Rourkela,2023-04,661,384,58.09,57,54
Mayurbhanj,2023-04,200,108,54.0,16,14
Cuttack,2023-04,803,427,53.18,64,72
Kalahandi,2023-04,181,87,48.07,13,13
Bhubaneswar,2023-05,877,379,43.22,56,68
Ganjam,2023-05,566,258,45.58,38,45
Koraput,2023-05,252,132,52.38,19,29
Sambalpur,2023-05,444,246,55.41,36,45
Puri,2023-05,337,192,56.97,28,33
Balasore,2023-05,441,211,47.85,31,36
Rourkela,2023-05,677,389,57.46,58,68
Mayurbhanj,2023-05,211,77,36.49,11,16
Cuttack,2023-05,809,311,38.44,46,48
Kalahandi,2023-05,188,84,44.68,12,14
Bhubaneswar,2023-06,883,358,40.54,53,63
Ganjam,2023-06,531,163,30.7,24,24
Koraput,2023-06,255,169,66.27,25,31
Sambalpur,2023-06,444,266,59.91,39,41
Puri,2023-06,385,119,30.91,17,20
Balasore,2023-06,420,160,38.1,24,29
Rourkela,2023-06,640,317,49.53,47,47
Mayurbhanj,2023-06,208,110,52.88,16,25
Cuttack,2023-06,916,380,41.48,57,59
Kalahandi,2023-06,161,109,67.7,16,14
Bhubaneswar,2023-07,906,486,53.64,72,90
Ganjam,2023-07,533,217,40.71,32,21
Koraput,2023-07,242,122,50.41,18,14
Sambalpur,2023-07,438,204,46.58,30,30
Puri,2023-07,375,185,49.33,27,30
Balasore,2023-07,398,151,37.94,22,15
Rourkela,2023-07,654,280,42.81,42,38
Mayurbhanj,2023-07,201,83,41.29,12,11
Cuttack,2023-07,855,481,56.26,72,78
Kalahandi,2023-07,181,101,55.8,15,14
Bhubaneswar,2023-08,918,457,49.78,68,89
Ganjam,2023-08,550,226,41.09,33,28
Koraput,2023-08,249,114,45.78,17,17
Sambalpur,2023-08,470,238,50.64,35,31
Puri,2023-08,370,135,36.49,20,17
Balasore,2023-08,385,198,51.43,29,35
Rourkela,2023-08,684,298,43.57,44,51
Mayurbhanj,2023-08,194,91,46.91,13,17
Cuttack,2023-08,840,431,51.31,64,68
Kalahandi,2023-08,170,102,60.0,15,23
Bhubaneswar,2023-09,935,407,43.53,61,80
Ganjam,2023-09,558,166,29.75,24,39
Koraput,2023-09,219,84,38.36,12,17
Sambalpur,2023-09,451,265,58.76,39,49
Puri,2023-09,333,183,54.95,27,31
Balasore,2023-09,440,238,54.09,35,31
Rourkela,2023-09,666,310,46.55,46,48
Mayurbhanj,2023-09,200,93,46.5,13,10
Cuttack,2023-09,855,279,32.63,41,46
Kalahandi,2023-09,175,84,48.0,12,14
Bhubaneswar,2023-10,851,422,49.59,63,89
Ganjam,2023-10,531,210,39.55,31,30
Koraput,2023-10,245,107,43.67,16,13
Sambalpur,2023-10,430,155,36.05,23,23
Puri,2023-10,384,117,30.47,17,28
Balasore,2023-10,385,225,58.44,33,43
Rourkela,2023-10,735,444,60.41,66,73
Mayurbhanj,2023-10,228,110,48.25,16,18
Cuttack,2023-10,815,377,46.26,56,67
Kalahandi,2023-10,192,58,30.21,8,12
Bhubaneswar,2023-11,879,478,54.38,71,83
Ganjam,2023-11,526,244,46.39,36,26
Koraput,2023-11,242,100,41.32,15,10
Sambalpur,2023-11,459,182,39.65,27,29
Puri,2023-11,349,114,32.66,17,27
Balasore,2023-11,440,210,47.73,31,33
Rourkela,2023-11,676,266,39.35,39,43
Mayurbhanj,2023-11,223,116,52.02,17,21
Cuttack,2023-11,878,443,50.46,66,63
Kalahandi,2023-11,208,82,39.42,12,10
Bhubaneswar,2023-12,874,289,33.07,43,58
Ganjam,2023-12,538,232,43.12,34,32
Koraput,2023-12,236,101,42.8,15,28
Sambalpur,2023-12,478,205,42.89,30,36
Puri,2023-12,382,177,46.34,26,46
Balasore,2023-12,418,180,43.06,27,35
Rourkela,2023-12,638,354,55.49,53,58
Mayurbhanj,2023-12,223,97,43.5,14,24
Cuttack,2023-12,826,442,53.51,66,75
Kalahandi,2023-12,157,95,60.51,14,13
Bhubaneswar,2024-01,874,430,49.2,64,78
Ganjam,2024-01,581,236,40.62,35,36
Koraput,2024-01,247,77,31.17,11,12
Sambalpur,2024-01,469,234,49.89,35,35
Puri,2024-01,357,103,28.85,15,22
Balasore,2024-01,416,161,38.7,24,29
Rourkela,2024-01,668,221,33.08,33,38
Mayurbhanj,2024-01,238,78,32.77,11,14
Cuttack,2024-01,780,314,40.26,47,55
Kalahandi,2024-01,185,66,35.68,9,9
Bhubaneswar,2024-02,919,346,37.65,51,60
Ganjam,2024-02,529,296,55.95,44,50
Koraput,2024-02,230,99,43.04,14,18
Sambalpur,2024-02,433,127,29.33,19,21
Puri,2024-02,345,136,39.42,20,22
Balasore,2024-02,406,198,48.77,29,42
Rourkela,2024-02,645,310,48.06,46,43
Mayurbhanj,2024-02,234,122,52.14,18,31
Cuttack,2024-02,859,472,54.95,70,73
Kalahandi,2024-02,173,112,64.74,16,12
Bhubaneswar,2024-03,906,381,42.05,57,69
Ganjam,2024-03,527,276,52.37,41,33
Koraput,2024-03,230,143,62.17,21,22
Sambalpur,2024-03,479,274,57.2,41,42
Puri,2024-03,391,143,36.57,21,37
Balasore,2024-03,390,205,52.56,30,34
Rourkela,2024-03,638,234,36.68,35,39
Mayurbhanj,2024-03,166,97,58.43,14,14
Cuttack,2024-03,873,404,46.28,60,62
Kalahandi,2024-03,156,81,51.92,12,18
Bhubaneswar,2024-04,900,306,34.0,45,48
Ganjam,2024-04,538,301,55.95,45,45
Koraput,2024-04,230,66,28.7,9,12
Sambalpur,2024-04,433,178,41.11,26,22
Puri,2024-04,375,206,54.93,30,43
Balasore,2024-04,444,171,38.51,25,34
Rourkela,2024-04,612,191,31.21,28,26
Mayurbhanj,2024-04,209,82,39.23,12,8
Cuttack,2024-04,855,404,47.25,60,69
Kalahandi,2024-04,183,58,31.69,8,5
Bhubaneswar,2024-05,953,509,53.41,76,82
Ganjam,2024-05,514,241,46.89,36,43
Koraput,2024-05,254,159,62.6,23,35
Sambalpur,2024-05,453,164,36.2,24,26
Puri,2024-05,336,140,41.67,21,25
Balasore,2024-05,441,245,55.56,36,33
Rourkela,2024-05,653,349,53.45,52,54
Mayurbhanj,2024-05,204,53,25.98,7,8
Cuttack,2024-05,852,500,58.69,75,79
Kalahandi,2024-05,186,86,46.24,12,13
Bhubaneswar,2024-06,910,364,40.0,54,51
Ganjam,2024-06,510,287,56.27,43,49
Koraput,2024-06,233,108,46.35,16,20
Sambalpur,2024-06,477,272,57.02,40,47
Puri,2024-06,351,174,49.57,26,31
Balasore,2024-06,407,191,46.93,28,32
Rourkela,2024-06,667,331,49.63,49,51
Mayurbhanj,2024-06,183,73,39.89,10,14
Cuttack,2024-06,909,471,51.82,70,79
Kalahandi,2024-06,173,69,39.88,10,16
Bhubaneswar,2024-07,921,353,38.33,52,60
Ganjam,2024-07,565,281,49.73,42,43
Koraput,2024-07,255,132,51.76,19,18
Sambalpur,2024-07,445,138,31.01,20,23
Puri,2024-07,368,151,41.03,22,27
Balasore,2024-07,403,221,54.84,33,35
Rourkela,2024-07,644,183,28.42,27,28
Mayurbhanj,2024-07,207,65,31.4,9,10
Cuttack,2024-07,851,480,56.4,72,63
Kalahandi,2024-07,174,63,36.21,9,11
Bhubaneswar,2024-08,921,463,50.27,69,60
Ganjam,2024-08,571,295,51.66,44,44
Koraput,2024-08,238,146,61.34,21,18
Sambalpur,2024-08,461,185,40.13,27,26
Puri,2024-08,339,144,42.48,21,21
Balasore,2024-08,411,135,32.85,20,25
Rourkela,2024-08,665,296,44.51,44,50
Mayurbhanj,2024-08,217,86,39.63,12,4
Cuttack,2024-08,833,423,50.78,63,74
Kalahandi,2024-08,183,111,60.66,16,15
Bhubaneswar,2024-09,851,270,31.73,40,46
Ganjam,2024-09,515,200,38.83,30,40
Koraput,2024-09,229,123,53.71,18,38
Sambalpur,2024-09,450,223,49.56,33,39
Puri,2024-09,362,183,50.55,27,33
Balasore,2024-09,393,190,48.35,28,20
Rourkela,2024-09,682,220,32.26,33,34
Mayurbhanj,2024-09,211,135,63.98,20,18
Cuttack,2024-09,809,390,48.21,58,72
Kalahandi,2024-09,165,103,62.42,15,17
Bhubaneswar,2024-10,954,551,57.76,82,90
Ganjam,2024-10,544,281,51.65,42,47
Koraput,2024-10,244,106,43.44,15,17
Sambalpur,2024-10,431,171,39.68,25,28
Puri,2024-10,352,178,50.57,26,25
Balasore,2024-10,428,267,62.38,40,37
Rourkela,2024-10,665,369,55.49,55,57
Mayurbhanj,2024-10,231,85,36.8,12,19
Cuttack,2024-10,838,445,53.1,66,75
Kalahandi,2024-10,173,59,34.1,8,8
Bhubaneswar,2024-11,880,478,54.32,71,87
Ganjam,2024-11,558,244,43.73,36,46
Koraput,2024-11,262,130,49.62,19,18
Sambalpur,2024-11,423,133,31.44,19,27
Puri,2024-11,349,133,38.11,19,9
Balasore,2024-11,420,125,29.76,18,27
Rourkela,2024-11,643,247,38.41,37,34
Mayurbhanj,2024-11,226,151,66.81,22,28
Cuttack,2024-11,860,452,52.56,67,59
Kalahandi,2024-11,170,64,37.65,9,7
Bhubaneswar,2024-12,907,422,46.53,63,72
Ganjam,2024-12,532,215,40.41,32,35
Koraput,2024-12,262,155,59.16,23,13
Sambalpur,2024-12,447,143,31.99,21,22
Puri,2024-12,376,202,53.72,30,30
Balasore,2024-12,420,238,56.67,35,35
Rourkela,2024-12,700,227,32.43,34,24
Mayurbhanj,2024-12,213,71,33.33,10,15
Cuttack,2024-12,811,282,34.77,42,52
Kalahandi,2024-12,191,53,27.75,7,10
Bhubaneswar,2025-01,911,355,38.97,53,48
Ganjam,2025-01,542,209,38.56,31,41
Koraput,2025-01,254,149,58.66,22,34
Sambalpur,2025-01,427,169,39.58,25,24
Puri,2025-01,391,172,43.99,25,24
Balasore,2025-01,411,223,54.26,33,40
Rourkela,2025-01,682,389,57.04,58,54
Mayurbhanj,2025-01,229,75,32.75,11,11
Cuttack,2025-01,883,361,40.88,54,66
Kalahandi,2025-01,167,44,26.35,6,5
Bhubaneswar,2025-02,892,467,52.35,70,82
Ganjam,2025-02,512,233,45.51,34,37
Koraput,2025-02,254,113,44.49,16,20
Sambalpur,2025-02,477,181,37.95,27,25
Puri,2025-02,373,159,42.63,23,27
Balasore,2025-02,424,139,32.78,20,26
Rourkela,2025-02,639,189,29.58,28,27
Mayurbhanj,2025-02,233,99,42.49,14,17
Cuttack,2025-02,848,433,51.06,64,74
Kalahandi,2025-02,183,73,39.89,10,10
Bhubaneswar,2025-03,955,479,50.16,71,65
Ganjam,2025-03,534,190,35.58,28,26
Koraput,2025-03,257,92,35.8,13,11
Sambalpur,2025-03,464,130,28.02,19,30
Puri,2025-03,384,218,56.77,32,32
Balasore,2025-03,424,161,37.97,24,23
Rourkela,2025-03,639,223,34.9,33,31
Mayurbhanj,2025-03,207,94,45.41,14,20
Cuttack,2025-03,850,321,37.76,48,38
Kalahandi,2025-03,174,53,30.46,7,4
Bhubaneswar,2025-04,942,457,48.51,68,82
Ganjam,2025-04,573,278,48.52,41,53
Koraput,2025-04,257,147,57.2,22,27
Sambalpur,2025-04,460,224,48.7,33,43
Puri,2025-04,379,183,48.28,27,27
Balasore,2025-04,384,163,42.45,24,29
Rourkela,2025-04,664,355,53.46,53,77
Mayurbhanj,2025-04,223,126,56.5,18,24
Cuttack,2025-04,841,537,63.85,80,76
Kalahandi,2025-04,197,71,36.04,10,15
Bhubaneswar,2025-05,942,415,44.06,62,65
Ganjam,2025-05,558,238,42.65,35,39
Koraput,2025-05,242,128,52.89,19,22
Sambalpur,2025-05,447,231,51.68,34,45
Puri,2025-05,351,193,54.99,28,32
Balasore,2025-05,439,115,26.2,17,17
Rourkela,2025-05,719,295,41.03,44,46
Mayurbhanj,2025-05,237,115,48.52,17,20
Cuttack,2025-05,856,443,51.75,66,62
Kalahandi,2025-05,207,81,39.13,12,20
Bhubaneswar,2025-06,831,377,45.37,56,63
Ganjam,2025-06,555,339,61.08,50,54
Koraput,2025-06,248,125,50.4,18,22
Sambalpur,2025-06,461,218,47.29,32,35
Puri,2025-06,347,100,28.82,15,19
Balasore,2025-06,425,274,64.47,41,41
Rourkela,2025-06,672,261,38.84,39,41
Mayurbhanj,2025-06,227,147,64.76,22,21
Cuttack,2025-06,848,398,46.93,59,59
Kalahandi,2025-06,202,78,38.61,11,7
Bhubaneswar,2025-07,891,476,53.42,71,84
Ganjam,2025-07,529,292,55.2,43,45
Koraput,2025-07,250,116,46.4,17,18
Sambalpur,2025-07,438,187,42.69,28,33
Puri,2025-07,403,206,51.12,30,24
Balasore,2025-07,465,275,59.14,41,46
Rourkela,2025-07,668,358,53.59,53,65
Mayurbhanj,2025-07,224,100,44.64,15,18
Cuttack,2025-07,837,269,32.14,40,43
Kalahandi,2025-07,185,89,48.11,13,17
Bhubaneswar,2025-08,873,496,56.82,74,81
Ganjam,2025-08,518,263,50.77,39,44
Koraput,2025-08,248,93,37.5,13,10
Sambalpur,2025-08,420,237,56.43,35,39
Puri,2025-08,357,144,40.34,21,15
Balasore,2025-08,452,228,50.44,34,42
Rourkela,2025-08,669,349,52.17,52,59
Mayurbhanj,2025-08,224,101,45.09,15,17
Cuttack,2025-08,802,434,54.11,65,76
Kalahandi,2025-08,158,55,34.81,8,1
Bhubaneswar,2025-09,900,453,50.33,67,87
Ganjam,2025-09,539,215,39.89,32,43
Koraput,2025-09,244,121,49.59,18,24
Sambalpur,2025-09,485,162,33.4,24,21
Puri,2025-09,330,138,41.82,20,21
Balasore,2025-09,456,209,45.83,31,31
Rourkela,2025-09,634,250,39.43,37,42
Mayurbhanj,2025-09,200,113,56.5,16,17
Cuttack,2025-09,796,429,53.89,64,74
Kalahandi,2025-09,174,59,33.91,8,7
Bhubaneswar,2025-10,894,387,43.29,58,65
Ganjam,2025-10,586,341,58.19,51,38
Koraput,2025-10,265,86,32.45,12,10
Sambalpur,2025-10,451,265,58.76,39,50
Puri,2025-10,374,163,43.58,24,25
Balasore,2025-10,434,135,31.11,20,23
Rourkela,2025-10,658,379,57.6,56,56
Mayurbhanj,2025-10,210,101,48.1,15,11
Cuttack,2025-10,879,463,52.67,69,77
Kalahandi,2025-10,172,65,37.79,9,9
Bhubaneswar,2025-11,884,506,57.24,75,98
Ganjam,2025-11,513,286,55.75,42,45
Koraput,2025-11,244,147,60.25,22,27
Sambalpur,2025-11,464,263,56.68,39,46
Puri,2025-11,338,155,45.86,23,24
Balasore,2025-11,445,172,38.65,25,31
Rourkela,2025-11,703,363,51.64,54,55
Mayurbhanj,2025-11,214,79,36.92,11,8
Cuttack,2025-11,803,260,32.38,39,37
Kalahandi,2025-11,180,49,27.22,7,7
