district,month,notice_129_bnss,bound_129_bnss,notice_126_bnss,bound_126_bnss,booked_under_nsa,nbw_executed,chanda_cases_registered,chanda_persons_arrested,blockings_border_sealed,organized_crime_action
Bhubaneswar,2015-01,169,136,119,88,2,267,11,12,29,2
Ganjam,2015-01,86,63,71,66,2,168,6,5,17,1
Koraput,2015-01,41,41,29,29,3,70,0,4,8,1
Sambalpur,2015-01,69,55,58,46,0,119,2,4,13,0
Puri,2015-01,60,46,37,20,0,95,1,6,16,0
Balasore,2015-01,68,58,67,48,2,112,4,5,22,2
Rourkela,2015-01,107,79,91,64,2,188,10,13,25,1
Mayurbhanj,2015-01,31,27,30,25,1,55,1,3,9,1
Cuttack,2015-01,134,111,122,87,2,219,9,10,30,3
Kalahandi,2015-01,28,15,21,19,1,59,1,4,5,0
Bhubaneswar,2015-02,134,96,133,114,2,249,10,9,32,2
Ganjam,2015-02,98,75,86,86,1,145,5,3,18,0
Koraput,2015-02,58,47,35,35,0,68,2,3,10,0
Sambalpur,2015-02,81,71,56,49,0,128,2,8,7,1
Puri,2015-02,69,40,58,46,1,104,6,6,23,1
Balasore,2015-02,64,59,53,36,0,117,6,1,11,1
Rourkela,2015-02,122,99,74,57,2,174,5,14,24,5
Mayurbhanj,2015-02,39,21,31,25,1,56,2,1,11,0
Cuttack,2015-02,162,132,117,98,3,198,4,7,34,7
Kalahandi,2015-02,29,27,22,16,1,55,2,0,2,1
Bhubaneswar,2015-03,145,115,130,105,2,245,12,10,33,3
Ganjam,2015-03,94,85,79,54,2,142,4,7,16,2
Koraput,2015-03,45,43,31,19,1,57,0,2,8,0
Sambalpur,2015-03,66,46,63,51,1,106,1,4,20,0
Puri,2015-03,56,46,43,26,0,98,5,3,6,5
Balasore,2015-03,62,55,51,43,1,95,2,6,12,1
Rourkela,2015-03,102,72,112,88,1,162,7,10,25,1
Mayurbhanj,2015-03,32,22,29,16,0,62,2,1,9,1
Cuttack,2015-03,166,130,109,94,3,214,5,13,30,2
Kalahandi,2015-03,27,22,17,10,3,35,3,4,6,0
Bhubaneswar,2015-04,158,115,112,88,4,243,9,12,29,1
Ganjam,2015-04,99,70,65,43,1,186,3,8,16,3
Koraput,2015-04,42,25,40,37,0,61,7,2,5,2
Sambalpur,2015-04,76,55,59,54,3,109,5,11,22,1
Puri,2015-04,53,41,53,38,1,95,5,0,15,1
Balasore,2015-04,71,71,58,56,0,103,2,4,15,2
Rourkela,2015-04,106,95,96,78,4,165,4,9,24,2
Mayurbhanj,2015-04,31,15,25,17,0,70,2,0,4,1
Cuttack,2015-04,149,105,112,86,0,250,3,8,39,1
Kalahandi,2015-04,33,20,21,19,1,52,4,1,5,2
Bhubaneswar,2015-05,146,104,123,85,0,245,9,11,30,3
Ganjam,2015-05,88,88,67,53,1,161,5,10,23,0
Koraput,2015-05,42,32,37,32,2,60,3,2,3,0
Sambalpur,2015-05,75,71,82,63,1,105,4,4,20,1
Puri,2015-05,52,45,51,34,0,97,4,2,15,1
Balasore,2015-05,71,54,66,60,1,111,2,3,12,1
Rourkela,2015-05,96,86,72,56,1,176,5,14,21,3
Mayurbhanj,2015-05,37,32,33,29,1,48,0,3,5,1
Cuttack,2015-05,134,104,98,59,0,232,9,19,21,0
Kalahandi,2015-05,29,23,22,13,1,46,4,3,7,3
Bhubaneswar,2015-06,153,120,124,85,1,251,8,9,36,5
Ganjam,2015-06,89,85,64,51,3,150,3,5,12,3
Koraput,2015-06,44,42,26,26,1,79,3,3,7,1
Sambalpur,2015-06,67,65,58,49,1,121,4,5,14,2
Puri,2015-06,60,43,52,38,2,102,3,5,10,1
Balasore,2015-06,63,54,64,39,1,118,3,7,17,0
Rourkela,2015-06,97,90,70,54,2,192,5,6,28,1
Mayurbhanj,2015-06,30,22,25,20,0,49,0,3,10,2
Cuttack,2015-06,125,103,107,86,3,222,9,9,23,5
Kalahandi,2015-06,32,31,22,11,1,45,4,1,5,0
Bhubaneswar,2015-07,139,131,116,74,0,228,14,13,31,2
Ganjam,2015-07,89,75,86,74,0,146,6,7,21,0
Koraput,2015-07,42,24,30,24,0,74,3,2,12,0
Sambalpur,2015-07,92,73,59,49,1,120,6,8,13,1
Puri,2015-07,49,45,42,33,1,82,2,1,14,2
Balasore,2015-07,63,63,56,40,3,105,4,7,20,0
Rourkela,2015-07,105,82,79,62,0,196,1,5,19,0
Mayurbhanj,2015-07,30,22,24,20,1,63,1,5,7,2
Cuttack,2015-07,120,104,102,86,2,228,10,16,34,5
Kalahandi,2015-07,38,27,24,18,2,39,1,3,7,1
Bhubaneswar,2015-08,149,131,108,90,2,274,13,3,33,3
Ganjam,2015-08,72,60,79,54,0,150,3,7,23,2
Koraput,2015-08,36,25,27,25,2,73,1,3,7,0
Sambalpur,2015-08,68,48,51,38,2,123,4,3,12,1
Puri,2015-08,61,47,62,54,1,98,4,5,8,1
Balasore,2015-08,74,62,54,42,1,122,3,10,10,1
Rourkela,2015-08,113,96,81,72,0,152,8,6,24,3
Mayurbhanj,2015-08,37,36,29,27,1,43,1,1,6,1
Cuttack,2015-08,150,118,112,84,2,225,9,7,21,1
Kalahandi,2015-08,37,37,25,14,2,48,2,0,13,2
Bhubaneswar,2015-09,147,116,118,91,0,227,10,11,31,4
Ganjam,2015-09,90,75,83,55,0,136,5,9,19,2
Koraput,2015-09,49,49,32,26,2,68,2,4,9,1
Sambalpur,2015-09,65,35,49,27,2,102,3,5,12,1
Puri,2015-09,66,49,46,42,2,75,4,1,17,0
Balasore,2015-09,70,47,41,26,3,98,6,2,14,0
Rourkela,2015-09,109,81,97,73,1,170,1,9,30,3
Mayurbhanj,2015-09,37,36,28,28,3,43,3,2,4,0
Cuttack,2015-09,134,119,90,75,2,221,9,10,21,1
Kalahandi,2015-09,28,21,24,24,0,46,3,0,8,1
Bhubaneswar,2015-10,164,132,117,88,1,235,7,5,22,2
Ganjam,2015-10,87,79,53,49,3,126,8,5,20,4
Koraput,2015-10,41,35,28,27,2,55,5,4,8,0
Sambalpur,2015-10,79,52,50,26,1,118,3,6,12,0
Puri,2015-10,65,57,51,44,1,109,5,3,9,0
Balasore,2015-10,69,55,66,49,1,112,3,6,13,1
Rourkela,2015-10,114,94,73,45,0,190,5,6,27,3
Mayurbhanj,2015-10,35,28,33,19,0,48,2,4,5,1
Cuttack,2015-10,115,98,110,89,2,224,11,11,29,2
Kalahandi,2015-10,32,29,22,15,1,53,2,3,4,2
Bhubaneswar,2015-11,164,129,101,74,3,231,8,7,28,4
Ganjam,2015-11,75,57,76,55,1,146,4,2,11,0
Koraput,2015-11,29,29,31,31,0,73,3,3,6,2
Sambalpur,2015-11,78,66,58,44,0,104,4,6,16,2
Puri,2015-11,54,52,60,50,0,81,7,5,13,0
Balasore,2015-11,59,46,51,45,0,108,5,3,20,1
Rourkela,2015-11,123,97,84,67,0,153,7,7,16,3
Mayurbhanj,2015-11,40,34,26,18,1,53,4,0,11,1
Cuttack,2015-11,154,103,85,57,0,204,11,9,25,5
Kalahandi,2015-11,37,35,23,23,0,52,0,4,6,1
Bhubaneswar,2015-12,128,101,125,99,1,236,6,16,30,5
Ganjam,2015-12,94,71,73,52,3,152,2,6,21,3
Koraput,2015-12,43,38,26,10,3,58,1,5,7,2
Sambalpur,2015-12,69,67,60,46,3,104,0,3,16,1
Puri,2015-12,69,59,41,34,1,106,4,3,7,0
Balasore,2015-12,66,45,60,43,3,116,7,8,14,1
Rourkela,2015-12,107,92,96,77,1,173,2,4,16,3
Mayurbhanj,2015-12,38,23,26,26,1,67,1,2,4,1
Cuttack,2015-12,145,103,111,67,3,240,11,11,29,3
Kalahandi,2015-12,31,31,31,18,2,41,1,1,9,0
Bhubaneswar,2016-01,142,105,116,89,1,266,8,7,25,2
Ganjam,2016-01,72,63,69,56,3,153,1,6,14,3
Koraput,2016-01,43,35,40,36,0,62,4,2,11,0
Sambalpur,2016-01,80,80,52,46,3,135,3,6,14,2
Puri,2016-01,56,50,46,35,2,88,4,4,16,1
Balasore,2016-01,67,56,56,46,0,95,4,6,17,4
Rourkela,2016-01,127,82,86,64,0,185,7,6,26,2
Mayurbhanj,2016-01,29,22,26,26,0,40,6,2,12,0
Cuttack,2016-01,131,100,125,100,1,218,9,13,26,4
Kalahandi,2016-01,29,25,32,25,2,49,1,0,6,1
Bhubaneswar,2016-02,148,109,105,91,1,257,9,16,14,2
Ganjam,2016-02,103,76,65,48,0,150,10,6,18,2
Koraput,2016-02,39,33,40,38,0,60,4,3,6,0
Sambalpur,2016-02,81,53,62,61,2,118,4,6,11,2
Puri,2016-02,67,52,45,41,0,116,4,4,9,0
Balasore,2016-02,82,75,57,36,2,99,3,2,12,2
Rourkela,2016-02,121,108,78,62,0,172,5,8,17,1
Mayurbhanj,2016-02,33,30,25,20,2,50,1,4,7,3
Cuttack,2016-02,150,136,103,77,0,234,10,14,27,1
Kalahandi,2016-02,38,31,22,20,0,46,0,3,6,4
Bhubaneswar,2016-03,164,132,119,83,4,244,9,14,27,3
Ganjam,2016-03,87,63,90,67,2,151,3,5,17,2
Koraput,2016-03,32,29,32,27,0,51,2,2,9,1
Sambalpur,2016-03,78,70,56,48,0,118,1,6,16,1
Puri,2016-03,63,46,52,37,1,100,5,6,11,1
Balasore,2016-03,70,53,51,35,2,121,4,4,16,0
Rourkela,2016-03,86,67,100,89,1,159,6,11,25,0
Mayurbhanj,2016-03,42,29,28,21,0,63,3,0,8,2
Cuttack,2016-03,132,107,137,103,1,204,12,8,24,2
Kalahandi,2016-03,24,19,21,15,0,40,3,1,5,1
Bhubaneswar,2016-04,153,121,114,95,3,240,9,10,30,1
Ganjam,2016-04,69,51,79,72,1,130,7,4,26,0
Koraput,2016-04,37,33,23,19,3,68,3,5,7,2
Sambalpur,2016-04,68,63,64,49,0,123,6,2,19,1
Puri,2016-04,58,36,34,26,4,101,1,4,17,1
Balasore,2016-04,65,58,64,59,1,116,2,3,12,6
Rourkela,2016-04,111,95,92,70,2,181,9,10,23,1
Mayurbhanj,2016-04,41,38,32,27,0,56,1,2,7,0
Cuttack,2016-04,135,103,129,83,2,270,6,6,37,3
Kalahandi,2016-04,41,33,21,14,1,56,2,2,6,2
Bhubaneswar,2016-05,161,143,131,115,1,228,7,12,37,3
Ganjam,2016-05,82,59,66,50,2,135,6,6,14,3
Koraput,2016-05,36,36,23,19,0,55,5,2,12,0
Sambalpur,2016-05,76,62,64,42,3,109,2,8,11,1
Puri,2016-05,67,59,37,25,2,88,2,5,13,0
Balasore,2016-05,70,55,57,40,0,100,5,3,19,3
Rourkela,2016-05,114,84,85,79,2,193,5,7,25,2
Mayurbhanj,2016-05,31,23,32,23,0,49,3,2,3,2
Cuttack,2016-05,130,102,104,95,1,207,8,11,27,4
Kalahandi,2016-05,29,22,25,25,0,55,1,5,2,0
Bhubaneswar,2016-06,162,123,110,84,3,244,9,10,32,1
Ganjam,2016-06,98,71,62,52,0,133,4,3,20,1
Koraput,2016-06,28,25,34,28,1,85,3,3,2,0
Sambalpur,2016-06,86,75,60,58,0,122,3,8,23,1
Puri,2016-06,45,39,36,21,1,87,4,5,15,2
Balasore,2016-06,57,54,46,37,2,134,5,4,13,1
Rourkela,2016-06,119,87,89,60,1,166,6,5,26,4
Mayurbhanj,2016-06,43,36,29,26,1,54,2,3,8,0
Cuttack,2016-06,129,100,115,103,2,234,11,11,26,5
Kalahandi,2016-06,28,22,30,25,0,43,0,2,7,0
Bhubaneswar,2016-07,145,119,136,107,4,235,12,11,27,3
Ganjam,2016-07,80,70,67,61,0,142,1,2,14,0
Koraput,2016-07,30,20,42,37,2,64,3,3,5,0
Sambalpur,2016-07,82,78,61,50,0,110,4,3,19,2
Puri,2016-07,54,38,43,35,2,90,1,6,14,2
Balasore,2016-07,69,49,57,47,2,118,2,6,16,4
Rourkela,2016-07,102,75,83,69,0,165,8,10,18,3
Mayurbhanj,2016-07,41,37,27,22,1,55,2,4,11,0
Cuttack,2016-07,161,125,95,74,2,222,8,9,34,2
Kalahandi,2016-07,40,28,23,16,1,41,4,3,1,1
Bhubaneswar,2016-08,124,94,136,117,1,256,8,9,27,4
Ganjam,2016-08,70,44,66,50,2,152,4,5,22,2
Koraput,2016-08,34,33,39,37,1,56,2,2,6,1
Sambalpur,2016-08,75,63,85,81,2,113,8,6,14,1
Puri,2016-08,63,47,44,41,1,80,2,5,13,4
Balasore,2016-08,67,56,65,37,1,110,1,6,18,0
Rourkela,2016-08,114,92,73,60,1,196,8,6,26,0
Mayurbhanj,2016-08,36,30,25,19,0,49,2,1,6,1
Cuttack,2016-08,132,114,123,77,1,249,11,7,30,6
Kalahandi,2016-08,30,25,26,15,0,50,0,3,7,1
Bhubaneswar,2016-09,146,92,121,104,0,229,12,8,23,3
Ganjam,2016-09,77,62,74,66,1,149,4,4,13,0
Koraput,2016-09,48,32,28,28,2,63,3,1,5,0
Sambalpur,2016-09,90,76,64,57,2,116,3,9,15,2
Puri,2016-09,63,53,48,47,0,77,3,9,15,1
Balasore,2016-09,77,58,54,50,1,101,3,6,19,2
Rourkela,2016-09,90,64,98,85,1,158,5,12,27,1
Mayurbhanj,2016-09,36,24,23,19,1,72,5,3,7,4
Cuttack,2016-09,117,100,105,68,0,227,5,7,26,1
Kalahandi,2016-09,23,12,23,15,0,42,0,1,5,1
Bhubaneswar,2016-10,155,139,100,81,2,268,8,12,31,1
Ganjam,2016-10,99,87,78,49,0,138,7,5,22,0
Koraput,2016-10,54,47,36,30,0,70,3,1,9,3
Sambalpur,2016-10,68,61,70,56,0,132,4,5,16,2
Puri,2016-10,61,53,42,32,1,79,3,4,15,1
Balasore,2016-10,79,62,64,62,0,137,4,3,15,0
Rourkela,2016-10,104,90,98,67,2,182,5,6,19,2
Mayurbhanj,2016-10,36,36,29,18,0,56,1,1,4,1
Cuttack,2016-10,132,116,104,83,0,217,11,5,32,1
Kalahandi,2016-10,36,36,24,21,0,38,0,3,4,0
Bhubaneswar,2016-11,147,115,96,71,2,236,11,12,29,1
Ganjam,2016-11,110,93,73,55,1,132,5,10,14,4
Koraput,2016-11,41,32,26,26,0,58,3,0,9,0
Sambalpur,2016-11,75,55,62,57,0,126,4,6,7,1
Puri,2016-11,57,57,53,33,0,91,5,5,11,1
Balasore,2016-11,75,61,56,44,0,96,1,3,14,1
Rourkela,2016-11,105,75,89,64,1,176,6,4,36,2
Mayurbhanj,2016-11,37,28,30,23,0,51,5,6,6,1
Cuttack,2016-11,128,110,116,88,1,202,5,13,21,5
Kalahandi,2016-11,35,27,14,12,1,54,2,2,3,2
Bhubaneswar,2016-12,152,116,126,99,1,242,9,14,32,2
Ganjam,2016-12,104,84,76,62,2,149,4,8,17,4
Koraput,2016-12,42,42,51,38,0,60,5,3,6,0
Sambalpur,2016-12,74,59,60,60,4,124,4,8,23,2
Puri,2016-12,49,32,43,34,2,90,4,3,15,1
Balasore,2016-12,63,55,51,37,0,113,2,2,11,1
Rourkela,2016-12,128,97,96,87,1,169,5,14,28,2
Mayurbhanj,2016-12,43,30,24,22,1,62,2,2,8,0
Cuttack,2016-12,148,131,108,93,0,247,10,11,28,3
Kalahandi,2016-12,25,25,30,30,1,51,2,3,5,2
Bhubaneswar,2017-01,171,155,105,87,1,244,8,10,36,7
Ganjam,2017-01,87,64,66,46,1,160,7,9,18,2
Koraput,2017-01,40,35,30,24,1,75,6,7,6,2
Sambalpur,2017-01,76,69,48,38,2,116,1,2,17,2
Puri,2017-01,59,43,69,56,1,101,6,9,17,1
Balasore,2017-01,66,52,61,53,0,126,3,5,16,1
Rourkela,2017-01,127,90,95,82,1,176,6,6,25,4
Mayurbhanj,2017-01,29,29,23,19,0,53,4,1,5,3
Cuttack,2017-01,153,143,111,89,0,209,6,9,21,1
Kalahandi,2017-01,38,31,20,17,1,53,2,0,2,0
Bhubaneswar,2017-02,139,122,149,132,1,239,11,8,34,1
Ganjam,2017-02,112,80,84,67,0,134,4,6,14,2
Koraput,2017-02,46,44,28,24,2,54,3,1,9,1
Sambalpur,2017-02,72,47,59,45,1,119,2,12,12,2
Puri,2017-02,48,37,49,46,0,101,3,6,12,1
Balasore,2017-02,76,76,58,45,0,112,4,6,13,0
Rourkela,2017-02,108,85,79,74,1,156,5,4,24,4
Mayurbhanj,2017-02,43,42,23,16,0,44,3,3,9,1
Cuttack,2017-02,137,108,108,80,3,214,3,11,21,3
Kalahandi,2017-02,27,27,27,13,1,44,1,2,7,3
Bhubaneswar,2017-03,157,123,107,94,3,250,6,8,25,3
Ganjam,2017-03,114,94,87,69,0,124,5,4,13,1
Koraput,2017-03,55,46,38,30,1,63,0,0,10,3
Sambalpur,2017-03,70,58,54,53,1,109,2,4,20,0
Puri,2017-03,64,57,41,27,0,102,1,2,9,1
Balasore,2017-03,76,59,65,48,2,125,2,6,9,0
Rourkela,2017-03,125,87,97,94,0,183,10,7,30,2
Mayurbhanj,2017-03,46,36,19,14,0,59,2,5,16,1
Cuttack,2017-03,136,103,106,83,3,235,4,6,22,0
Kalahandi,2017-03,20,9,20,19,1,49,2,1,8,2
Bhubaneswar,2017-04,155,123,113,91,3,240,4,5,25,2
Ganjam,2017-04,76,59,82,68,0,133,5,8,14,3
Koraput,2017-04,40,35,38,25,0,72,0,0,4,0
Sambalpur,2017-04,70,61,65,44,3,114,7,7,11,1
Puri,2017-04,54,42,40,39,1,111,2,5,14,1
Balasore,2017-04,65,62,57,45,0,115,1,8,11,2
Rourkela,2017-04,135,89,92,79,2,151,6,1,22,5
Mayurbhanj,2017-04,28,15,32,30,2,56,0,2,7,1
Cuttack,2017-04,122,90,121,90,0,231,8,6,27,5
Kalahandi,2017-04,29,16,31,23,1,46,0,1,9,0
Bhubaneswar,2017-05,165,132,139,108,0,243,9,17,27,4
Ganjam,2017-05,92,67,60,27,3,121,3,7,13,0
Koraput,2017-05,35,20,31,31,2,58,1,8,5,0
Sambalpur,2017-05,65,63,58,56,1,121,7,6,8,3
Puri,2017-05,53,42,40,33,1,93,3,5,14,1
Balasore,2017-05,72,66,52,40,1,110,4,3,13,2
Rourkela,2017-05,131,114,75,59,0,160,7,8,24,2
Mayurbhanj,2017-05,37,30,28,23,1,50,1,4,3,1
Cuttack,2017-05,139,121,125,87,2,193,8,5,30,5
Kalahandi,2017-05,34,22,22,18,1,33,2,2,2,2
Bhubaneswar,2017-06,152,108,129,103,3,211,10,7,26,3
Ganjam,2017-06,93,70,75,56,1,138,2,3,12,1
Koraput,2017-06,28,24,36,27,2,74,2,2,4,0
Sambalpur,2017-06,71,50,61,47,2,121,5,8,21,1
Puri,2017-06,62,39,55,40,0,97,4,7,9,1
Balasore,2017-06,61,53,63,44,0,124,5,5,18,1
Rourkela,2017-06,101,74,83,83,1,172,4,6,22,1
Mayurbhanj,2017-06,37,31,27,20,0,45,1,0,6,1
Cuttack,2017-06,129,91,115,93,1,197,5,10,32,1
Kalahandi,2017-06,31,31,28,14,1,50,1,1,5,0
Bhubaneswar,2017-07,144,117,118,93,0,228,8,13,26,3
Ganjam,2017-07,72,51,78,67,1,160,7,8,19,3
Koraput,2017-07,33,24,33,24,0,63,5,2,5,0
Sambalpur,2017-07,73,60,62,46,3,114,5,6,9,1
Puri,2017-07,69,58,53,38,1,94,4,6,17,0
Balasore,2017-07,69,49,71,59,1,101,3,5,14,2
Rourkela,2017-07,115,110,79,79,1,173,8,6,20,3
Mayurbhanj,2017-07,36,33,29,22,0,48,1,2,9,1
Cuttack,2017-07,143,119,126,99,2,209,8,15,25,3
Kalahandi,2017-07,30,17,23,15,2,50,4,2,7,1
Bhubaneswar,2017-08,163,116,128,108,1,246,11,8,26,1
Ganjam,2017-08,91,65,72,61,2,166,3,7,11,2
Koraput,2017-08,35,24,30,30,2,60,3,5,11,2
Sambalpur,2017-08,82,62,51,41,0,122,2,8,14,2
Puri,2017-08,67,51,51,45,1,93,4,6,17,1
Balasore,2017-08,62,55,51,42,0,113,5,7,18,1
Rourkela,2017-08,105,75,84,60,4,196,4,6,23,2
Mayurbhanj,2017-08,33,21,32,24,1,77,5,2,5,1
Cuttack,2017-08,124,95,118,84,1,215,4,10,19,4
Kalahandi,2017-08,26,26,21,21,1,43,2,4,6,0
Bhubaneswar,2017-09,159,143,118,83,3,276,7,7,29,4
Ganjam,2017-09,83,69,69,58,0,168,6,5,15,0
Koraput,2017-09,41,33,29,29,1,59,7,3,8,0
Sambalpur,2017-09,66,66,56,43,2,114,6,5,16,2
Puri,2017-09,74,52,41,37,1,103,3,4,13,0
Balasore,2017-09,68,51,54,42,0,129,1,7,14,2
Rourkela,2017-09,103,77,76,58,1,180,8,11,17,2
Mayurbhanj,2017-09,28,23,34,20,0,56,3,1,5,1
Cuttack,2017-09,148,121,99,87,4,209,6,5,21,1
Kalahandi,2017-09,22,22,27,26,0,54,0,1,4,0
Bhubaneswar,2017-10,148,121,109,94,0,229,6,8,33,2
Ganjam,2017-10,86,76,77,57,1,142,6,8,20,3
Koraput,2017-10,45,31,36,35,0,65,2,1,4,0
Sambalpur,2017-10,79,55,51,34,1,121,3,3,11,1
Puri,2017-10,65,47,52,42,0,103,5,6,8,0
Balasore,2017-10,82,76,50,37,1,104,4,4,16,1
Rourkela,2017-10,114,98,110,104,2,156,8,5,29,4
Mayurbhanj,2017-10,54,41,22,18,1,57,3,5,3,1
Cuttack,2017-10,125,82,109,83,3,213,8,9,31,2
Kalahandi,2017-10,28,20,18,12,1,45,0,1,10,3
Bhubaneswar,2017-11,119,91,129,118,3,219,12,10,30,2
Ganjam,2017-11,77,65,77,68,1,126,0,7,11,1
Koraput,2017-11,36,31,29,21,2,53,1,5,7,2
Sambalpur,2017-11,68,44,58,52,3,124,4,4,15,1
Puri,2017-11,64,39,50,48,2,86,3,2,18,0
Balasore,2017-11,57,47,63,55,1,116,5,6,23,3
Rourkela,2017-11,110,89,76,58,2,169,9,10,26,3
Mayurbhanj,2017-11,37,33,25,16,0,68,1,4,12,0
Cuttack,2017-11,140,110,120,76,1,191,8,12,33,1
Kalahandi,2017-11,33,12,34,34,1,44,3,4,4,3
Bhubaneswar,2017-12,147,129,127,99,2,256,11,13,27,1
Ganjam,2017-12,92,79,78,65,0,134,5,2,18,2
Koraput,2017-12,35,29,41,25,1,57,5,2,10,2
Sambalpur,2017-12,70,66,59,46,0,122,5,4,12,0
Puri,2017-12,65,50,43,36,3,105,3,3,10,1
Balasore,2017-12,74,63,62,34,0,120,2,6,20,0
Rourkela,2017-12,113,103,102,80,0,158,2,10,26,3
Mayurbhanj,2017-12,27,24,27,17,0,58,3,2,9,1
Cuttack,2017-12,134,116,130,114,2,229,10,10,31,2
Kalahandi,2017-12,33,31,34,24,2,52,1,6,5,1
Bhubaneswar,2018-01,157,140,136,126,2,239,5,9,37,3
Ganjam,2018-01,90,62,84,57,1,128,4,4,19,0
Koraput,2018-01,36,24,30,20,2,66,2,7,7,0
Sambalpur,2018-01,73,62,55,26,1,128,5,3,15,2
Puri,2018-01,57,50,47,38,1,102,0,8,5,2
Balasore,2018-01,52,33,64,50,2,104,3,4,12,0
Rourkela,2018-01,102,88,91,66,3,169,8,8,25,2
Mayurbhanj,2018-01,38,31,22,17,2,48,3,0,8,0
Cuttack,2018-01,151,119,100,73,2,217,9,15,29,1
Kalahandi,2018-01,26,25,21,16,0,49,5,0,8,2
Bhubaneswar,2018-02,155,106,108,74,0,246,10,8,26,5
Ganjam,2018-02,99,65,84,59,0,166,4,6,13,1
Koraput,2018-02,42,36,29,14,0,61,1,4,12,3
Sambalpur,2018-02,69,55,52,39,0,126,7,10,10,2
Puri,2018-02,57,50,54,39,0,77,5,4,8,0
Balasore,2018-02,73,54,50,38,2,112,5,8,12,1
Rourkela,2018-02,151,105,82,68,2,164,9,17,26,2
Mayurbhanj,2018-02,36,23,17,15,1,54,3,4,7,0
Cuttack,2018-02,138,102,127,116,0,217,8,12,27,2
Kalahandi,2018-02,34,26,23,20,0,50,1,0,4,2
Bhubaneswar,2018-03,150,82,118,90,0,242,12,13,35,3
Ganjam,2018-03,109,80,74,51,0,150,2,5,17,6
Koraput,2018-03,40,36,32,19,1,71,4,3,9,1
Sambalpur,2018-03,80,69,53,40,1,120,2,7,10,1
Puri,2018-03,51,41,32,25,1,102,3,3,15,3
Balasore,2018-03,70,43,55,43,0,118,4,1,13,1
Rourkela,2018-03,108,99,74,61,0,193,6,7,16,2
Mayurbhanj,2018-03,30,17,26,26,1,56,0,3,8,0
Cuttack,2018-03,151,117,111,95,2,244,7,9,39,4
Kalahandi,2018-03,38,28,23,20,1,50,2,1,6,0
Bhubaneswar,2018-04,150,120,107,81,0,232,10,15,39,0
Ganjam,2018-04,104,77,73,68,0,138,4,2,17,0
Koraput,2018-04,33,20,35,35,0,53,1,2,10,2
Sambalpur,2018-04,72,56,56,43,1,134,4,6,17,0
Puri,2018-04,62,46,35,29,0,118,4,7,12,1
Balasore,2018-04,67,62,59,55,0,121,2,9,15,3
Rourkela,2018-04,102,83,83,67,0,192,6,5,26,3
Mayurbhanj,2018-04,48,38,32,17,1,60,1,2,6,0
Cuttack,2018-04,143,114,123,97,2,205,14,9,21,1
Kalahandi,2018-04,31,12,22,4,1,57,2,2,5,3
Bhubaneswar,2018-05,169,101,138,129,0,240,11,11,22,3
Ganjam,2018-05,82,67,67,49,0,167,3,11,19,3
Koraput,2018-05,42,42,32,13,1,70,1,3,13,1
Sambalpur,2018-05,79,55,52,31,2,120,2,4,14,0
Puri,2018-05,58,43,51,36,1,103,0,5,14,3
Balasore,2018-05,67,56,57,44,0,97,3,7,21,1
Rourkela,2018-05,111,99,99,75,0,181,8,7,11,3
Mayurbhanj,2018-05,35,18,30,27,1,53,2,3,10,2
Cuttack,2018-05,136,110,116,100,0,205,5,12,40,1
Kalahandi,2018-05,27,27,22,14,0,49,3,1,3,1
Bhubaneswar,2018-06,153,128,121,83,2,249,5,8,24,0
Ganjam,2018-06,98,73,73,64,0,149,5,6,21,4
Koraput,2018-06,40,29,30,26,0,83,0,7,8,0
Sambalpur,2018-06,83,62,57,55,1,105,3,8,20,1
Puri,2018-06,63,43,42,42,1,101,2,9,9,0
Balasore,2018-06,69,42,52,51,1,122,5,5,9,1
Rourkela,2018-06,97,73,84,61,2,188,7,4,17,6
Mayurbhanj,2018-06,28,28,34,31,3,40,0,2,7,0
Cuttack,2018-06,155,105,119,86,1,242,3,11,23,5
Kalahandi,2018-06,30,30,18,11,2,55,1,8,8,1
Bhubaneswar,2018-07,165,125,127,81,1,264,6,14,33,5
Ganjam,2018-07,99,80,69,59,2,160,9,5,28,3
Koraput,2018-07,48,38,22,12,0,66,1,3,7,1
Sambalpur,2018-07,78,66,59,43,1,120,5,6,18,2
Puri,2018-07,71,62,62,53,2,82,1,1,13,1
Balasore,2018-07,76,65,56,43,1,110,3,3,10,2
Rourkela,2018-07,135,115,111,92,1,170,5,7,30,1
Mayurbhanj,2018-07,37,28,26,13,1,55,2,0,7,0
Cuttack,2018-07,147,122,123,94,1,214,10,8,29,7
Kalahandi,2018-07,23,21,36,25,0,44,2,1,11,1
Bhubaneswar,2018-08,146,121,106,104,3,221,6,12,30,3
Ganjam,2018-08,88,63,83,61,0,162,5,8,18,4
Koraput,2018-08,53,40,41,32,3,77,1,3,10,0
Sambalpur,2018-08,58,47,59,42,0,115,6,3,12,0
Puri,2018-08,56,47,48,48,0,88,7,11,7,0
Balasore,2018-08,78,62,67,51,0,111,0,6,15,2
Rourkela,2018-08,107,80,78,62,2,186,8,7,33,2
Mayurbhanj,2018-08,27,27,31,23,0,46,5,0,4,3
Cuttack,2018-08,132,100,116,80,1,233,7,11,23,0
Kalahandi,2018-08,32,30,17,14,2,41,1,3,4,2
Bhubaneswar,2018-09,143,108,123,86,1,261,11,4,30,0
Ganjam,2018-09,91,76,66,62,1,150,2,3,17,3
Koraput,2018-09,45,27,40,23,1,68,5,6,9,3
Sambalpur,2018-09,70,52,62,52,3,121,4,2,14,1
Puri,2018-09,72,65,49,44,1,96,4,4,18,0
Balasore,2018-09,61,51,59,51,3,117,6,4,19,0
Rourkela,2018-09,87,72,88,85,1,196,3,10,19,3
Mayurbhanj,2018-09,30,24,29,24,1,44,1,3,12,1
Cuttack,2018-09,142,104,112,80,1,209,6,11,32,2
Kalahandi,2018-09,31,31,23,15,1,56,4,4,8,2
Bhubaneswar,2018-10,150,134,129,104,3,240,9,8,26,2
Ganjam,2018-10,96,81,66,58,1,139,3,10,15,3
Koraput,2018-10,38,32,22,14,2,53,4,4,11,1
Sambalpur,2018-10,74,52,65,55,1,119,4,2,16,4
Puri,2018-10,52,40,52,41,1,101,3,6,19,1
Balasore,2018-10,55,34,68,54,0,94,2,2,13,1
Rourkela,2018-10,101,61,85,77,1,175,12,5,17,3
Mayurbhanj,2018-10,51,40,24,21,1,62,0,3,8,3
Cuttack,2018-10,170,145,114,109,2,238,11,13,36,4
Kalahandi,2018-10,25,16,23,16,0,45,2,5,7,0
Bhubaneswar,2018-11,125,88,125,91,1,247,7,11,29,2
Ganjam,2018-11,67,52,82,68,1,160,5,6,15,2
Koraput,2018-11,50,30,28,20,1,77,4,6,10,0
Sambalpur,2018-11,72,64,71,67,2,137,1,8,15,2
Puri,2018-11,64,55,40,40,0,88,4,7,5,2
Balasore,2018-11,58,43,63,43,0,101,3,5,13,2
Rourkela,2018-11,92,73,92,66,0,192,5,16,16,1
Mayurbhanj,2018-11,47,41,31,30,0,48,3,5,5,2
Cuttack,2018-11,117,81,97,79,0,217,12,6,31,3
Kalahandi,2018-11,41,38,31,27,1,53,0,3,7,0
Bhubaneswar,2018-12,140,112,109,94,3,243,9,6,26,1
Ganjam,2018-12,89,74,72,55,2,130,7,1,20,3
Koraput,2018-12,36,29,29,18,3,62,5,4,6,0
Sambalpur,2018-12,89,86,50,35,1,132,4,8,13,1
Puri,2018-12,58,33,38,21,2,82,1,3,8,2
Balasore,2018-12,71,57,60,46,0,110,8,8,22,3
Rourkela,2018-12,92,76,91,68,2,183,8,8,17,1
Mayurbhanj,2018-12,34,33,36,35,2,53,3,3,10,1
Cuttack,2018-12,151,112,110,89,1,200,10,14,17,2
Kalahandi,2018-12,27,18,17,13,1,46,1,1,7,0
Bhubaneswar,2019-01,129,87,109,89,2,268,11,5,26,7
Ganjam,2019-01,86,82,69,53,1,162,4,6,7,2
Koraput,2019-01,44,34,38,33,1,64,2,2,8,0
Sambalpur,2019-01,81,62,52,43,1,105,6,6,12,3
Puri,2019-01,63,53,47,36,0,105,2,1,8,0
Balasore,2019-01,87,64,59,37,1,108,4,2,16,2
Rourkela,2019-01,114,86,97,86,2,159,8,9,21,3
Mayurbhanj,2019-01,41,34,25,20,1,62,1,5,6,0
Cuttack,2019-01,136,100,103,77,1,215,8,10,27,4
Kalahandi,2019-01,39,30,28,20,2,56,0,1,7,1
Bhubaneswar,2019-02,132,93,133,104,2,233,9,11,38,2
Ganjam,2019-02,108,83,74,54,0,133,6,4,19,0
Koraput,2019-02,42,36,41,36,1,82,2,3,9,0
Sambalpur,2019-02,87,60,58,54,1,133,1,5,18,2
Puri,2019-02,71,71,40,40,1,100,5,3,11,1
Balasore,2019-02,70,65,53,42,1,112,1,5,13,2
Rourkela,2019-02,120,91,78,64,2,176,4,6,21,6
Mayurbhanj,2019-02,42,37,32,23,0,56,2,1,5,3
Cuttack,2019-02,136,102,106,80,1,247,7,14,24,1
Kalahandi,2019-02,25,14,16,16,2,47,1,2,7,3
Bhubaneswar,2019-03,152,120,135,125,2,267,10,9,26,5
Ganjam,2019-03,92,84,69,51,2,152,9,5,15,3
Koraput,2019-03,51,41,40,34,3,66,1,3,7,1
Sambalpur,2019-03,75,75,68,57,0,112,3,7,16,0
Puri,2019-03,60,40,51,51,2,92,3,5,2,2
Balasore,2019-03,88,73,57,47,1,115,2,2,13,1
Rourkela,2019-03,91,79,84,55,3,156,4,8,21,0
Mayurbhanj,2019-03,34,34,20,14,4,54,5,4,5,1
Cuttack,2019-03,130,116,104,86,1,216,10,5,25,0
Kalahandi,2019-03,33,23,18,13,1,41,2,0,3,2
Bhubaneswar,2019-04,136,125,142,111,3,258,12,8,23,2
Ganjam,2019-04,88,69,79,52,0,145,7,4,24,0
Koraput,2019-04,34,28,34,26,1,70,1,1,9,2
Sambalpur,2019-04,86,79,59,47,1,102,4,3,11,0
Puri,2019-04,62,53,57,52,1,116,5,6,10,2
Balasore,2019-04,57,49,44,29,0,132,4,3,8,2
Rourkela,2019-04,114,78,81,64,2,184,7,3,26,3
Mayurbhanj,2019-04,27,22,28,15,1,55,3,3,8,3
Cuttack,2019-04,145,115,102,76,1,222,8,10,23,1
Kalahandi,2019-04,31,25,24,17,2,44,0,0,4,1
Bhubaneswar,2019-05,154,122,131,96,4,231,7,19,25,5
Ganjam,2019-05,89,64,65,45,0,126,7,3,16,1
Koraput,2019-05,42,42,36,36,0,69,2,3,5,1
Sambalpur,2019-05,94,86,64,41,0,126,8,7,18,2
Puri,2019-05,55,46,52,44,0,101,5,11,13,2
Balasore,2019-05,63,52,47,37,2,111,3,6,17,1
Rourkela,2019-05,101,88,95,90,1,172,4,6,19,1
Mayurbhanj,2019-05,37,29,36,36,0,52,2,6,5,1
Cuttack,2019-05,153,126,114,86,0,229,7,8,35,3
Kalahandi,2019-05,28,28,26,15,0,51,1,1,4,1
Bhubaneswar,2019-06,153,120,113,103,4,257,9,10,28,2
Ganjam,2019-06,80,53,75,54,0,138,9,7,21,2
Koraput,2019-06,35,25,21,18,1,69,0,2,9,2
Sambalpur,2019-06,79,62,58,51,1,117,3,4,16,2
Puri,2019-06,62,49,45,35,1,101,3,0,11,1
Balasore,2019-06,65,50,55,42,0,101,3,5,14,0
Rourkela,2019-06,105,82,88,77,1,175,9,14,22,1
Mayurbhanj,2019-06,36,30,37,26,1,51,3,3,10,3
Cuttack,2019-06,128,87,111,87,0,203,7,9,33,2
Kalahandi,2019-06,35,31,27,24,1,44,1,0,11,2
Bhubaneswar,2019-07,135,95,126,110,2,228,8,18,27,5
Ganjam,2019-07,89,83,74,72,2,133,5,6,17,1
Koraput,2019-07,36,32,27,24,2,70,1,3,8,1
Sambalpur,2019-07,72,56,84,71,0,127,4,5,9,0
Puri,2019-07,72,70,37,27,1,97,5,1,11,0
Balasore,2019-07,93,73,56,55,2,107,11,7,18,1
Rourkela,2019-07,108,99,73,46,0,188,10,7,17,1
Mayurbhanj,2019-07,34,28,25,23,1,60,2,2,11,1
Cuttack,2019-07,152,105,109,89,0,255,9,12,24,5
Kalahandi,2019-07,18,8,17,16,2,28,1,3,7,0
Bhubaneswar,2019-08,136,106,119,94,5,268,11,11,31,3
Ganjam,2019-08,98,80,76,58,1,145,2,7,23,0
Koraput,2019-08,32,29,28,22,1,74,3,3,8,1
Sambalpur,2019-08,66,46,59,47,0,118,3,7,19,2
Puri,2019-08,46,39,51,30,0,100,3,7,21,1
Balasore,2019-08,66,49,44,26,1,122,7,5,7,0
Rourkela,2019-08,92,84,81,65,2,171,3,8,28,0
Mayurbhanj,2019-08,49,30,27,22,0,49,4,1,1,0
Cuttack,2019-08,141,125,125,103,3,221,6,13,29,3
Kalahandi,2019-08,31,26,23,21,0,47,1,4,4,1
Bhubaneswar,2019-09,154,109,123,90,1,231,9,7,23,3
Ganjam,2019-09,104,93,68,62,0,123,5,6,21,2
Koraput,2019-09,38,29,19,15,0,72,2,2,5,3
Sambalpur,2019-09,75,53,56,46,1,119,6,7,9,1
Puri,2019-09,59,40,46,32,2,108,2,10,16,1
Balasore,2019-09,73,56,56,46,1,115,5,2,16,3
Rourkela,2019-09,112,76,72,67,2,182,6,8,18,2
Mayurbhanj,2019-09,30,25,25,24,0,51,4,4,7,2
Cuttack,2019-09,152,116,101,76,2,220,6,14,22,2
Kalahandi,2019-09,35,27,25,19,1,33,3,1,4,2
Bhubaneswar,2019-10,139,96,133,112,1,204,11,7,38,0
Ganjam,2019-10,93,87,77,53,0,149,7,5,22,2
Koraput,2019-10,39,23,31,31,1,63,4,2,4,0
Sambalpur,2019-10,70,58,75,73,2,107,1,8,20,3
Puri,2019-10,63,44,56,50,0,103,4,6,26,1
Balasore,2019-10,59,41,42,31,2,118,2,7,16,2
Rourkela,2019-10,99,73,82,69,4,178,8,6,23,1
Mayurbhanj,2019-10,35,30,29,29,0,59,1,2,9,0
Cuttack,2019-10,147,117,105,77,1,225,8,11,34,4
Kalahandi,2019-10,32,29,21,21,1,46,2,2,3,0
Bhubaneswar,2019-11,138,124,118,101,1,256,12,9,21,4
Ganjam,2019-11,83,67,74,67,1,132,5,4,18,2
Koraput,2019-11,30,30,29,25,0,62,2,6,13,2
Sambalpur,2019-11,83,66,58,45,0,114,2,7,15,0
Puri,2019-11,54,37,51,42,1,96,2,9,12,3
Balasore,2019-11,67,59,54,39,1,112,4,1,12,0
Rourkela,2019-11,115,90,97,85,0,173,10,11,26,2
Mayurbhanj,2019-11,37,23,28,26,2,62,1,1,5,1
Cuttack,2019-11,139,124,108,83,2,206,9,9,23,3
Kalahandi,2019-11,24,18,25,17,1,38,5,2,6,0
Bhubaneswar,2019-12,149,114,115,94,3,241,15,13,31,0
Ganjam,2019-12,100,96,77,51,0,121,6,9,22,2
Koraput,2019-12,34,34,24,24,0,64,0,4,7,0
Sambalpur,2019-12,76,60,54,39,2,112,6,4,10,0
Puri,2019-12,54,45,48,40,0,108,5,7,13,2
Balasore,2019-12,64,52,62,53,1,97,4,6,13,0
Rourkela,2019-12,102,81,91,84,1,192,8,7,19,2
Mayurbhanj,2019-12,37,32,34,26,1,51,1,4,7,0
Cuttack,2019-12,135,104,90,62,1,220,6,14,29,0
Kalahandi,2019-12,28,18,21,21,1,54,3,2,4,0
Bhubaneswar,2020-01,109,105,124,88,2,246,7,7,34,3
Ganjam,2020-01,101,79,57,57,1,125,3,4,16,2
Koraput,2020-01,40,36,23,23,2,60,4,2,11,0
Sambalpur,2020-01,62,48,71,56,3,120,7,2,7,1
Puri,2020-01,52,33,56,48,3,89,1,3,9,1
Balasore,2020-01,74,64,54,42,1,124,4,6,19,2
Rourkela,2020-01,109,90,103,85,2,169,5,9,19,1
Mayurbhanj,2020-01,41,30,30,22,3,56,2,4,9,1
Cuttack,2020-01,129,104,110,84,0,230,7,10,22,4
Kalahandi,2020-01,32,31,25,21,1,54,0,4,7,1
Bhubaneswar,2020-02,160,117,130,95,3,225,7,5,31,3
Ganjam,2020-02,91,64,69,34,2,139,8,7,21,2
Koraput,2020-02,35,33,28,24,1,58,2,3,9,0
Sambalpur,2020-02,74,59,73,65,2,125,9,5,19,3
Puri,2020-02,62,62,60,58,0,103,1,1,16,1
Balasore,2020-02,73,64,52,49,2,109,7,6,12,1
Rourkela,2020-02,114,96,91,69,1,180,6,6,18,3
Mayurbhanj,2020-02,26,25,25,15,1,59,3,3,7,0
Cuttack,2020-02,133,112,104,71,1,257,6,8,19,2
Kalahandi,2020-02,32,29,13,7,4,44,1,3,6,4
Bhubaneswar,2020-03,126,95,133,93,1,236,9,15,26,4
Ganjam,2020-03,79,69,74,60,0,125,6,6,26,1
Koraput,2020-03,35,24,36,28,0,64,3,4,13,0
Sambalpur,2020-03,72,59,57,45,1,113,4,7,18,2
Puri,2020-03,70,58,57,53,1,90,3,4,12,3
Balasore,2020-03,93,64,71,57,2,94,1,5,14,1
Rourkela,2020-03,121,96,83,71,4,187,6,5,26,3
Mayurbhanj,2020-03,28,22,39,27,1,67,2,1,7,0
Cuttack,2020-03,142,113,104,81,0,232,6,14,26,4
Kalahandi,2020-03,31,24,25,16,2,42,1,1,8,1
Bhubaneswar,2020-04,163,126,98,79,0,243,7,8,27,4
Ganjam,2020-04,76,60,75,75,0,136,3,4,18,0
Koraput,2020-04,31,28,31,24,0,62,2,2,7,0
Sambalpur,2020-04,69,64,57,45,1,120,3,5,19,1
Puri,2020-04,55,55,41,25,0,95,4,2,7,0
Balasore,2020-04,60,34,44,36,1,97,5,2,14,1
Rourkela,2020-04,91,69,96,77,0,168,9,3,18,2
Mayurbhanj,2020-04,30,30,26,21,0,50,4,2,8,1
Cuttack,2020-04,140,111,97,68,1,219,5,8,36,4
Kalahandi,2020-04,37,25,15,12,1,53,2,2,9,1
Bhubaneswar,2020-05,137,105,125,89,2,227,11,19,27,8
Ganjam,2020-05,68,51,77,53,0,144,4,7,16,3
Koraput,2020-05,43,32,31,22,3,64,2,2,8,2
Sambalpur,2020-05,78,61,62,52,0,131,7,5,8,4
Puri,2020-05,63,60,47,37,0,93,9,5,8,1
Balasore,2020-05,81,66,54,45,0,118,2,4,16,1
Rourkela,2020-05,103,81,85,62,0,178,6,8,34,4
Mayurbhanj,2020-05,41,35,22,17,0,58,1,2,4,1
Cuttack,2020-05,133,109,111,93,0,235,7,12,26,5
Kalahandi,2020-05,36,20,22,14,1,53,1,1,6,2
Bhubaneswar,2020-06,137,121,110,66,3,230,8,6,31,3
Ganjam,2020-06,123,92,76,54,1,145,3,11,24,1
Koraput,2020-06,43,33,28,15,2,61,1,3,12,0
Sambalpur,2020-06,79,62,61,52,1,116,1,5,11,3
Puri,2020-06,60,46,42,35,0,94,3,6,15,0
Balasore,2020-06,70,47,57,35,1,109,6,7,12,1
Rourkela,2020-06,114,95,80,80,2,177,7,10,24,5
Mayurbhanj,2020-06,30,17,31,20,1,63,2,2,8,1
Cuttack,2020-06,152,121,115,92,1,218,10,8,35,0
Kalahandi,2020-06,29,23,23,16,1,47,3,1,4,2
Bhubaneswar,2020-07,144,116,105,81,1,232,11,8,24,6
Ganjam,2020-07,103,84,67,54,1,123,9,5,11,2
Koraput,2020-07,42,37,33,23,1,57,6,4,13,1
Sambalpur,2020-07,84,67,51,46,1,120,5,7,13,3
Puri,2020-07,80,53,44,31,0,100,4,2,10,2
Balasore,2020-07,66,50,51,47,2,126,3,6,16,1
Rourkela,2020-07,100,83,73,48,0,154,7,4,35,5
Mayurbhanj,2020-07,32,25,35,25,1,63,6,3,9,1
Cuttack,2020-07,144,124,113,99,1,211,5,11,27,3
Kalahandi,2020-07,23,13,28,28,0,55,2,1,4,0
Bhubaneswar,2020-08,159,137,114,95,1,231,5,13,25,4
Ganjam,2020-08,85,82,67,58,0,138,5,7,11,2
Koraput,2020-08,31,23,32,24,1,65,0,6,8,0
Sambalpur,2020-08,80,68,59,55,0,110,2,8,19,1
Puri,2020-08,58,38,49,39,2,117,0,3,7,0
Balasore,2020-08,76,71,55,35,1,128,6,3,16,1
Rourkela,2020-08,111,94,74,59,0,171,6,5,27,1
Mayurbhanj,2020-08,31,28,27,24,1,58,2,2,3,3
Cuttack,2020-08,124,96,119,78,2,226,8,7,34,2
Kalahandi,2020-08,33,22,22,22,1,35,1,2,7,2
Bhubaneswar,2020-09,144,102,105,80,1,240,12,9,29,1
Ganjam,2020-09,92,80,75,50,0,138,6,4,22,2
Koraput,2020-09,42,30,31,23,0,60,3,1,8,2
Sambalpur,2020-09,91,77,61,41,0,99,3,3,15,2
Puri,2020-09,69,59,47,34,3,86,5,4,8,2
Balasore,2020-09,68,58,57,41,0,108,9,3,11,0
Rourkela,2020-09,110,80,81,67,1,152,6,9,14,1
Mayurbhanj,2020-09,31,31,31,19,2,59,1,3,4,1
Cuttack,2020-09,115,98,131,94,3,226,13,10,28,7
Kalahandi,2020-09,41,34,22,14,0,38,3,3,5,2
Bhubaneswar,2020-10,138,107,111,80,1,235,9,11,31,1
Ganjam,2020-10,101,78,70,58,1,152,3,7,18,2
Koraput,2020-10,32,32,36,20,1,74,4,5,6,1
Sambalpur,2020-10,81,49,49,37,0,107,3,7,21,3
Puri,2020-10,66,41,52,46,3,97,8,8,14,0
Balasore,2020-10,54,40,53,34,1,115,2,5,7,3
Rourkela,2020-10,114,101,86,65,0,155,7,5,20,3
Mayurbhanj,2020-10,26,25,32,29,0,62,3,2,7,2
Cuttack,2020-10,153,124,115,95,2,208,10,13,26,1
Kalahandi,2020-10,43,39,18,12,0,42,4,4,10,1
Bhubaneswar,2020-11,137,114,119,86,2,243,7,8,35,4
Ganjam,2020-11,84,59,69,67,1,155,2,8,9,4
Koraput,2020-11,42,42,28,16,3,71,2,1,9,0
Sambalpur,2020-11,73,55,63,47,1,112,5,5,15,1
Puri,2020-11,56,49,37,31,1,100,2,1,14,1
Balasore,2020-11,93,85,53,40,0,106,5,4,11,3
Rourkela,2020-11,123,88,92,87,1,190,9,5,19,1
Mayurbhanj,2020-11,31,30,26,22,1,53,4,3,9,0
Cuttack,2020-11,142,120,100,82,1,241,7,10,29,3
Kalahandi,2020-11,25,20,24,19,0,53,0,0,5,1
Bhubaneswar,2020-12,149,124,115,88,0,262,5,9,32,3
Ganjam,2020-12,97,64,91,70,0,156,2,9,10,1
Koraput,2020-12,47,41,27,27,0,65,4,2,4,2
Sambalpur,2020-12,78,68,59,52,0,103,5,3,18,2
Puri,2020-12,41,38,53,43,1,94,5,2,8,0
Balasore,2020-12,67,64,58,49,0,120,4,4,19,1
Rourkela,2020-12,113,97,100,86,0,200,1,6,16,1
Mayurbhanj,2020-12,36,29,27,18,0,47,0,4,7,0
Cuttack,2020-12,137,114,105,86,3,224,7,12,20,2
Kalahandi,2020-12,34,34,26,19,2,53,0,2,6,0
Bhubaneswar,2021-01,146,113,130,99,2,263,9,8,29,6
Ganjam,2021-01,101,74,73,55,0,133,5,7,14,1
Koraput,2021-01,40,33,34,23,1,55,3,1,5,2
Sambalpur,2021-01,63,37,61,52,3,142,7,4,17,0
Puri,2021-01,57,56,50,33,0,82,2,5,10,1
Balasore,2021-01,87,64,72,53,2,102,1,4,14,3
Rourkela,2021-01,102,80,91,81,3,174,5,7,19,4
Mayurbhanj,2021-01,40,25,31,30,2,42,1,2,5,2
Cuttack,2021-01,133,112,102,75,1,217,11,13,19,1
Kalahandi,2021-01,37,28,18,15,1,46,1,3,7,0
Bhubaneswar,2021-02,148,133,125,114,1,241,7,9,34,2
Ganjam,2021-02,87,70,75,57,1,146,4,5,20,3
Koraput,2021-02,42,33,41,28,1,77,2,4,12,0
Sambalpur,2021-02,69,44,63,43,1,125,1,8,14,2
Puri,2021-02,72,51,45,32,0,103,2,3,13,1
Balasore,2021-02,72,57,55,35,2,131,2,5,11,3
Rourkela,2021-02,98,69,84,65,1,162,8,5,23,0
Mayurbhanj,2021-02,24,19,39,31,1,48,1,2,10,0
Cuttack,2021-02,140,109,107,82,0,228,7,11,28,6
Kalahandi,2021-02,24,22,24,24,0,53,3,1,8,2
Bhubaneswar,2021-03,150,117,125,90,5,246,5,8,28,5
Ganjam,2021-03,99,83,75,55,0,158,3,4,21,2
Koraput,2021-03,39,34,36,28,0,64,3,3,10,0
Sambalpur,2021-03,79,76,64,41,1,130,7,6,23,2
Puri,2021-03,63,52,38,36,3,88,3,3,11,1
Balasore,2021-03,60,43,54,41,3,113,4,4,16,1
Rourkela,2021-03,121,116,97,70,1,182,5,13,21,4
Mayurbhanj,2021-03,35,31,27,23,0,54,1,2,4,2
Cuttack,2021-03,126,113,109,83,2,214,15,7,33,1
Kalahandi,2021-03,25,24,12,11,1,59,1,3,5,1
Bhubaneswar,2021-04,179,134,104,103,0,243,11,9,32,2
Ganjam,2021-04,80,80,71,52,0,138,3,7,26,0
Koraput,2021-04,44,32,34,32,0,65,0,2,10,0
Sambalpur,2021-04,79,64,67,66,1,100,6,2,11,2
Puri,2021-04,71,65,55,55,0,90,4,3,12,0
Balasore,2021-04,61,58,55,42,2,112,4,5,12,1
Rourkela,2021-04,111,93,98,68,0,181,6,9,24,1
Mayurbhanj,2021-04,49,40,23,23,0,56,1,2,8,1
Cuttack,2021-04,134,99,115,101,3,224,10,10,26,2
Kalahandi,2021-04,29,20,34,32,0,41,1,2,5,1
Bhubaneswar,2021-05,160,136,131,101,1,238,7,13,26,4
Ganjam,2021-05,87,85,81,59,3,141,4,8,19,0
Koraput,2021-05,44,29,33,32,0,62,1,1,8,1
Sambalpur,2021-05,70,58,67,67,1,124,3,3,27,2
Puri,2021-05,61,48,44,44,0,84,2,5,15,0
Balasore,2021-05,76,71,47,40,4,103,3,4,10,1
Rourkela,2021-05,106,86,85,69,2,189,4,7,23,3
Mayurbhanj,2021-05,40,35,19,13,1,53,1,3,8,1
Cuttack,2021-05,138,107,102,85,0,214,11,11,32,3
Kalahandi,2021-05,32,27,23,14,0,41,3,4,3,2
Bhubaneswar,2021-06,157,129,107,87,2,253,13,8,40,2
Ganjam,2021-06,95,76,79,69,1,140,9,4,16,3
Koraput,2021-06,54,44,33,25,1,59,0,7,7,3
Sambalpur,2021-06,76,63,58,43,1,125,6,8,14,2
Puri,2021-06,61,47,43,36,1,90,2,5,6,2
Balasore,2021-06,70,48,56,42,2,105,3,7,20,1
Rourkela,2021-06,112,77,93,74,0,147,5,1,20,2
Mayurbhanj,2021-06,36,33,28,28,4,58,1,2,6,1
Cuttack,2021-06,106,94,113,87,1,240,4,11,17,1
Kalahandi,2021-06,35,33,30,20,2,48,0,0,8,0
Bhubaneswar,2021-07,146,118,137,110,0,250,17,7,29,3
Ganjam,2021-07,98,74,84,71,1,149,6,5,21,0
Koraput,2021-07,48,29,28,27,1,55,6,5,9,1
Sambalpur,2021-07,62,46,49,30,0,128,2,6,6,0
Puri,2021-07,68,56,43,24,0,97,2,5,12,2
Balasore,2021-07,73,60,50,50,0,144,5,5,17,0
Rourkela,2021-07,114,93,87,85,0,167,10,11,25,1
Mayurbhanj,2021-07,38,31,27,24,0,49,2,1,2,0
Cuttack,2021-07,116,89,112,87,0,244,5,7,33,2
Kalahandi,2021-07,23,23,33,25,1,45,3,1,0,1
Bhubaneswar,2021-08,156,116,135,108,3,270,12,10,25,1
Ganjam,2021-08,80,64,67,65,0,143,5,8,11,2
Koraput,2021-08,54,39,32,23,0,77,3,4,9,0
Sambalpur,2021-08,86,65,52,43,1,109,4,3,16,2
Puri,2021-08,56,39,56,37,2,96,0,5,13,3
Balasore,2021-08,62,49,54,42,0,114,5,4,13,1
Rourkela,2021-08,103,69,99,81,1,181,6,9,20,2
Mayurbhanj,2021-08,36,24,28,21,0,58,1,4,2,0
Cuttack,2021-08,146,123,116,109,3,202,10,17,29,1
Kalahandi,2021-08,43,40,25,20,0,43,5,3,7,0
Bhubaneswar,2021-09,164,131,141,127,1,202,15,9,28,4
Ganjam,2021-09,84,67,75,64,2,137,8,10,22,3
Koraput,2021-09,33,29,30,25,0,62,2,3,9,0
Sambalpur,2021-09,81,71,55,45,1,122,8,8,12,1
Puri,2021-09,61,41,48,32,1,101,6,4,13,2
Balasore,2021-09,80,60,49,25,1,138,1,7,10,0
Rourkela,2021-09,107,89,104,76,0,173,5,5,19,4
Mayurbhanj,2021-09,33,28,30,15,1,65,0,2,6,3
Cuttack,2021-09,123,108,117,86,0,236,5,10,26,1
Kalahandi,2021-09,24,15,26,21,0,50,4,2,9,1
Bhubaneswar,2021-10,157,146,115,89,3,260,12,11,35,3
Ganjam,2021-10,91,81,90,87,1,140,6,7,23,1
Koraput,2021-10,48,26,40,30,1,79,4,4,3,2
Sambalpur,2021-10,72,53,57,39,3,123,5,6,15,4
Puri,2021-10,71,57,51,35,1,105,3,7,14,2
Balasore,2021-10,71,46,68,59,1,119,3,3,7,2
Rourkela,2021-10,109,88,97,87,2,181,7,7,21,1
Mayurbhanj,2021-10,32,32,23,17,1,58,2,5,4,3
Cuttack,2021-10,120,95,110,89,5,245,9,13,28,0
Kalahandi,2021-10,34,22,23,15,0,51,3,3,3,0
Bhubaneswar,2021-11,150,133,128,116,2,242,11,11,28,5
Ganjam,2021-11,76,56,71,51,1,154,3,10,19,2
Koraput,2021-11,51,39,30,20,0,68,0,5,7,0
Sambalpur,2021-11,72,69,48,30,2,104,7,11,11,1
Puri,2021-11,76,58,55,52,0,88,3,5,18,0
Balasore,2021-11,77,63,64,50,0,104,8,4,16,1
Rourkela,2021-11,103,83,95,65,0,172,4,6,17,2
Mayurbhanj,2021-11,28,25,29,12,0,54,0,7,3,0
Cuttack,2021-11,155,131,146,106,2,210,8,19,25,3
Kalahandi,2021-11,42,35,20,19,2,52,2,0,13,0
Bhubaneswar,2021-12,142,103,102,86,1,241,12,13,29,5
Ganjam,2021-12,77,61,67,46,1,113,5,5,17,4
Koraput,2021-12,38,24,40,35,1,52,3,3,7,2
Sambalpur,2021-12,64,59,66,47,1,120,5,6,20,2
Puri,2021-12,63,63,49,32,4,107,5,2,10,1
Balasore,2021-12,81,69,50,33,2,90,7,4,11,1
Rourkela,2021-12,103,77,92,72,3,185,3,11,23,1
Mayurbhanj,2021-12,43,20,18,13,2,56,1,2,5,1
Cuttack,2021-12,160,124,122,87,5,216,7,8,35,2
Kalahandi,2021-12,35,32,25,19,0,54,4,6,4,4
Bhubaneswar,2022-01,141,111,124,78,4,212,7,10,28,4
Ganjam,2022-01,102,88,60,49,2,125,6,4,20,4
Koraput,2022-01,26,18,28,28,1,72,0,2,9,3
Sambalpur,2022-01,72,60,73,55,1,145,3,5,13,1
Puri,2022-01,71,64,46,40,1,97,3,4,9,0
Balasore,2022-01,76,68,53,53,2,115,5,2,11,1
Rourkela,2022-01,106,90,86,78,2,185,8,8,25,3
Mayurbhanj,2022-01,36,27,32,28,2,53,3,2,12,0
Cuttack,2022-01,137,99,92,72,2,239,8,10,30,5
Kalahandi,2022-01,28,17,32,27,0,50,4,2,5,3
Bhubaneswar,2022-02,145,132,126,104,0,234,10,12,23,4
Ganjam,2022-02,96,65,79,68,2,162,4,4,14,1
Koraput,2022-02,43,42,37,37,1,53,3,8,10,1
Sambalpur,2022-02,88,63,68,53,2,105,3,3,14,3
Puri,2022-02,59,59,47,43,1,94,4,6,13,1
Balasore,2022-02,71,41,43,33,0,98,7,4,9,1
Rourkela,2022-02,113,87,89,79,1,165,6,8,26,1
Mayurbhanj,2022-02,41,28,33,33,1,52,1,1,6,2
Cuttack,2022-02,131,114,116,116,1,212,7,15,31,4
Kalahandi,2022-02,28,13,22,17,1,44,2,4,6,3
Bhubaneswar,2022-03,163,151,111,84,3,212,9,18,28,0
Ganjam,2022-03,89,56,79,59,0,153,5,8,10,0
Koraput,2022-03,46,38,23,19,2,70,2,1,8,1
Sambalpur,2022-03,68,53,57,40,0,109,6,7,14,0
Puri,2022-03,50,40,48,35,0,111,4,4,13,1
Balasore,2022-03,72,44,56,47,1,124,2,2,16,0
Rourkela,2022-03,125,117,105,77,2,156,10,5,18,3
Mayurbhanj,2022-03,34,27,24,17,1,49,3,2,8,1
Cuttack,2022-03,136,101,110,97,2,221,10,10,24,1
Kalahandi,2022-03,28,21,25,24,0,46,2,4,11,2
Bhubaneswar,2022-04,158,126,108,81,1,243,7,20,28,3
Ganjam,2022-04,88,77,73,47,0,122,9,8,22,1
Koraput,2022-04,51,36,31,21,0,77,4,2,10,2
Sambalpur,2022-04,87,62,54,41,2,115,3,4,15,1
Puri,2022-04,60,41,57,45,2,100,4,6,13,1
Balasore,2022-04,70,51,50,48,1,114,3,8,10,1
Rourkela,2022-04,112,91,77,53,0,172,10,8,21,3
Mayurbhanj,2022-04,25,25,32,32,1,55,2,2,11,0
Cuttack,2022-04,148,135,102,102,0,233,7,14,28,2
Kalahandi,2022-04,26,15,23,16,1,52,1,3,9,0
Bhubaneswar,2022-05,139,120,135,112,3,254,6,17,38,1
Ganjam,2022-05,89,53,70,70,1,139,3,5,13,4
Koraput,2022-05,41,27,26,19,2,74,1,1,3,1
Sambalpur,2022-05,80,70,63,47,0,121,7,3,19,2
Puri,2022-05,58,43,47,40,2,92,3,5,10,2
Balasore,2022-05,73,56,47,31,1,111,3,10,14,1
Rourkela,2022-05,108,76,72,46,1,182,7,11,22,2
Mayurbhanj,2022-05,27,20,30,20,0,53,2,0,7,2
Cuttack,2022-05,140,116,98,54,1,232,6,7,22,5
Kalahandi,2022-05,19,12,22,14,1,53,3,5,10,2
Bhubaneswar,2022-06,146,118,131,102,4,219,9,11,32,2
Ganjam,2022-06,114,98,69,69,2,153,3,4,12,4
Koraput,2022-06,47,37,41,28,0,63,3,1,8,0
Sambalpur,2022-06,78,78,52,51,0,107,3,7,17,0
Puri,2022-06,60,52,48,36,0,100,3,1,14,1
Balasore,2022-06,62,47,54,51,0,99,4,8,15,0
Rourkela,2022-06,123,97,87,87,1,186,8,9,24,2
Mayurbhanj,2022-06,44,41,36,28,2,61,0,1,6,1
Cuttack,2022-06,137,88,144,113,0,223,5,9,36,1
Kalahandi,2022-06,36,25,22,15,3,51,1,1,6,0
Bhubaneswar,2022-07,155,133,113,76,0,226,7,11,24,1
Ganjam,2022-07,88,71,75,50,3,164,8,9,22,1
Koraput,2022-07,42,29,34,24,3,68,4,2,9,1
Sambalpur,2022-07,72,58,55,42,3,114,7,4,17,5
Puri,2022-07,63,60,54,41,2,90,6,5,12,2
Balasore,2022-07,74,62,54,42,0,116,5,5,12,3
Rourkela,2022-07,113,89,87,64,1,183,4,12,29,5
Mayurbhanj,2022-07,39,39,34,33,2,60,0,1,9,1
Cuttack,2022-07,152,116,97,80,1,228,5,14,32,6
Kalahandi,2022-07,21,19,23,15,1,43,1,4,5,1
Bhubaneswar,2022-08,176,144,143,104,5,226,8,16,38,4
Ganjam,2022-08,91,72,65,39,2,126,5,8,22,2
Koraput,2022-08,39,37,26,26,4,65,4,2,8,0
Sambalpur,2022-08,92,61,51,44,0,124,7,8,18,0
Puri,2022-08,50,48,53,25,0,97,7,3,17,4
Balasore,2022-08,80,76,51,46,2,105,6,6,14,0
Rourkela,2022-08,112,85,85,72,0,165,5,10,17,4
Mayurbhanj,2022-08,36,20,22,6,1,62,1,1,5,0
Cuttack,2022-08,137,113,107,84,1,218,2,12,22,1
Kalahandi,2022-08,37,29,19,13,2,54,0,1,6,0
Bhubaneswar,2022-09,156,107,104,81,0,227,6,13,25,2
Ganjam,2022-09,91,59,74,55,1,140,4,6,20,2
Koraput,2022-09,34,26,29,22,0,61,1,3,9,0
Sambalpur,2022-09,70,44,65,57,3,140,4,6,13,1
Puri,2022-09,62,36,70,46,0,100,5,7,17,0
Balasore,2022-09,61,36,51,27,0,100,2,6,21,2
Rourkela,2022-09,111,96,78,58,0,198,7,7,24,1
Mayurbhanj,2022-09,24,15,28,25,2,61,1,3,6,0
Cuttack,2022-09,147,103,105,73,0,230,8,7,24,5
Kalahandi,2022-09,31,21,27,19,1,53,0,3,6,4
Bhubaneswar,2022-10,153,115,111,83,1,243,14,4,26,1
Ganjam,2022-10,96,68,68,45,2,154,3,8,20,5
Koraput,2022-10,34,26,38,30,0,64,2,3,9,0
Sambalpur,2022-10,62,50,66,61,2,110,3,4,12,2
Puri,2022-10,62,32,72,63,2,97,4,3,14,1
Balasore,2022-10,61,45,52,44,1,99,3,4,17,1
Rourkela,2022-10,102,86,89,75,1,176,9,10,30,1
Mayurbhanj,2022-10,34,30,27,19,2,58,3,0,2,3
Cuttack,2022-10,141,103,107,97,1,188,8,8,31,5
Kalahandi,2022-10,33,26,23,21,1,62,1,3,4,1
Bhubaneswar,2022-11,158,133,107,82,2,222,6,12,25,2
Ganjam,2022-11,97,97,72,58,1,133,9,8,27,3
Koraput,2022-11,52,37,35,26,1,58,2,2,13,1
Sambalpur,2022-11,75,52,55,43,0,106,1,2,12,2
Puri,2022-11,63,51,50,34,0,107,3,6,13,1
Balasore,2022-11,78,59,44,32,1,114,5,5,11,1
Rourkela,2022-11,114,107,88,69,1,209,4,4,11,3
Mayurbhanj,2022-11,40,27,34,30,2,49,0,4,7,1
Cuttack,2022-11,122,93,129,97,2,220,9,10,31,3
Kalahandi,2022-11,25,23,20,13,0,45,1,2,4,1
Bhubaneswar,2022-12,145,120,136,123,1,238,10,7,29,5
Ganjam,2022-12,99,72,69,58,0,161,11,7,16,3
Koraput,2022-12,36,31,33,25,1,60,4,2,9,1
Sambalpur,2022-12,67,45,55,55,2,142,5,6,12,0
Puri,2022-12,68,50,43,41,3,101,0,3,12,1
Balasore,2022-12,75,59,52,52,2,130,7,6,16,3
Rourkela,2022-12,119,93,77,69,0,150,6,7,27,2
Mayurbhanj,2022-12,31,26,23,16,1,49,2,0,9,3
Cuttack,2022-12,136,107,119,99,2,226,3,13,30,2
Kalahandi,2022-12,25,20,23,23,2,67,3,3,7,0
Bhubaneswar,2023-01,139,116,138,105,0,276,12,20,26,0
Ganjam,2023-01,81,61,66,54,2,139,3,7,16,1
Koraput,2023-01,38,24,29,29,1,58,4,2,9,1
Sambalpur,2023-01,82,72,55,46,2,136,6,5,16,2
Puri,2023-01,53,40,48,41,0,108,4,2,8,5
Balasore,2023-01,81,63,56,41,0,118,4,7,11,2
Rourkela,2023-01,129,111,68,48,0,194,9,13,27,4
Mayurbhanj,2023-01,42,33,24,24,0,56,3,2,8,3
Cuttack,2023-01,139,110,119,85,0,232,11,9,28,2
Kalahandi,2023-01,32,29,20,20,2,53,2,1,10,2
Bhubaneswar,2023-02,159,138,115,93,0,252,5,14,28,4
Ganjam,2023-02,84,78,69,64,2,133,5,8,26,1
Koraput,2023-02,42,31,28,14,0,66,2,1,5,2
Sambalpur,2023-02,80,46,60,38,0,122,5,5,14,1
Puri,2023-02,54,44,37,34,3,79,2,7,10,0
Balasore,2023-02,71,63,62,40,1,106,4,4,11,1
Rourkela,2023-02,106,94,91,78,0,170,9,7,23,2
Mayurbhanj,2023-02,37,29,23,15,0,69,5,3,8,0
Cuttack,2023-02,147,121,109,103,2,221,13,7,28,3
Kalahandi,2023-02,36,32,22,14,2,50,3,2,3,0
Bhubaneswar,2023-03,142,120,111,111,2,252,8,7,29,5
Ganjam,2023-03,82,71,99,83,0,146,3,7,11,3
Koraput,2023-03,35,35,27,13,2,58,2,0,5,0
Sambalpur,2023-03,77,67,47,36,2,111,4,6,13,3
Puri,2023-03,49,43,39,37,0,96,2,4,9,2
Balasore,2023-03,65,39,60,42,0,120,7,4,19,1
Rourkela,2023-03,102,70,83,73,1,189,5,8,15,1
Mayurbhanj,2023-03,37,36,34,29,0,53,3,1,9,1
Cuttack,2023-03,137,116,109,91,5,244,5,9,24,3
Kalahandi,2023-03,35,22,17,11,0,46,2,2,6,1
Bhubaneswar,2023-04,150,108,116,116,0,209,11,12,33,3
Ganjam,2023-04,92,60,63,37,1,120,9,5,16,0
Koraput,2023-04,35,35,29,26,1,59,1,3,7,0
Sambalpur,2023-04,71,54,63,63,1,125,3,5,18,1
Puri,2023-04,62,62,49,46,0,77,1,0,20,1
Balasore,2023-04,60,60,61,46,3,114,1,10,12,1
Rourkela,2023-04,112,104,104,74,1,175,3,10,21,3
Mayurbhanj,2023-04,40,26,31,25,2,45,4,1,10,0
Cuttack,2023-04,130,108,87,75,1,220,9,8,20,6
Kalahandi,2023-04,36,23,15,15,0,58,1,3,8,3
Bhubaneswar,2023-05,157,129,105,78,4,227,6,12,32,4
Ganjam,2023-05,99,95,74,54,0,142,8,8,19,1
Koraput,2023-05,32,29,33,25,1,68,3,3,9,1
Sambalpur,2023-05,78,64,70,58,1,111,6,8,10,0
Puri,2023-05,58,46,45,34,0,93,4,2,13,0
Balasore,2023-05,63,48,55,42,2,109,4,4,19,1
Rourkela,2023-05,104,79,83,46,2,195,10,9,22,1
Mayurbhanj,2023-05,41,31,19,7,0,53,4,2,10,2
Cuttack,2023-05,134,96,127,77,3,235,8,8,23,5
Kalahandi,2023-05,33,12,28,25,2,51,4,4,12,1
Bhubaneswar,2023-06,116,102,120,102,1,227,15,6,31,2
Ganjam,2023-06,75,60,71,53,1,147,4,9,17,3
Koraput,2023-06,37,30,30,15,1,66,0,3,13,3
Sambalpur,2023-06,80,60,62,35,1,125,3,3,12,0
Puri,2023-06,63,47,53,44,0,97,6,1,14,0
Balasore,2023-06,67,53,60,47,2,119,6,3,10,2
Rourkela,2023-06,125,97,95,89,1,186,7,10,22,1
Mayurbhanj,2023-06,38,28,30,26,2,60,1,5,3,1
Cuttack,2023-06,133,105,106,66,1,213,8,9,27,0
Kalahandi,2023-06,40,36,20,13,0,39,3,0,4,1
Bhubaneswar,2023-07,162,135,108,80,3,232,6,14,37,4
Ganjam,2023-07,78,63,69,57,1,151,6,6,23,3
Koraput,2023-07,46,39,29,17,0,67,1,4,11,1
Sambalpur,2023-07,65,56,70,51,0,121,3,4,14,1
Puri,2023-07,71,53,53,50,1,91,7,6,10,1
Balasore,2023-07,67,67,59,40,2,114,1,6,10,0
Rourkela,2023-07,124,92,91,65,0,181,7,3,24,4
Mayurbhanj,2023-07,31,23,29,20,0,66,0,2,6,0
Cuttack,2023-07,147,115,108,79,2,220,3,8,20,2
Kalahandi,2023-07,31,24,27,26,1,41,2,2,3,0
Bhubaneswar,2023-08,152,129,107,86,2,230,7,7,41,2
Ganjam,2023-08,87,75,75,65,2,156,6,7,11,2
Koraput,2023-08,41,35,41,40,0,74,2,1,9,0
Sambalpur,2023-08,71,47,62,42,0,106,4,9,15,1
Puri,2023-08,51,34,39,31,0,88,1,3,13,0
Balasore,2023-08,70,51,53,43,0,112,6,4,20,1
Rourkela,2023-08,116,94,96,85,1,161,4,10,24,1
Mayurbhanj,2023-08,32,29,20,15,2,55,1,2,15,1
Cuttack,2023-08,122,94,110,91,1,213,13,10,32,5
Kalahandi,2023-08,30,27,26,20,1,57,1,2,6,0
Bhubaneswar,2023-09,135,114,104,77,1,254,5,12,37,3
Ganjam,2023-09,85,66,77,60,1,166,4,3,16,3
Koraput,2023-09,39,25,34,31,4,72,1,1,16,0
Sambalpur,2023-09,66,42,61,54,1,122,5,4,16,3
Puri,2023-09,62,56,67,43,0,86,3,7,13,0
Balasore,2023-09,72,55,68,49,5,111,4,6,12,0
Rourkela,2023-09,112,85,103,71,3,181,4,4,22,1
Mayurbhanj,2023-09,41,41,25,24,2,63,3,1,2,1
Cuttack,2023-09,144,106,105,73,1,233,5,8,24,2
Kalahandi,2023-09,40,29,32,29,1,56,0,3,6,1
Bhubaneswar,2023-10,155,119,130,100,0,220,6,8,41,4
Ganjam,2023-10,87,79,69,67,0,129,9,5,14,1
Koraput,2023-10,39,33,26,22,0,56,2,0,8,2
Sambalpur,2023-10,91,72,58,39,0,114,5,3,14,2
Puri,2023-10,66,60,47,33,2,109,5,6,13,1
Balasore,2023-10,56,51,53,44,1,121,5,6,16,2
Rourkela,2023-10,125,92,85,65,1,159,11,7,22,4
Mayurbhanj,2023-10,29,18,18,18,2,58,2,2,9,2
Cuttack,2023-10,135,116,121,115,1,226,12,14,26,2
Kalahandi,2023-10,31,18,17,17,1,41,0,1,7,1
Bhubaneswar,2023-11,132,109,125,106,2,209,11,9,24,6
Ganjam,2023-11,86,64,83,71,2,148,5,4,18,3
Koraput,2023-11,40,34,30,23,1,68,1,5,6,0
Sambalpur,2023-11,79,62,70,57,1,123,2,3,12,2
Puri,2023-11,63,55,41,37,0,91,5,5,15,3
Balasore,2023-11,60,48,59,40,1,104,5,7,16,0
Rourkela,2023-11,99,67,86,50,1,174,6,11,18,2
Mayurbhanj,2023-11,41,37,34,21,2,50,4,1,7,2
Cuttack,2023-11,139,107,116,101,1,228,9,10,35,4
Kalahandi,2023-11,34,29,22,22,1,49,3,1,10,0
Bhubaneswar,2023-12,132,104,145,115,2,222,13,12,31,2
Ganjam,2023-12,86,75,83,69,0,151,6,6,25,2
Koraput,2023-12,42,36,34,24,2,75,4,0,5,0
Sambalpur,2023-12,70,43,53,50,3,128,6,3,13,1
Puri,2023-12,70,48,47,30,1,97,0,5,4,1
Balasore,2023-12,71,71,56,55,0,88,5,4,14,2
Rourkela,2023-12,118,108,93,75,0,156,5,7,20,1
Mayurbhanj,2023-12,30,22,28,19,0,46,3,5,6,1
Cuttack,2023-12,133,116,108,94,4,212,5,13,28,2
Kalahandi,2023-12,36,25,18,17,2,53,3,5,7,2
Bhubaneswar,2024-01,143,136,115,115,0,249,7,17,25,0
Ganjam,2024-01,91,68,68,57,0,128,3,6,23,4
Koraput,2024-01,50,34,30,30,0,69,0,3,10,1
Sambalpur,2024-01,77,59,58,54,2,131,5,4,16,3
Puri,2024-01,59,57,48,32,2,97,0,6,16,2
Balasore,2024-01,71,58,53,38,1,137,4,9,14,0
Rourkela,2024-01,109,95,88,59,0,180,7,8,19,1
Mayurbhanj,2024-01,30,19,31,25,0,60,4,2,4,1
Cuttack,2024-01,156,112,111,84,0,197,10,6,34,3
Kalahandi,2024-01,38,29,15,12,0,40,3,0,8,0
Bhubaneswar,2024-02,154,112,135,91,4,225,12,9,32,1
Ganjam,2024-02,88,75,75,67,1,159,8,8,16,2
Koraput,2024-02,36,34,31,27,0,64,3,1,6,1
Sambalpur,2024-02,60,56,63,34,1,128,3,7,10,2
Puri,2024-02,64,38,50,34,0,120,0,4,15,2
Balasore,2024-02,74,50,49,38,0,117,6,6,8,2
Rourkela,2024-02,92,77,92,87,2,165,7,13,28,1
Mayurbhanj,2024-02,35,32,30,29,1,56,1,2,7,1
Cuttack,2024-02,125,102,103,86,1,228,8,15,27,1
Kalahandi,2024-02,38,34,25,17,1,46,0,0,10,0
Bhubaneswar,2024-03,131,112,111,98,1,239,6,22,37,2
Ganjam,2024-03,93,71,61,53,1,136,7,7,17,2
Koraput,2024-03,36,27,39,37,3,78,2,0,7,1
Sambalpur,2024-03,70,53,69,63,1,110,5,3,17,1
Puri,2024-03,64,49,44,35,0,102,3,5,11,3
Balasore,2024-03,65,49,58,50,2,130,1,1,13,1
Rourkela,2024-03,109,93,77,68,3,174,6,7,28,3
Mayurbhanj,2024-03,24,15,25,25,0,53,2,2,4,1
Cuttack,2024-03,142,113,132,99,2,191,12,7,31,0
Kalahandi,2024-03,31,26,20,17,0,47,2,1,3,2
Bhubaneswar,2024-04,148,112,117,82,2,220,7,11,33,2
Ganjam,2024-04,108,83,71,57,1,150,7,5,18,4
Koraput,2024-04,49,39,33,25,0,59,6,2,11,1
Sambalpur,2024-04,88,69,48,45,0,141,3,4,20,1
Puri,2024-04,66,53,45,43,2,77,7,8,13,0
Balasore,2024-04,76,64,59,50,2,126,5,12,9,3
Rourkela,2024-04,113,86,99,76,1,158,7,7,23,3
Mayurbhanj,2024-04,32,21,32,20,1,57,2,4,8,1
Cuttack,2024-04,153,100,115,92,0,238,4,7,23,3
Kalahandi,2024-04,39,31,22,21,2,52,0,3,6,1
Bhubaneswar,2024-05,152,126,153,123,3,245,10,6,27,1
Ganjam,2024-05,89,79,55,44,0,132,11,7,23,3
Koraput,2024-05,42,42,24,17,1,72,3,4,6,0
Sambalpur,2024-05,73,63,59,41,1,118,6,5,17,2
Puri,2024-05,52,37,45,29,0,107,3,3,10,0
Balasore,2024-05,75,56,56,29,1,99,3,2,17,1
Rourkela,2024-05,131,98,95,72,1,204,6,16,27,2
Mayurbhanj,2024-05,38,25,36,28,2,45,1,3,7,0
Cuttack,2024-05,144,123,94,75,2,216,10,10,24,2
Kalahandi,2024-05,19,16,26,20,1,35,1,1,8,1
Bhubaneswar,2024-06,154,140,105,79,1,227,9,10,28,2
Ganjam,2024-06,72,62,75,67,0,147,5,8,20,0
Koraput,2024-06,45,41,29,29,0,72,2,2,10,0
Sambalpur,2024-06,72,65,65,56,1,140,3,7,22,2
Puri,2024-06,57,50,50,49,4,119,3,5,10,1
Balasore,2024-06,59,43,57,51,2,116,3,9,11,1
Rourkela,2024-06,112,75,87,69,2,155,8,8,22,4
Mayurbhanj,2024-06,37,37,31,23,1,65,4,2,4,2
Cuttack,2024-06,146,107,103,88,0,223,11,9,28,4
Kalahandi,2024-06,17,8,24,19,1,45,1,6,3,1
Bhubaneswar,2024-07,138,108,120,89,1,236,13,13,24,1
Ganjam,2024-07,92,74,49,32,0,148,3,5,26,2
Koraput,2024-07,38,30,32,32,1,60,0,3,7,0
Sambalpur,2024-07,73,66,83,67,1,130,3,4,14,2
Puri,2024-07,51,39,45,32,0,87,4,2,3,0
Balasore,2024-07,73,55,56,47,1,123,3,2,11,3
Rourkela,2024-07,106,91,88,63,1,178,5,10,22,1
Mayurbhanj,2024-07,41,35,25,19,3,57,4,3,8,0
Cuttack,2024-07,132,108,119,87,2,213,5,11,30,0
Kalahandi,2024-07,40,31,23,15,1,28,2,4,6,0
Bhubaneswar,2024-08,169,159,121,117,3,257,4,7,32,4
Ganjam,2024-08,83,68,66,53,0,144,6,7,18,5
Koraput,2024-08,28,18,25,21,2,56,2,4,5,1
Sambalpur,2024-08,94,87,57,48,1,112,6,7,16,0
Puri,2024-08,52,45,48,27,0,95,1,5,17,2
Balasore,2024-08,58,32,46,34,1,122,5,2,25,1
Rourkela,2024-08,98,84,93,83,1,186,7,8,22,3
Mayurbhanj,2024-08,25,21,23,14,1,59,1,3,7,0
Cuttack,2024-08,150,135,115,102,1,233,7,15,30,2
Kalahandi,2024-08,38,32,23,14,2,42,3,1,7,3
Bhubaneswar,2024-09,129,113,129,122,1,241,14,13,34,4
Ganjam,2024-09,94,75,70,60,2,158,8,7,19,1
Koraput,2024-09,39,31,32,29,0,69,2,1,13,1
Sambalpur,2024-09,72,58,67,38,1,94,7,6,19,2
Puri,2024-09,61,37,44,44,0,96,2,2,17,1
Balasore,2024-09,68,60,52,39,1,107,4,4,11,0
Rourkela,2024-09,94,84,86,74,0,191,9,10,23,6
Mayurbhanj,2024-09,35,21,28,25,1,71,0,2,14,1
Cuttack,2024-09,125,97,101,76,3,210,10,10,23,2
Kalahandi,2024-09,30,23,17,14,1,48,1,3,9,1
Bhubaneswar,2024-10,136,102,127,84,1,245,9,18,21,4
Ganjam,2024-10,86,59,69,69,1,131,3,2,15,2
Koraput,2024-10,37,29,30,22,0,51,2,2,6,0
Sambalpur,2024-10,62,55,61,47,1,119,6,12,22,0
Puri,2024-10,54,50,57,48,0,96,8,3,8,2
Balasore,2024-10,77,51,60,55,2,100,2,4,14,1
Rourkela,2024-10,109,93,101,80,0,161,10,11,15,2
Mayurbhanj,2024-10,33,23,35,31,0,65,1,4,7,0
Cuttack,2024-10,135,113,108,78,1,218,7,7,23,3
Kalahandi,2024-10,27,20,26,16,2,69,1,5,5,3
Bhubaneswar,2024-11,148,120,131,91,0,255,9,9,33,4
Ganjam,2024-11,73,53,71,54,0,156,6,7,23,1
Koraput,2024-11,53,46,31,24,4,66,2,1,11,2
Sambalpur,2024-11,90,57,62,51,1,120,3,8,15,2
Puri,2024-11,59,51,45,35,0,101,4,4,8,2
Balasore,2024-11,62,60,53,38,3,104,3,2,11,2
Rourkela,2024-11,103,76,94,69,0,176,9,7,22,3
Mayurbhanj,2024-11,42,22,26,19,0,43,1,2,4,1
Cuttack,2024-11,143,117,112,100,1,249,6,11,34,1
Kalahandi,2024-11,37,31,29,18,0,52,3,4,5,1
Bhubaneswar,2024-12,135,112,107,102,1,264,6,10,38,2
Ganjam,2024-12,88,66,72,72,1,137,4,3,12,1
Koraput,2024-12,40,37,32,29,1,68,3,3,7,1
Sambalpur,2024-12,80,70,57,45,2,113,5,7,14,2
Puri,2024-12,59,53,46,44,1,97,3,1,12,3
Balasore,2024-12,59,39,54,38,4,101,5,4,17,2
Rourkela,2024-12,95,87,87,87,1,175,3,5,16,3
Mayurbhanj,2024-12,24,19,27,24,0,49,5,5,11,1
Cuttack,2024-12,133,107,104,96,1,235,8,8,38,2
Kalahandi,2024-12,27,18,30,26,1,40,2,4,7,0
Bhubaneswar,2025-01,119,98,107,87,1,243,10,14,31,2
Ganjam,2025-01,92,55,74,59,1,152,7,9,28,4
Koraput,2025-01,31,22,44,32,3,62,1,4,7,1
Sambalpur,2025-01,75,66,50,50,0,113,7,5,11,2
Puri,2025-01,52,43,44,30,0,80,4,7,16,0
Balasore,2025-01,63,43,59,45,2,103,4,7,15,3
Rourkela,2025-01,90,81,91,70,1,158,5,6,17,1
Mayurbhanj,2025-01,33,25,38,35,1,43,1,2,6,3
Cuttack,2025-01,133,121,92,58,1,200,9,8,24,0
Kalahandi,2025-01,24,16,25,22,0,44,0,1,4,1
Bhubaneswar,2025-02,151,124,120,91,1,237,12,10,20,1
Ganjam,2025-02,85,63,60,49,2,153,5,5,13,2
Koraput,2025-02,33,23,39,25,1,68,3,3,8,2
Sambalpur,2025-02,72,59,56,50,1,115,5,5,22,2
Puri,2025-02,68,58,46,46,0,91,2,2,11,1
Balasore,2025-02,73,62,50,44,1,110,3,2,16,2
Rourkela,2025-02,103,88,81,52,0,177,3,5,27,3
Mayurbhanj,2025-02,33,22,28,28,0,59,0,1,3,0
Cuttack,2025-02,134,113,123,111,4,226,8,20,26,2
Kalahandi,2025-02,34,31,15,15,1,52,2,0,9,1
Bhubaneswar,2025-03,150,126,101,77,3,232,12,7,37,4
Ganjam,2025-03,76,62,71,52,2,148,3,5,22,2
Koraput,2025-03,46,32,42,39,2,77,1,6,7,2
Sambalpur,2025-03,81,53,54,29,1,123,5,1,20,1
Puri,2025-03,55,45,45,37,2,94,5,6,9,1
Balasore,2025-03,86,78,63,38,0,104,2,8,18,0
Rourkela,2025-03,119,86,87,75,0,175,2,8,26,3
Mayurbhanj,2025-03,37,37,23,11,2,58,3,4,9,0
Cuttack,2025-03,130,102,120,104,1,222,8,11,32,4
Kalahandi,2025-03,32,27,19,10,0,59,1,4,2,1
Bhubaneswar,2025-04,135,108,113,102,0,268,12,7,22,4
Ganjam,2025-04,101,85,68,62,0,167,9,11,21,2
Koraput,2025-04,42,34,36,25,3,59,2,0,14,2
Sambalpur,2025-04,60,48,54,38,1,128,1,6,17,3
Puri,2025-04,48,32,37,34,1,109,3,2,9,0
Balasore,2025-04,87,82,56,41,1,93,3,4,13,0
Rourkela,2025-04,124,123,100,74,0,169,3,8,23,1
Mayurbhanj,2025-04,37,23,31,28,0,61,2,3,5,0
Cuttack,2025-04,145,99,113,91,0,216,5,14,25,4
Kalahandi,2025-04,26,26,27,23,1,43,1,0,10,0
Bhubaneswar,2025-05,150,108,120,105,2,209,15,12,27,2
Ganjam,2025-05,112,84,62,53,0,140,7,4,23,1
Koraput,2025-05,37,32,39,34,1,59,5,2,9,0
Sambalpur,2025-05,84,84,58,55,2,146,7,7,16,1
Puri,2025-05,54,42,48,44,1,81,4,1,16,1
Balasore,2025-05,73,59,56,56,1,118,3,7,19,1
Rourkela,2025-05,107,70,98,93,2,184,5,6,15,5
Mayurbhanj,2025-05,35,29,32,30,2,54,2,2,8,2
Cuttack,2025-05,151,103,135,126,1,227,11,7,32,7
Kalahandi,2025-05,23,22,18,18,1,45,4,3,7,2
Bhubaneswar,2025-06,150,114,120,117,1,263,13,16,35,2
Ganjam,2025-06,99,95,67,42,1,154,7,3,22,3
Koraput,2025-06,35,25,22,17,0,70,1,1,8,1
Sambalpur,2025-06,85,74,71,51,1,135,5,2,9,0
Puri,2025-06,38,36,38,35,0,106,4,2,13,1
Balasore,2025-06,72,60,48,40,3,109,5,3,12,1
Rourkela,2025-06,102,80,94,77,0,174,8,7,21,5
Mayurbhanj,2025-06,25,19,28,25,2,42,3,3,7,1
Cuttack,2025-06,138,107,124,107,2,214,9,5,30,4
Kalahandi,2025-06,29,27,27,27,3,61,3,1,8,0
Bhubaneswar,2025-07,137,101,108,64,1,269,9,8,20,1
Ganjam,2025-07,98,90,75,54,0,132,6,7,28,1
Koraput,2025-07,36,36,25,17,1,63,3,2,6,3
Sambalpur,2025-07,75,64,50,41,0,95,5,7,7,1
Puri,2025-07,53,27,51,37,3,92,4,7,11,2
Balasore,2025-07,71,66,55,55,3,104,5,9,17,4
Rourkela,2025-07,113,109,71,47,2,167,7,9,25,1
Mayurbhanj,2025-07,39,30,21,15,1,50,1,0,9,0
Cuttack,2025-07,143,142,123,84,1,211,10,16,22,2
Kalahandi,2025-07,34,21,25,16,2,55,2,0,10,1
Bhubaneswar,2025-08,171,146,127,92,1,236,9,11,27,5
Ganjam,2025-08,109,97,65,45,1,135,10,6,17,2
Koraput,2025-08,51,45,42,31,1,61,2,2,7,3
Sambalpur,2025-08,61,43,70,59,0,103,5,6,13,1
Puri,2025-08,49,47,39,32,2,85,4,6,7,0
Balasore,2025-08,69,62,56,37,0,114,7,6,14,3
Rourkela,2025-08,116,81,77,52,0,178,10,8,23,2
Mayurbhanj,2025-08,37,31,23,23,0,52,0,2,8,1
Cuttack,2025-08,137,102,107,79,1,229,6,14,27,3
Kalahandi,2025-08,28,24,34,24,0,60,2,1,10,1
Bhubaneswar,2025-09,143,131,108,81,1,190,6,14,23,3
Ganjam,2025-09,102,81,54,45,0,145,3,6,15,0
Koraput,2025-09,36,24,42,36,0,59,1,1,11,0
Sambalpur,2025-09,62,46,51,36,1,133,2,3,13,0
Puri,2025-09,68,51,48,35,0,97,2,3,15,1
Balasore,2025-09,63,50,50,41,0,107,6,8,15,1
Rourkela,2025-09,120,100,60,57,2,163,7,5,21,1
Mayurbhanj,2025-09,33,28,23,23,1,43,1,3,5,1
Cuttack,2025-09,130,114,99,75,2,230,9,8,26,4
Kalahandi,2025-09,25,22,22,15,1,52,2,4,3,1
Bhubaneswar,2025-10,161,140,118,87,4,257,14,14,30,2
Ganjam,2025-10,87,57,84,75,0,149,4,8,22,0
Koraput,2025-10,51,41,27,22,0,58,2,3,10,2
Sambalpur,2025-10,84,68,63,44,3,136,2,6,14,0
Puri,2025-10,72,48,50,39,0,99,3,4,12,0
Balasore,2025-10,84,55,47,39,1,112,7,3,14,1
Rourkela,2025-10,104,103,78,67,0,185,5,8,22,2
Mayurbhanj,2025-10,35,27,35,35,0,63,2,3,4,0
Cuttack,2025-10,150,127,120,103,1,231,9,7,31,2
Kalahandi,2025-10,32,28,24,9,0,42,3,3,6,0
Bhubaneswar,2025-11,146,107,114,78,2,232,11,14,31,3
Ganjam,2025-11,88,59,71,44,0,134,3,3,16,2
Koraput,2025-11,26,15,30,24,2,55,4,6,6,2
Sambalpur,2025-11,76,53,62,47,0,128,7,10,15,1
Puri,2025-11,68,42,47,39,1,114,4,2,15,1
Balasore,2025-11,85,71,63,61,0,93,3,5,17,1
Rourkela,2025-11,103,91,98,67,2,180,2,7,20,1
Mayurbhanj,2025-11,29,17,36,32,1,50,1,1,8,0
Cuttack,2025-11,153,98,107,77,2,222,5,3,24,3
Kalahandi,2025-11,20,12,26,17,0,47,3,1,5,0
