district,month,cases_registered,persons_arrested,gun_rifle,pistol,revolver,mouzer,ak47,slr,others,ammunition,cartridge
Bhubaneswar,2015-01,16,20,1,5,2,0,0,0,7,67,29
Ganjam,2015-01,9,12,1,5,2,0,0,0,2,52,17
Koraput,2015-01,6,6,0,0,0,0,0,0,2,9,0
Sambalpur,2015-01,9,11,1,4,2,0,0,0,2,42,22
Puri,2015-01,7,10,1,3,1,0,0,0,4,38,21
Balasore,2015-01,5,10,0,1,0,0,0,0,2,20,7
Rourkela,2015-01,13,23,1,3,2,0,0,0,2,42,20
Mayurbhanj,2015-01,1,1,0,0,0,0,0,0,1,1,5
Cuttack,2015-01,15,19,2,13,4,0,0,0,5,118,50
Kalahandi,2015-01,3,3,0,1,0,0,0,0,2,15,4
Bhubaneswar,2015-02,8,8,2,4,2,0,0,0,4,42,21
Ganjam,2015-02,8,8,0,2,1,0,0,0,2,23,14
Koraput,2015-02,2,2,0,1,0,0,0,0,1,10,2
Sambalpur,2015-02,4,4,0,2,1,0,0,0,3,35,12
Puri,2015-02,7,11,1,2,1,0,0,0,3,37,13
Balasore,2015-02,6,8,0,3,1,0,0,0,3,34,15
Rourkela,2015-02,12,16,2,10,3,0,0,0,3,94,46
Mayurbhanj,2015-02,3,4,0,1,0,0,0,0,3,10,13
Cuttack,2015-02,10,10,1,6,2,0,0,0,3,55,24
Kalahandi,2015-02,0,2,0,0,0,0,0,0,1,2,1
Bhubaneswar,2015-03,9,10,0,2,1,0,0,0,2,27,6
Ganjam,2015-03,10,11,1,3,2,0,0,0,4,64,19
Koraput,2015-03,3,3,0,1,0,0,0,0,3,23,4
Sambalpur,2015-03,9,10,2,6,3,0,0,0,2,76,17
Puri,2015-03,10,13,1,6,3,0,0,0,2,55,18
Balasore,2015-03,12,13,1,3,2,0,0,0,3,35,14
Rourkela,2015-03,9,13,1,5,2,0,0,0,4,60,18
Mayurbhanj,2015-03,4,10,0,3,0,0,0,0,5,39,22
Cuttack,2015-03,19,19,2,6,2,0,0,0,7,87,41
Kalahandi,2015-03,3,3,0,2,1,0,0,0,2,28,11
Bhubaneswar,2015-04,15,17,3,5,4,0,0,0,4,65,31
Ganjam,2015-04,9,11,1,4,1,0,0,0,3,39,20
Koraput,2015-04,8,8,0,2,1,0,0,0,2,24,14
Sambalpur,2015-04,7,10,1,3,1,0,0,0,2,39,12
Puri,2015-04,6,6,0,1,0,0,0,0,3,17,10
Balasore,2015-04,8,12,1,5,2,0,0,0,3,47,34
Rourkela,2015-04,13,13,1,4,2,0,0,0,5,64,29
Mayurbhanj,2015-04,3,5,0,2,0,0,0,0,3,19,7
Cuttack,2015-04,19,22,2,9,4,0,0,0,2,85,33
Kalahandi,2015-04,3,3,0,1,0,0,0,0,3,16,12
Bhubaneswar,2015-05,27,27,3,7,5,0,0,0,10,122,55
Ganjam,2015-05,9,9,2,5,2,0,0,0,2,50,19
Koraput,2015-05,4,6,0,2,0,0,0,0,3,27,11
Sambalpur,2015-05,10,10,1,5,3,0,0,0,4,54,31
Puri,2015-05,5,5,0,1,0,0,0,0,4,28,10
Balasore,2015-05,5,5,1,3,1,0,0,0,3,40,13
Rourkela,2015-05,9,14,1,4,2,0,0,0,4,58,23
Mayurbhanj,2015-05,1,2,0,0,0,0,0,0,0,1,1
Cuttack,2015-05,11,11,2,7,1,0,0,0,3,64,32
Kalahandi,2015-05,3,9,0,2,1,0,0,0,1,28,13
Bhubaneswar,2015-06,17,17,1,5,2,0,0,0,8,64,29
Ganjam,2015-06,7,9,0,1,0,0,0,0,2,19,2
Koraput,2015-06,4,8,1,4,2,0,0,0,1,39,15
Sambalpur,2015-06,12,18,3,8,2,0,0,0,4,82,26
Puri,2015-06,4,7,1,3,1,0,0,0,2,31,13
Balasore,2015-06,8,9,1,4,2,0,0,0,3,50,13
Rourkela,2015-06,8,9,1,5,2,0,0,0,1,42,21
Mayurbhanj,2015-06,3,3,0,0,0,0,0,0,1,3,2
Cuttack,2015-06,12,17,1,3,1,0,0,0,5,52,16
Kalahandi,2015-06,0,0,0,0,0,0,0,0,1,5,3
Bhubaneswar,2015-07,20,20,5,12,6,0,0,0,5,144,60
Ganjam,2015-07,7,8,1,3,1,0,0,0,1,34,15
Koraput,2015-07,6,10,0,2,0,0,0,0,4,40,10
Sambalpur,2015-07,4,4,0,2,1,0,0,0,1,15,10
Puri,2015-07,10,10,1,2,1,0,0,0,4,33,22
Balasore,2015-07,8,14,1,4,1,0,0,0,3,46,21
Rourkela,2015-07,16,20,2,9,3,0,0,0,8,113,41
Mayurbhanj,2015-07,4,4,0,0,0,0,0,0,2,4,8
Cuttack,2015-07,15,20,2,4,3,0,0,0,5,67,25
Kalahandi,2015-07,4,7,0,0,0,0,0,0,1,8,3
Bhubaneswar,2015-08,15,22,2,10,4,0,0,0,3,91,55
Ganjam,2015-08,10,10,1,4,2,0,0,0,3,42,26
Koraput,2015-08,5,9,0,2,1,0,0,0,2,25,4
Sambalpur,2015-08,12,17,2,4,3,0,0,0,5,53,31
Puri,2015-08,11,11,1,2,1,0,0,0,5,51,15
Balasore,2015-08,3,3,0,1,0,0,0,0,3,17,8
Rourkela,2015-08,15,15,2,11,3,0,0,0,5,110,40
Mayurbhanj,2015-08,3,3,0,0,0,0,0,0,2,10,7
Cuttack,2015-08,15,23,4,8,6,0,0,0,7,125,48
Kalahandi,2015-08,5,9,0,2,1,0,0,0,1,16,10
Bhubaneswar,2015-09,16,25,4,13,2,0,0,0,5,136,46
Ganjam,2015-09,6,7,1,5,1,0,0,0,2,38,12
Koraput,2015-09,2,3,0,0,0,0,0,0,1,7,3
Sambalpur,2015-09,7,7,1,5,2,0,0,0,4,76,31
Puri,2015-09,7,8,1,3,2,0,0,0,3,49,10
Balasore,2015-09,8,11,1,4,1,0,0,0,6,59,17
Rourkela,2015-09,14,24,2,5,3,0,0,0,2,65,26
Mayurbhanj,2015-09,7,7,1,4,1,0,0,0,2,34,13
Cuttack,2015-09,17,17,4,11,5,0,0,0,8,150,57
Kalahandi,2015-09,0,0,0,0,0,0,0,0,2,9,4
Bhubaneswar,2015-10,13,13,1,6,2,0,0,0,7,65,25
Ganjam,2015-10,11,11,2,5,1,0,0,0,6,68,29
Koraput,2015-10,3,5,0,1,0,0,0,0,4,32,14
Sambalpur,2015-10,4,7,0,2,1,0,0,0,3,38,14
Puri,2015-10,7,10,0,2,0,0,0,0,2,19,5
Balasore,2015-10,1,2,0,0,0,0,0,0,2,13,0
Rourkela,2015-10,11,16,2,6,3,0,0,0,9,111,37
Mayurbhanj,2015-10,2,2,0,0,0,0,0,0,3,17,9
Cuttack,2015-10,10,13,1,4,1,0,0,0,2,59,15
Kalahandi,2015-10,4,4,0,0,0,0,0,0,1,6,2
Bhubaneswar,2015-11,16,24,3,10,8,0,0,0,9,156,49
Ganjam,2015-11,10,10,1,3,1,0,0,0,6,46,25
Koraput,2015-11,5,8,1,3,1,0,0,0,4,39,16
Sambalpur,2015-11,12,12,2,5,2,0,0,0,6,88,34
Puri,2015-11,8,9,1,3,1,0,0,0,6,51,33
Balasore,2015-11,11,11,1,4,1,0,0,0,4,50,25
Rourkela,2015-11,9,14,2,4,2,0,0,0,7,85,34
Mayurbhanj,2015-11,8,15,2,5,3,0,0,0,3,75,23
Cuttack,2015-11,12,15,1,4,2,0,0,0,4,53,20
Kalahandi,2015-11,4,5,0,1,0,0,0,0,2,22,10
Bhubaneswar,2015-12,10,11,2,3,2,0,0,0,4,53,21
Ganjam,2015-12,8,8,1,3,1,0,0,0,3,40,19
Koraput,2015-12,4,7,0,0,0,0,0,0,2,10,1
Sambalpur,2015-12,5,5,1,3,1,0,0,0,2,35,16
Puri,2015-12,6,6,0,3,0,0,0,0,5,36,15
Balasore,2015-12,7,9,0,2,0,0,0,0,3,22,17
Rourkela,2015-12,12,14,0,2,1,0,0,0,2,32,8
Mayurbhanj,2015-12,0,0,0,0,0,0,0,0,2,14,4
Cuttack,2015-12,12,13,2,7,3,0,0,0,3,76,30
Kalahandi,2015-12,2,2,0,0,0,0,0,0,1,6,0
Bhubaneswar,2016-01,17,23,2,7,2,0,0,0,5,66,25
Ganjam,2016-01,7,7,0,1,0,0,0,0,4,27,9
Koraput,2016-01,3,5,0,1,0,0,0,0,3,17,4
Sambalpur,2016-01,5,5,0,1,0,0,0,0,3,24,6
Puri,2016-01,4,4,1,1,1,0,0,0,3,33,12
Balasore,2016-01,9,10,0,2,1,0,0,0,1,19,9
Rourkela,2016-01,9,14,1,3,1,0,0,0,3,31,10
Mayurbhanj,2016-01,3,3,0,2,0,0,0,0,4,25,11
Cuttack,2016-01,21,25,3,7,3,0,0,0,9,117,36
Kalahandi,2016-01,2,2,0,0,0,0,0,0,2,9,1
Bhubaneswar,2016-02,15,15,4,11,3,0,0,0,6,118,54
Ganjam,2016-02,12,12,1,3,2,0,0,0,5,52,17
Koraput,2016-02,3,5,0,1,0,0,0,0,2,16,3
Sambalpur,2016-02,4,4,0,3,0,0,0,0,4,38,11
Puri,2016-02,7,7,0,2,1,0,0,0,3,30,14
Balasore,2016-02,11,15,1,3,1,0,0,0,2,39,16
Rourkela,2016-02,7,9,2,5,1,0,0,0,5,54,21
Mayurbhanj,2016-02,4,4,0,1,0,0,0,0,2,16,7
Cuttack,2016-02,15,15,2,8,2,0,0,0,5,77,38
Kalahandi,2016-02,4,5,0,2,1,0,0,0,2,32,12
Bhubaneswar,2016-03,11,19,1,3,2,0,0,0,3,45,19
Ganjam,2016-03,6,6,0,1,0,0,0,0,3,18,12
Koraput,2016-03,6,8,1,3,1,0,0,0,3,46,15
Sambalpur,2016-03,2,2,0,1,0,0,0,0,2,12,7
Puri,2016-03,10,11,1,7,4,0,0,0,3,65,31
Balasore,2016-03,3,3,0,4,1,0,0,0,3,41,14
Rourkela,2016-03,15,19,3,10,4,0,0,0,6,121,40
Mayurbhanj,2016-03,2,2,0,0,0,0,0,0,3,12,2
Cuttack,2016-03,11,11,1,6,2,0,0,0,2,58,24
Kalahandi,2016-03,3,4,0,0,0,0,0,0,1,8,4
Bhubaneswar,2016-04,16,18,1,3,2,0,0,0,6,63,19
Ganjam,2016-04,10,15,2,4,3,0,0,0,7,68,29
Koraput,2016-04,2,2,0,0,0,0,0,0,0,2,1
Sambalpur,2016-04,5,6,0,2,1,0,0,0,1,28,7
Puri,2016-04,5,5,0,1,1,0,0,0,2,30,12
Balasore,2016-04,5,5,0,0,0,0,0,0,2,11,2
Rourkela,2016-04,5,8,1,4,3,0,0,0,4,43,23
Mayurbhanj,2016-04,0,1,0,0,0,0,0,0,0,1,0
Cuttack,2016-04,16,16,3,8,3,0,0,0,8,109,44
Kalahandi,2016-04,3,3,0,1,0,0,0,0,3,25,7
Bhubaneswar,2016-05,13,19,3,9,4,0,0,0,2,79,36
Ganjam,2016-05,7,8,2,5,3,0,0,0,6,80,33
Koraput,2016-05,3,3,0,2,1,0,0,0,1,25,10
Sambalpur,2016-05,9,9,0,2,1,0,0,0,3,30,14
Puri,2016-05,4,5,0,0,0,0,0,0,0,0,1
Balasore,2016-05,8,11,2,5,1,0,0,0,6,60,25
Rourkela,2016-05,8,10,1,5,2,0,0,0,4,69,26
Mayurbhanj,2016-05,6,6,0,3,1,0,0,0,3,33,10
Cuttack,2016-05,21,21,4,11,3,0,0,0,9,127,54
Kalahandi,2016-05,2,5,0,0,0,0,0,0,0,1,1
Bhubaneswar,2016-06,14,17,1,4,1,0,0,0,9,75,31
Ganjam,2016-06,9,12,2,6,3,0,0,0,2,56,21
Koraput,2016-06,5,11,1,5,2,0,0,0,1,45,11
Sambalpur,2016-06,6,10,0,2,1,0,0,0,5,57,15
Puri,2016-06,9,11,0,1,0,0,0,0,4,30,10
Balasore,2016-06,7,12,1,2,0,0,0,0,4,45,8
Rourkela,2016-06,9,9,1,4,1,0,0,0,4,40,14
Mayurbhanj,2016-06,2,2,1,4,2,0,0,0,0,35,18
Cuttack,2016-06,19,24,2,8,2,0,0,0,5,96,32
Kalahandi,2016-06,1,1,0,1,0,0,0,0,2,22,2
Bhubaneswar,2016-07,9,13,1,2,2,0,0,0,4,37,18
Ganjam,2016-07,7,9,1,2,1,0,0,0,2,35,5
Koraput,2016-07,4,4,0,1,1,0,0,0,3,32,8
Sambalpur,2016-07,2,2,0,0,0,0,0,0,1,10,0
Puri,2016-07,5,5,0,1,0,0,0,0,3,14,6
Balasore,2016-07,3,5,1,3,1,0,0,0,1,24,12
Rourkela,2016-07,18,23,3,6,2,0,0,0,8,103,37
Mayurbhanj,2016-07,2,2,0,0,0,0,0,0,2,12,6
Cuttack,2016-07,15,15,3,7,2,0,0,0,7,109,37
Kalahandi,2016-07,3,7,0,2,0,0,0,0,2,20,6
Bhubaneswar,2016-08,15,15,2,8,3,0,0,0,2,77,32
Ganjam,2016-08,9,11,1,5,1,0,0,0,4,62,23
Koraput,2016-08,4,4,0,1,0,0,0,0,3,21,17
Sambalpur,2016-08,8,8,0,0,0,0,0,0,1,3,3
Puri,2016-08,5,5,1,3,2,0,0,0,3,43,12
Balasore,2016-08,13,17,3,6,1,0,0,0,7,79,36
Rourkela,2016-08,7,12,1,3,3,0,0,0,4,62,19
Mayurbhanj,2016-08,8,9,1,4,1,0,0,0,1,32,16
Cuttack,2016-08,13,15,1,3,2,0,0,0,3,56,27
Kalahandi,2016-08,7,13,1,5,2,0,0,0,3,60,30
Bhubaneswar,2016-09,15,20,2,7,4,0,0,0,5,93,40
Ganjam,2016-09,6,6,1,4,1,0,0,0,2,40,13
Koraput,2016-09,1,6,0,0,0,0,0,0,1,6,2
Sambalpur,2016-09,11,11,3,8,2,0,0,0,7,80,49
Puri,2016-09,4,4,0,0,0,0,0,0,3,14,8
Balasore,2016-09,11,11,1,4,2,0,0,0,3,59,21
Rourkela,2016-09,14,21,1,4,1,0,0,0,7,67,24
Mayurbhanj,2016-09,4,4,0,1,0,0,0,0,3,19,14
Cuttack,2016-09,14,19,1,7,3,0,0,0,2,59,17
Kalahandi,2016-09,3,8,1,3,1,0,0,0,3,36,15
Bhubaneswar,2016-10,10,11,1,5,1,0,0,0,2,40,19
Ganjam,2016-10,9,9,1,3,2,0,0,0,3,37,15
Koraput,2016-10,6,8,0,2,1,0,0,0,2,26,11
Sambalpur,2016-10,9,9,0,3,1,0,0,0,2,28,17
Puri,2016-10,5,8,1,3,2,0,0,0,1,35,16
Balasore,2016-10,7,7,0,3,1,0,0,0,2,27,8
Rourkela,2016-10,8,13,1,3,2,0,0,0,4,45,18
Mayurbhanj,2016-10,3,3,0,0,0,0,0,0,2,11,5
Cuttack,2016-10,16,22,2,6,2,0,0,0,2,53,23
Kalahandi,2016-10,5,7,0,2,0,0,0,0,4,30,13
Bhubaneswar,2016-11,20,23,4,13,3,0,0,0,6,136,47
Ganjam,2016-11,17,22,1,4,2,0,0,0,5,55,24
Koraput,2016-11,5,6,0,1,0,0,0,0,2,13,4
Sambalpur,2016-11,9,11,1,3,2,0,0,0,4,46,23
Puri,2016-11,7,7,1,4,1,0,0,0,2,36,11
Balasore,2016-11,6,7,0,4,1,0,0,0,4,41,25
Rourkela,2016-11,12,18,2,6,2,0,0,0,4,60,20
Mayurbhanj,2016-11,5,9,1,3,0,0,0,0,5,33,15
Cuttack,2016-11,8,8,1,3,1,0,0,0,3,39,20
Kalahandi,2016-11,2,2,0,1,0,0,0,0,2,18,6
Bhubaneswar,2016-12,20,33,2,10,4,0,0,0,2,81,37
Ganjam,2016-12,8,8,2,5,1,0,0,0,5,66,28
Koraput,2016-12,5,5,0,1,0,0,0,0,4,30,13
Sambalpur,2016-12,9,9,1,6,2,0,0,0,2,61,23
Puri,2016-12,5,5,1,3,1,0,0,0,4,45,22
Balasore,2016-12,3,3,0,0,0,0,0,0,1,5,1
Rourkela,2016-12,11,13,1,5,1,0,0,0,7,69,31
Mayurbhanj,2016-12,4,5,0,2,1,0,0,0,3,27,16
Cuttack,2016-12,15,20,2,7,5,0,0,0,6,103,44
Kalahandi,2016-12,6,6,0,4,1,0,0,0,2,36,14
Bhubaneswar,2017-01,13,17,2,7,3,0,0,0,2,69,32
Ganjam,2017-01,10,16,0,2,1,0,0,0,3,26,11
Koraput,2017-01,2,2,0,0,0,0,0,0,2,9,6
Sambalpur,2017-01,10,12,2,6,2,0,0,0,7,96,29
Puri,2017-01,7,12,1,3,2,0,0,0,5,44,18
Balasore,2017-01,4,5,0,1,0,0,0,0,2,13,8
Rourkela,2017-01,11,11,2,5,4,0,0,0,6,79,39
Mayurbhanj,2017-01,6,7,0,1,0,0,0,0,4,29,13
Cuttack,2017-01,14,14,2,8,4,0,0,0,1,69,24
Kalahandi,2017-01,0,1,0,1,0,0,0,0,1,10,7
Bhubaneswar,2017-02,16,18,2,7,4,0,0,0,3,86,34
Ganjam,2017-02,6,6,0,2,0,0,0,0,3,35,8
Koraput,2017-02,7,9,1,3,1,0,0,0,4,41,19
Sambalpur,2017-02,5,9,1,3,0,0,0,0,2,24,14
Puri,2017-02,2,2,0,0,0,0,0,0,1,6,5
Balasore,2017-02,9,9,2,8,3,0,0,0,4,87,28
Rourkela,2017-02,9,10,1,5,1,0,0,0,3,44,21
Mayurbhanj,2017-02,2,2,0,1,0,0,0,0,1,17,4
Cuttack,2017-02,12,12,1,4,2,0,0,0,3,51,27
Kalahandi,2017-02,4,5,0,1,0,0,0,0,3,25,12
Bhubaneswar,2017-03,15,17,2,11,2,0,0,0,5,100,40
Ganjam,2017-03,7,7,0,1,0,0,0,0,4,18,7
Koraput,2017-03,6,10,1,4,1,0,0,0,2,46,8
Sambalpur,2017-03,12,18,2,5,1,0,0,0,7,86,41
Puri,2017-03,4,4,0,2,0,0,0,0,4,33,10
Balasore,2017-03,8,17,1,3,1,0,0,0,2,31,18
Rourkela,2017-03,16,16,1,7,2,0,0,0,4,69,32
Mayurbhanj,2017-03,3,3,0,1,1,0,0,0,3,26,12
Cuttack,2017-03,15,17,2,6,1,0,0,0,6,74,22
Kalahandi,2017-03,2,3,0,1,0,0,0,0,1,5,4
Bhubaneswar,2017-04,9,13,0,2,1,0,0,0,3,36,16
Ganjam,2017-04,8,8,0,3,0,0,0,0,3,34,17
Koraput,2017-04,5,5,0,1,0,0,0,0,2,22,11
Sambalpur,2017-04,4,6,0,3,1,0,0,0,3,41,11
Puri,2017-04,6,6,0,1,0,0,0,0,2,11,1
Balasore,2017-04,5,5,0,0,0,0,0,0,2,8,1
Rourkela,2017-04,11,11,2,5,3,0,0,0,6,86,31
Mayurbhanj,2017-04,1,2,0,0,0,0,0,0,2,13,2
Cuttack,2017-04,18,26,3,8,6,0,0,0,5,112,45
Kalahandi,2017-04,0,1,0,0,0,0,0,0,1,6,5
Bhubaneswar,2017-05,17,27,2,9,3,0,0,0,2,82,35
Ganjam,2017-05,9,9,1,5,1,0,0,0,3,52,22
Koraput,2017-05,6,11,0,1,0,0,0,0,2,17,2
Sambalpur,2017-05,9,13,1,6,3,0,0,0,3,68,24
Puri,2017-05,5,5,0,2,0,0,0,0,3,23,8
Balasore,2017-05,10,10,0,2,1,0,0,0,4,25,18
Rourkela,2017-05,13,13,1,7,4,0,0,0,7,123,48
Mayurbhanj,2017-05,2,2,0,0,0,0,0,0,0,0,0
Cuttack,2017-05,9,12,0,1,1,0,0,0,4,36,13
Kalahandi,2017-05,3,5,0,0,0,0,0,0,1,3,5
Bhubaneswar,2017-06,11,12,1,5,1,0,0,0,5,74,27
Ganjam,2017-06,9,15,1,4,1,0,0,0,3,57,30
Koraput,2017-06,3,3,0,1,1,0,0,0,3,33,11
Sambalpur,2017-06,8,8,3,4,1,0,0,0,8,92,28
Puri,2017-06,5,6,0,2,1,0,0,0,2,24,11
Balasore,2017-06,3,5,0,0,0,0,0,0,2,8,5
Rourkela,2017-06,7,7,1,6,2,0,0,0,3,62,25
Mayurbhanj,2017-06,4,4,1,2,0,0,0,0,3,28,14
Cuttack,2017-06,16,20,2,3,2,0,0,0,6,52,28
Kalahandi,2017-06,4,4,0,2,0,0,0,0,3,26,11
Bhubaneswar,2017-07,13,17,0,3,1,0,0,0,4,42,14
Ganjam,2017-07,6,10,0,0,0,0,0,0,1,3,1
Koraput,2017-07,3,3,0,1,0,0,0,0,4,28,8
Sambalpur,2017-07,12,12,1,4,1,0,0,0,3,47,22
Puri,2017-07,7,8,1,5,1,0,0,0,3,44,16
Balasore,2017-07,8,10,1,3,1,0,0,0,3,50,16
Rourkela,2017-07,14,14,2,8,1,0,0,0,5,83,33
Mayurbhanj,2017-07,11,19,1,5,1,0,0,0,4,53,27
Cuttack,2017-07,18,20,2,7,3,0,0,0,7,88,42
Kalahandi,2017-07,6,7,1,4,2,0,0,0,4,60,15
Bhubaneswar,2017-08,17,21,1,5,3,0,0,0,6,66,37
Ganjam,2017-08,12,15,2,5,1,0,0,0,11,102,50
Koraput,2017-08,4,4,1,2,1,0,0,0,3,30,19
Sambalpur,2017-08,6,7,0,2,0,0,0,0,3,19,5
Puri,2017-08,5,5,0,2,1,0,0,0,3,30,10
Balasore,2017-08,6,17,1,3,1,0,0,0,3,48,14
Rourkela,2017-08,7,8,0,1,1,0,0,0,3,26,11
Mayurbhanj,2017-08,2,4,0,1,0,0,0,0,2,17,3
Cuttack,2017-08,11,14,2,5,1,0,0,0,4,65,9
Kalahandi,2017-08,4,7,1,2,2,0,0,0,4,40,17
Bhubaneswar,2017-09,14,25,3,6,2,0,0,0,12,131,43
Ganjam,2017-09,7,7,0,2,0,0,0,0,4,24,12
Koraput,2017-09,3,5,0,1,0,0,0,0,2,11,6
Sambalpur,2017-09,5,5,0,1,0,0,0,0,3,18,10
Puri,2017-09,5,5,1,3,1,0,0,0,4,49,14
Balasore,2017-09,6,6,0,1,0,0,0,0,3,23,5
Rourkela,2017-09,13,15,2,8,2,0,0,0,3,80,22
Mayurbhanj,2017-09,5,5,1,2,1,0,0,0,5,48,16
Cuttack,2017-09,12,16,2,5,4,0,0,0,6,80,37
Kalahandi,2017-09,2,2,0,0,0,0,0,0,0,1,1
Bhubaneswar,2017-10,16,19,4,10,3,0,0,0,8,125,59
Ganjam,2017-10,7,7,0,1,0,0,0,0,3,19,7
Koraput,2017-10,7,8,1,3,1,0,0,0,4,57,19
Sambalpur,2017-10,4,5,0,2,1,0,0,0,3,30,12
Puri,2017-10,3,5,0,2,1,0,0,0,2,18,16
Balasore,2017-10,4,4,0,3,0,0,0,0,4,33,15
Rourkela,2017-10,10,13,0,2,1,0,0,0,4,31,13
Mayurbhanj,2017-10,6,9,0,2,0,0,0,0,3,22,6
Cuttack,2017-10,27,44,5,14,7,0,0,0,7,180,63
Kalahandi,2017-10,4,5,0,1,0,0,0,0,2,18,8
Bhubaneswar,2017-11,16,21,3,10,3,0,0,0,4,100,47
Ganjam,2017-11,6,6,0,1,0,0,0,0,3,19,5
Koraput,2017-11,2,3,0,1,0,0,0,0,1,13,6
Sambalpur,2017-11,12,16,2,6,3,0,0,0,4,66,34
Puri,2017-11,1,1,0,0,0,0,0,0,2,9,5
Balasore,2017-11,10,10,0,2,0,0,0,0,4,35,13
Rourkela,2017-11,12,21,2,7,1,0,0,0,5,76,39
Mayurbhanj,2017-11,4,10,0,1,0,0,0,0,1,8,4
Cuttack,2017-11,15,18,2,7,3,0,0,0,6,85,38
Kalahandi,2017-11,5,5,0,1,1,0,0,0,3,25,4
Bhubaneswar,2017-12,15,16,1,4,1,0,0,0,3,47,19
Ganjam,2017-12,5,7,1,5,2,0,0,0,3,53,20
Koraput,2017-12,4,5,0,2,1,0,0,0,1,24,5
Sambalpur,2017-12,8,9,1,3,1,0,0,0,3,36,12
Puri,2017-12,2,5,0,2,1,0,0,0,2,25,9
Balasore,2017-12,4,4,0,2,1,0,0,0,2,32,9
Rourkela,2017-12,8,8,1,5,2,0,0,0,1,42,20
Mayurbhanj,2017-12,3,3,0,0,0,0,0,0,3,19,3
Cuttack,2017-12,12,14,2,7,3,0,0,0,4,81,40
Kalahandi,2017-12,3,3,0,1,0,0,0,0,2,18,5
Bhubaneswar,2018-01,15,16,2,7,3,0,0,0,6,84,26
Ganjam,2018-01,7,8,1,3,2,0,0,0,3,33,18
Koraput,2018-01,4,6,1,4,1,0,0,0,4,61,20
Sambalpur,2018-01,5,5,0,1,0,0,0,0,2,19,6
Puri,2018-01,8,10,1,3,1,0,0,0,4,35,20
Balasore,2018-01,7,9,0,1,0,0,0,0,4,32,11
Rourkela,2018-01,7,7,0,3,1,0,0,0,3,40,11
Mayurbhanj,2018-01,1,2,0,1,0,0,0,0,2,17,4
Cuttack,2018-01,19,19,2,7,3,0,0,0,10,107,50
Kalahandi,2018-01,1,2,0,0,0,0,0,0,0,0,1
Bhubaneswar,2018-02,11,17,1,5,1,0,0,0,2,46,24
Ganjam,2018-02,13,13,1,5,3,0,0,0,7,73,41
Koraput,2018-02,11,11,3,8,4,0,0,0,2,78,37
Sambalpur,2018-02,11,11,1,6,4,0,0,0,3,66,27
Puri,2018-02,9,13,1,4,2,0,0,0,3,44,22
Balasore,2018-02,5,5,0,3,0,0,0,0,4,44,15
Rourkela,2018-02,10,10,2,5,2,0,0,0,3,68,20
Mayurbhanj,2018-02,3,3,1,2,0,0,0,0,4,36,14
Cuttack,2018-02,12,12,2,6,2,0,0,0,4,63,23
Kalahandi,2018-02,2,2,0,1,0,0,0,0,2,9,1
Bhubaneswar,2018-03,12,20,2,6,2,0,0,0,9,81,45
Ganjam,2018-03,15,21,2,6,3,0,0,0,8,102,32
Koraput,2018-03,2,2,0,1,0,0,0,0,2,18,8
Sambalpur,2018-03,10,10,0,2,1,0,0,0,3,33,10
Puri,2018-03,3,3,0,2,0,0,0,0,3,24,11
Balasore,2018-03,8,11,2,4,1,0,0,0,4,48,23
Rourkela,2018-03,7,12,2,7,4,0,0,0,4,87,30
Mayurbhanj,2018-03,4,4,0,0,0,0,0,0,0,1,1
Cuttack,2018-03,13,28,1,5,2,0,0,0,1,42,15
Kalahandi,2018-03,1,1,0,0,0,0,0,0,2,10,4
Bhubaneswar,2018-04,18,24,4,12,6,0,0,0,1,109,48
Ganjam,2018-04,10,15,2,6,3,0,0,0,2,70,26
Koraput,2018-04,2,6,0,0,0,0,0,0,0,2,0
Sambalpur,2018-04,15,19,2,4,3,0,0,0,6,75,31
Puri,2018-04,4,4,0,4,1,0,0,0,2,34,10
Balasore,2018-04,5,9,1,4,1,0,0,0,2,38,22
Rourkela,2018-04,13,14,2,8,1,0,0,0,4,64,28
Mayurbhanj,2018-04,2,4,0,1,0,0,0,0,3,15,8
Cuttack,2018-04,13,13,1,3,2,0,0,0,4,72,17
Kalahandi,2018-04,1,1,0,0,0,0,0,0,0,3,1
Bhubaneswar,2018-05,14,14,2,6,3,0,0,0,2,67,21
Ganjam,2018-05,8,8,0,2,1,0,0,0,3,37,13
Koraput,2018-05,8,10,1,3,1,0,0,0,5,42,22
Sambalpur,2018-05,9,14,1,3,1,0,0,0,3,46,11
Puri,2018-05,5,5,1,3,2,0,0,0,3,42,27
Balasore,2018-05,4,5,0,3,0,0,0,0,4,36,12
Rourkela,2018-05,14,15,2,6,2,0,0,0,5,80,24
Mayurbhanj,2018-05,0,0,0,0,0,0,0,0,0,1,0
Cuttack,2018-05,13,13,1,2,0,0,0,0,4,36,19
Kalahandi,2018-05,3,3,0,0,0,0,0,0,2,13,2
Bhubaneswar,2018-06,15,29,1,4,2,0,0,0,3,50,20
Ganjam,2018-06,5,5,0,1,0,0,0,0,4,25,7
Koraput,2018-06,5,5,0,0,0,0,0,0,1,1,6
Sambalpur,2018-06,8,8,2,6,2,0,0,0,2,67,29
Puri,2018-06,4,4,0,1,1,0,0,0,4,27,11
Balasore,2018-06,5,6,0,1,0,0,0,0,3,19,10
Rourkela,2018-06,15,15,2,8,2,0,0,0,9,111,40
Mayurbhanj,2018-06,5,5,0,0,0,0,0,0,2,9,4
Cuttack,2018-06,14,17,1,8,1,0,0,0,6,94,32
Kalahandi,2018-06,2,2,0,1,0,0,0,0,2,10,8
Bhubaneswar,2018-07,17,21,1,6,1,0,0,0,5,61,36
Ganjam,2018-07,9,11,0,1,1,0,0,0,3,27,9
Koraput,2018-07,3,10,0,1,0,0,0,0,1,13,11
Sambalpur,2018-07,6,8,0,2,1,0,0,0,3,26,16
Puri,2018-07,8,10,1,2,0,0,0,0,4,29,9
Balasore,2018-07,5,8,0,4,1,0,0,0,3,37,22
Rourkela,2018-07,13,13,3,5,3,0,0,0,7,104,28
Mayurbhanj,2018-07,2,2,0,1,0,0,0,0,1,13,2
Cuttack,2018-07,10,10,1,3,2,0,0,0,3,42,28
Kalahandi,2018-07,5,8,1,3,1,0,0,0,6,56,23
Bhubaneswar,2018-08,6,6,1,3,0,0,0,0,2,29,10
Ganjam,2018-08,11,19,1,6,3,0,0,0,1,45,15
Koraput,2018-08,2,3,0,1,0,0,0,0,2,18,7
Sambalpur,2018-08,8,8,0,2,1,0,0,0,4,36,23
Puri,2018-08,3,3,0,1,0,0,0,0,2,13,6
Balasore,2018-08,8,9,0,3,1,0,0,0,3,27,16
Rourkela,2018-08,10,10,1,3,1,0,0,0,3,39,11
Mayurbhanj,2018-08,6,10,0,1,0,0,0,0,3,15,8
Cuttack,2018-08,18,18,3,11,4,0,0,0,4,109,38
Kalahandi,2018-08,5,5,0,2,1,0,0,0,2,23,12
Bhubaneswar,2018-09,7,11,0,2,0,0,0,0,4,36,12
Ganjam,2018-09,15,15,1,4,2,0,0,0,4,43,23
Koraput,2018-09,1,1,0,0,0,0,0,0,0,1,0
Sambalpur,2018-09,4,4,0,0,0,0,0,0,1,8,2
Puri,2018-09,6,6,0,1,0,0,0,0,2,7,6
Balasore,2018-09,4,7,0,1,0,0,0,0,3,16,11
Rourkela,2018-09,10,13,1,4,2,0,0,0,4,62,20
Mayurbhanj,2018-09,3,5,0,2,0,0,0,0,4,32,13
Cuttack,2018-09,17,18,3,14,2,0,0,0,5,139,63
Kalahandi,2018-09,2,2,0,0,0,0,0,0,0,4,1
Bhubaneswar,2018-10,14,14,2,8,2,0,0,0,7,96,40
Ganjam,2018-10,6,9,0,2,0,0,0,0,2,26,7
Koraput,2018-10,3,3,0,0,0,0,0,0,2,9,5
Sambalpur,2018-10,13,17,2,4,1,0,0,0,5,51,28
Puri,2018-10,8,9,0,2,0,0,0,0,3,28,16
Balasore,2018-10,2,6,0,0,0,0,0,0,1,7,3
Rourkela,2018-10,13,15,1,4,1,0,0,0,4,59,28
Mayurbhanj,2018-10,6,7,0,2,0,0,0,0,3,15,11
Cuttack,2018-10,13,15,1,6,3,0,0,0,3,66,24
Kalahandi,2018-10,3,3,0,0,0,0,0,0,1,3,2
Bhubaneswar,2018-11,14,21,1,3,2,0,0,0,4,40,19
Ganjam,2018-11,8,8,0,1,0,0,0,0,4,30,8
Koraput,2018-11,1,1,0,0,0,0,0,0,2,12,6
Sambalpur,2018-11,2,2,0,0,0,0,0,0,1,7,6
Puri,2018-11,6,6,0,2,1,0,0,0,3,30,19
Balasore,2018-11,5,6,0,2,0,0,0,0,3,25,3
Rourkela,2018-11,11,19,1,3,1,0,0,0,3,48,23
Mayurbhanj,2018-11,2,2,0,0,0,0,0,0,2,10,4
Cuttack,2018-11,15,19,3,5,2,0,0,0,8,81,38
Kalahandi,2018-11,1,1,0,0,0,0,0,0,0,0,0
Bhubaneswar,2018-12,16,18,4,11,6,0,0,0,3,118,45
Ganjam,2018-12,12,16,1,9,2,0,0,0,6,98,32
Koraput,2018-12,4,7,1,2,0,0,0,0,3,34,17
Sambalpur,2018-12,8,11,0,3,1,0,0,0,3,37,13
Puri,2018-12,9,9,1,3,1,0,0,0,4,53,13
Balasore,2018-12,5,7,0,4,1,0,0,0,3,40,19
Rourkela,2018-12,12,14,2,5,3,0,0,0,4,50,35
Mayurbhanj,2018-12,3,6,0,2,0,0,0,0,2,20,11
Cuttack,2018-12,14,14,3,9,4,0,0,0,2,98,26
Kalahandi,2018-12,3,6,0,1,0,0,0,0,2,16,7
Bhubaneswar,2019-01,15,15,2,8,3,0,0,0,2,73,31
Ganjam,2019-01,13,15,2,7,4,0,0,0,2,66,29
Koraput,2019-01,3,3,0,0,0,0,0,0,3,15,5
Sambalpur,2019-01,5,5,0,2,1,0,0,0,4,23,11
Puri,2019-01,6,12,1,2,1,0,0,0,4,46,13
Balasore,2019-01,5,5,0,2,1,0,0,0,3,25,21
Rourkela,2019-01,12,12,2,5,3,0,0,0,2,54,31
Mayurbhanj,2019-01,3,3,0,0,0,0,0,0,1,10,0
Cuttack,2019-01,15,23,2,8,3,0,0,0,10,114,59
Kalahandi,2019-01,2,4,0,0,0,0,0,0,1,2,3
Bhubaneswar,2019-02,11,14,1,3,2,0,0,0,5,56,23
Ganjam,2019-02,18,28,3,11,3,0,0,0,6,112,48
Koraput,2019-02,2,2,0,0,0,0,0,0,0,1,0
Sambalpur,2019-02,4,4,0,2,0,0,0,0,2,22,8
Puri,2019-02,5,5,0,1,0,0,0,0,3,13,6
Balasore,2019-02,11,13,1,8,1,0,0,0,6,61,31
Rourkela,2019-02,10,12,1,5,1,0,0,0,4,55,21
Mayurbhanj,2019-02,2,2,0,0,0,0,0,0,0,2,1
Cuttack,2019-02,14,14,2,5,4,0,0,0,4,76,25
Kalahandi,2019-02,3,4,0,2,1,0,0,0,3,37,15
Bhubaneswar,2019-03,15,30,2,7,3,0,0,0,2,75,27
Ganjam,2019-03,6,6,0,2,1,0,0,0,4,20,16
Koraput,2019-03,9,12,2,4,1,0,0,0,5,57,24
Sambalpur,2019-03,10,10,1,3,2,0,0,0,5,48,19
Puri,2019-03,6,6,0,2,1,0,0,0,2,18,5
Balasore,2019-03,8,9,1,2,1,0,0,0,3,32,9
Rourkela,2019-03,8,11,1,5,2,0,0,0,4,60,17
Mayurbhanj,2019-03,2,5,0,1,0,0,0,0,2,19,4
Cuttack,2019-03,11,14,1,3,1,0,0,0,3,37,14
Kalahandi,2019-03,1,1,0,0,0,0,0,0,2,12,0
Bhubaneswar,2019-04,14,21,1,7,3,0,0,0,2,62,32
Ganjam,2019-04,10,10,0,3,2,0,0,0,3,47,20
Koraput,2019-04,2,5,0,1,0,0,0,0,2,12,13
Sambalpur,2019-04,5,5,0,3,0,0,0,0,3,31,12
Puri,2019-04,6,9,1,2,1,0,0,0,2,40,12
Balasore,2019-04,5,5,1,3,1,0,0,0,3,21,19
Rourkela,2019-04,9,15,0,4,2,0,0,0,3,49,17
Mayurbhanj,2019-04,1,1,0,0,0,0,0,0,1,3,3
Cuttack,2019-04,8,17,1,4,1,0,0,0,3,42,22
Kalahandi,2019-04,3,4,0,1,0,0,0,0,2,11,4
Bhubaneswar,2019-05,14,14,1,6,3,0,0,0,2,80,25
Ganjam,2019-05,5,5,0,2,1,0,0,0,2,32,12
Koraput,2019-05,5,9,1,3,0,0,0,0,3,43,11
Sambalpur,2019-05,3,3,0,2,0,0,0,0,3,19,7
Puri,2019-05,13,17,2,5,2,0,0,0,4,59,25
Balasore,2019-05,6,8,0,1,0,0,0,0,4,24,4
Rourkela,2019-05,11,13,2,5,1,0,0,0,5,55,27
Mayurbhanj,2019-05,3,3,0,0,0,0,0,0,2,14,9
Cuttack,2019-05,7,10,1,4,0,0,0,0,2,33,24
Kalahandi,2019-05,3,8,0,0,0,0,0,0,2,8,3
Bhubaneswar,2019-06,17,17,1,10,3,0,0,0,4,87,39
Ganjam,2019-06,10,11,2,5,3,0,0,0,3,45,32
Koraput,2019-06,2,2,0,1,0,0,0,0,2,19,7
Sambalpur,2019-06,15,18,1,6,2,0,0,0,4,63,27
Puri,2019-06,7,7,1,4,1,0,0,0,1,27,18
Balasore,2019-06,6,6,0,2,0,0,0,0,4,30,13
Rourkela,2019-06,10,10,1,4,1,0,0,0,4,49,17
Mayurbhanj,2019-06,1,1,0,1,0,0,0,0,2,20,6
Cuttack,2019-06,17,21,2,5,2,0,0,0,6,81,29
Kalahandi,2019-06,3,6,0,1,1,0,0,0,3,28,12
Bhubaneswar,2019-07,23,35,3,10,3,0,0,0,7,125,42
Ganjam,2019-07,9,13,2,7,2,0,0,0,7,89,40
Koraput,2019-07,8,13,0,3,1,0,0,0,4,38,20
Sambalpur,2019-07,6,6,1,4,2,0,0,0,3,53,18
Puri,2019-07,7,7,1,3,1,0,0,0,3,45,16
Balasore,2019-07,10,11,0,2,1,0,0,0,5,42,14
Rourkela,2019-07,12,15,0,4,1,0,0,0,3,43,11
Mayurbhanj,2019-07,6,6,0,2,0,0,0,0,3,24,7
Cuttack,2019-07,12,14,1,3,2,0,0,0,5,48,21
Kalahandi,2019-07,5,5,0,1,0,0,0,0,2,14,5
Bhubaneswar,2019-08,16,16,3,7,2,0,0,0,5,85,52
Ganjam,2019-08,5,7,0,2,0,0,0,0,3,20,6
Koraput,2019-08,2,2,0,0,0,0,0,0,1,4,2
Sambalpur,2019-08,13,13,1,9,2,0,0,0,4,77,24
Puri,2019-08,7,11,1,4,1,0,0,0,2,32,16
Balasore,2019-08,3,5,0,1,0,0,0,0,2,12,7
Rourkela,2019-08,10,12,1,3,1,0,0,0,5,46,20
Mayurbhanj,2019-08,7,7,0,1,0,0,0,0,3,19,6
Cuttack,2019-08,6,6,0,1,0,0,0,0,2,27,8
Kalahandi,2019-08,3,6,0,1,1,0,0,0,3,18,8
Bhubaneswar,2019-09,23,28,5,9,5,0,0,0,11,157,64
Ganjam,2019-09,8,8,0,2,1,0,0,0,2,22,9
Koraput,2019-09,5,8,0,1,1,0,0,0,3,24,7
Sambalpur,2019-09,8,10,0,2,1,0,0,0,3,25,9
Puri,2019-09,6,11,0,2,0,0,0,0,5,40,12
Balasore,2019-09,7,8,1,2,1,0,0,0,3,32,12
Rourkela,2019-09,17,21,1,4,2,0,0,0,5,66,24
Mayurbhanj,2019-09,0,2,0,1,0,0,0,0,1,12,4
Cuttack,2019-09,11,11,2,5,3,0,0,0,4,81,24
Kalahandi,2019-09,1,1,0,0,0,0,0,0,1,4,1
Bhubaneswar,2019-10,18,26,2,6,2,0,0,0,7,91,34
Ganjam,2019-10,7,7,1,2,0,0,0,0,3,37,7
Koraput,2019-10,3,3,0,0,0,0,0,0,1,9,1
Sambalpur,2019-10,10,11,1,7,2,0,0,0,4,62,29
Puri,2019-10,6,7,1,5,2,0,0,0,2,52,21
Balasore,2019-10,4,4,0,0,0,0,0,0,1,4,1
Rourkela,2019-10,15,21,3,11,6,0,0,0,3,123,51
Mayurbhanj,2019-10,5,5,1,3,1,0,0,0,2,36,9
Cuttack,2019-10,17,17,2,6,2,0,0,0,5,84,26
Kalahandi,2019-10,6,6,1,3,1,0,0,0,3,50,22
Bhubaneswar,2019-11,18,27,2,10,3,0,0,0,3,88,42
Ganjam,2019-11,13,13,2,7,4,0,0,0,6,104,37
Koraput,2019-11,2,3,0,0,0,0,0,0,1,3,0
Sambalpur,2019-11,8,13,1,5,3,0,0,0,3,65,24
Puri,2019-11,6,6,0,1,1,0,0,0,2,15,6
Balasore,2019-11,7,7,0,2,1,0,0,0,4,30,13
Rourkela,2019-11,7,11,1,5,1,0,0,0,3,56,23
Mayurbhanj,2019-11,4,4,0,2,1,0,0,0,2,27,9
Cuttack,2019-11,12,18,1,7,4,0,0,0,4,84,34
Kalahandi,2019-11,5,5,0,1,0,0,0,0,3,16,8
Bhubaneswar,2019-12,14,18,2,6,2,0,0,0,6,75,31
Ganjam,2019-12,11,14,1,4,2,0,0,0,6,64,29
Koraput,2019-12,2,3,0,0,0,0,0,0,3,15,3
Sambalpur,2019-12,7,10,0,1,1,0,0,0,4,28,15
Puri,2019-12,10,10,2,4,3,0,0,0,4,53,25
Balasore,2019-12,5,8,0,1,0,0,0,0,2,21,5
Rourkela,2019-12,17,18,2,9,3,0,0,0,3,96,45
Mayurbhanj,2019-12,4,4,0,0,0,0,0,0,1,5,3
Cuttack,2019-12,13,13,2,5,1,0,0,0,3,55,27
Kalahandi,2019-12,3,3,0,1,1,0,0,0,2,21,8
Bhubaneswar,2020-01,18,22,4,8,5,0,0,0,6,104,40
Ganjam,2020-01,12,15,1,10,2,0,0,0,4,81,36
Koraput,2020-01,5,6,1,2,1,0,0,0,3,29,9
Sambalpur,2020-01,8,8,0,1,0,0,0,0,3,26,7
Puri,2020-01,5,5,0,2,1,0,0,0,3,29,20
Balasore,2020-01,6,11,1,2,1,0,0,0,3,46,16
Rourkela,2020-01,7,9,1,4,1,0,0,0,2,41,19
Mayurbhanj,2020-01,1,1,0,0,0,0,0,0,1,0,2
Cuttack,2020-01,13,13,1,3,3,0,0,0,5,72,19
Kalahandi,2020-01,5,6,1,3,0,0,0,0,2,33,10
Bhubaneswar,2020-02,13,20,1,5,2,0,0,0,6,58,32
Ganjam,2020-02,7,14,0,2,1,0,0,0,3,25,12
Koraput,2020-02,3,3,1,2,1,0,0,0,2,28,11
Sambalpur,2020-02,3,3,0,2,0,0,0,0,2,26,12
Puri,2020-02,2,2,0,1,0,0,0,0,2,15,7
Balasore,2020-02,5,6,1,2,1,0,0,0,3,33,12
Rourkela,2020-02,12,14,2,4,2,0,0,0,8,75,42
Mayurbhanj,2020-02,4,4,1,3,1,0,0,0,2,30,20
Cuttack,2020-02,16,20,3,14,7,0,0,0,3,143,50
Kalahandi,2020-02,3,6,0,0,0,0,0,0,0,0,1
Bhubaneswar,2020-03,9,9,1,5,2,0,0,0,2,35,27
Ganjam,2020-03,6,6,0,1,0,0,0,0,2,18,3
Koraput,2020-03,6,6,0,0,0,0,0,0,2,10,1
Sambalpur,2020-03,11,12,1,2,1,0,0,0,3,30,15
Puri,2020-03,3,5,0,0,0,0,0,0,3,14,5
Balasore,2020-03,5,5,0,2,1,0,0,0,2,24,18
Rourkela,2020-03,11,13,2,7,3,0,0,0,0,69,26
Mayurbhanj,2020-03,6,6,0,1,0,0,0,0,2,15,7
Cuttack,2020-03,15,22,1,4,2,0,0,0,4,59,20
Kalahandi,2020-03,4,5,0,1,1,0,0,0,2,18,7
Bhubaneswar,2020-04,17,26,2,4,1,0,0,0,8,88,28
Ganjam,2020-04,11,11,2,5,2,0,0,0,5,63,30
Koraput,2020-04,6,8,0,1,0,0,0,0,3,23,4
Sambalpur,2020-04,9,9,0,1,1,0,0,0,2,18,5
Puri,2020-04,7,12,1,4,1,0,0,0,3,44,25
Balasore,2020-04,4,4,0,3,1,0,0,0,2,35,11
Rourkela,2020-04,9,9,1,2,1,0,0,0,4,48,14
Mayurbhanj,2020-04,7,8,1,3,0,0,0,0,3,38,17
Cuttack,2020-04,12,13,2,4,1,0,0,0,6,62,25
Kalahandi,2020-04,3,3,0,0,0,0,0,0,2,5,7
Bhubaneswar,2020-05,13,19,2,7,2,0,0,0,3,65,28
Ganjam,2020-05,11,15,1,3,2,0,0,0,2,35,9
Koraput,2020-05,4,4,0,2,1,0,0,0,4,47,13
Sambalpur,2020-05,8,8,0,2,0,0,0,0,3,26,12
Puri,2020-05,5,5,0,2,1,0,0,0,3,24,15
Balasore,2020-05,5,5,0,1,0,0,0,0,3,22,5
Rourkela,2020-05,15,20,1,6,3,0,0,0,3,78,33
Mayurbhanj,2020-05,3,3,0,1,0,0,0,0,2,13,7
Cuttack,2020-05,15,22,2,5,3,0,0,0,5,88,28
Kalahandi,2020-05,4,4,0,3,1,0,0,0,3,29,15
Bhubaneswar,2020-06,19,24,2,12,3,0,0,0,4,99,38
Ganjam,2020-06,10,15,2,8,2,0,0,0,3,69,31
Koraput,2020-06,2,2,0,1,0,0,0,0,2,18,7
Sambalpur,2020-06,1,1,0,0,0,0,0,0,0,2,4
Puri,2020-06,6,10,1,3,1,0,0,0,3,32,17
Balasore,2020-06,12,20,2,6,2,0,0,0,9,109,34
Rourkela,2020-06,11,19,1,4,2,0,0,0,2,43,12
Mayurbhanj,2020-06,3,4,0,1,1,0,0,0,2,13,7
Cuttack,2020-06,7,7,1,3,0,0,0,0,3,31,18
Kalahandi,2020-06,3,7,0,2,1,0,0,0,2,34,9
Bhubaneswar,2020-07,17,18,4,16,8,0,0,0,5,167,62
Ganjam,2020-07,10,10,1,8,3,0,0,0,2,74,31
Koraput,2020-07,3,6,0,3,2,0,0,0,3,38,23
Sambalpur,2020-07,11,11,1,3,1,0,0,0,4,50,15
Puri,2020-07,8,10,1,3,1,0,0,0,4,45,22
Balasore,2020-07,10,10,2,4,1,0,0,0,7,85,26
Rourkela,2020-07,9,13,0,2,0,0,0,0,3,35,8
Mayurbhanj,2020-07,5,6,0,2,0,0,0,0,2,16,3
Cuttack,2020-07,13,14,1,4,1,0,0,0,5,63,19
Kalahandi,2020-07,2,4,0,0,0,0,0,0,1,4,2
Bhubaneswar,2020-08,12,13,1,6,2,0,0,0,2,55,13
Ganjam,2020-08,6,10,1,4,2,0,0,0,1,36,15
Koraput,2020-08,1,1,0,0,0,0,0,0,0,1,0
Sambalpur,2020-08,12,12,1,3,1,0,0,0,5,69,23
Puri,2020-08,7,12,1,3,2,0,0,0,5,57,15
Balasore,2020-08,8,8,0,2,1,0,0,0,4,37,17
Rourkela,2020-08,8,8,1,4,2,0,0,0,1,46,12
Mayurbhanj,2020-08,4,8,0,1,0,0,0,0,2,18,8
Cuttack,2020-08,18,21,3,7,5,0,0,0,5,104,45
Kalahandi,2020-08,2,2,0,1,0,0,0,0,1,15,5
Bhubaneswar,2020-09,10,25,2,6,3,0,0,0,4,65,32
Ganjam,2020-09,5,6,1,2,1,0,0,0,5,42,21
Koraput,2020-09,4,8,0,1,0,0,0,0,3,21,9
Sambalpur,2020-09,6,6,1,5,1,0,0,0,5,61,23
Puri,2020-09,10,20,0,3,0,0,0,0,3,33,8
Balasore,2020-09,3,4,0,1,0,0,0,0,4,22,12
Rourkela,2020-09,10,14,2,9,3,0,0,0,3,84,27
Mayurbhanj,2020-09,6,6,1,5,1,0,0,0,2,42,19
Cuttack,2020-09,19,29,1,8,3,0,0,0,6,88,36
Kalahandi,2020-09,3,7,0,1,0,0,0,0,2,12,1
Bhubaneswar,2020-10,18,20,3,9,3,0,0,0,11,151,50
Ganjam,2020-10,11,18,1,6,2,0,0,0,3,62,30
Koraput,2020-10,4,4,0,2,1,0,0,0,1,22,8
Sambalpur,2020-10,8,8,1,4,1,0,0,0,3,43,18
Puri,2020-10,4,4,1,2,1,0,0,0,4,37,19
Balasore,2020-10,9,12,1,5,1,0,0,0,3,49,21
Rourkela,2020-10,10,10,1,4,2,0,0,0,4,58,21
Mayurbhanj,2020-10,7,7,0,2,0,0,0,0,3,27,8
Cuttack,2020-10,11,12,2,5,1,0,0,0,9,86,40
Kalahandi,2020-10,1,1,0,0,0,0,0,0,2,6,3
Bhubaneswar,2020-11,14,15,1,6,3,0,0,0,2,55,22
Ganjam,2020-11,4,4,0,1,1,0,0,0,2,17,10
Koraput,2020-11,4,4,0,1,0,0,0,0,2,12,6
Sambalpur,2020-11,12,12,2,7,2,0,0,0,4,83,38
Puri,2020-11,5,10,0,2,1,0,0,0,3,34,14
Balasore,2020-11,8,10,1,3,1,0,0,0,4,52,27
Rourkela,2020-11,13,17,2,7,3,0,0,0,6,108,36
Mayurbhanj,2020-11,2,3,0,0,0,0,0,0,2,7,10
Cuttack,2020-11,9,15,2,3,2,0,0,0,5,68,21
Kalahandi,2020-11,1,3,0,0,0,0,0,0,2,11,4
Bhubaneswar,2020-12,16,22,2,5,2,0,0,0,7,78,33
Ganjam,2020-12,11,21,1,7,2,0,0,0,5,80,29
Koraput,2020-12,6,8,1,2,1,0,0,0,4,33,8
Sambalpur,2020-12,9,9,1,5,1,0,0,0,4,58,15
Puri,2020-12,8,10,1,4,0,0,0,0,3,27,19
Balasore,2020-12,9,12,1,3,1,0,0,0,4,45,16
Rourkela,2020-12,9,16,1,3,1,0,0,0,2,31,8
Mayurbhanj,2020-12,6,6,0,2,0,0,0,0,4,29,7
Cuttack,2020-12,7,11,1,2,0,0,0,0,5,50,14
Kalahandi,2020-12,5,5,1,3,1,0,0,0,3,37,14
Bhubaneswar,2021-01,14,18,1,4,1,0,0,0,5,50,25
Ganjam,2021-01,14,14,2,7,3,0,0,0,5,79,30
Koraput,2021-01,2,3,0,2,0,0,0,0,2,27,3
Sambalpur,2021-01,3,6,0,2,0,0,0,0,2,20,6
Puri,2021-01,6,6,1,4,2,0,0,0,4,49,21
Balasore,2021-01,8,9,1,4,2,0,0,0,3,47,27
Rourkela,2021-01,11,18,0,4,1,0,0,0,3,38,17
Mayurbhanj,2021-01,1,1,0,0,0,0,0,0,0,2,3
Cuttack,2021-01,9,9,1,5,2,0,0,0,1,43,29
Kalahandi,2021-01,0,1,0,0,0,0,0,0,0,2,0
Bhubaneswar,2021-02,18,24,2,7,6,0,0,0,8,100,50
Ganjam,2021-02,12,21,1,7,2,0,0,0,6,83,33
Koraput,2021-02,4,4,0,1,0,0,0,0,2,13,4
Sambalpur,2021-02,7,9,0,3,0,0,0,0,4,36,12
Puri,2021-02,6,9,0,2,1,0,0,0,3,39,11
Balasore,2021-02,6,6,1,2,1,0,0,0,2,33,5
Rourkela,2021-02,11,18,3,8,2,0,0,0,3,65,34
Mayurbhanj,2021-02,1,1,0,0,0,0,0,0,2,7,4
Cuttack,2021-02,13,17,1,2,1,0,0,0,4,46,18
Kalahandi,2021-02,4,4,0,0,0,0,0,0,3,17,4
Bhubaneswar,2021-03,14,19,2,6,2,0,0,0,9,98,39
Ganjam,2021-03,10,10,0,3,0,0,0,0,3,27,13
Koraput,2021-03,3,3,0,2,1,0,0,0,1,29,3
Sambalpur,2021-03,11,11,1,4,1,0,0,0,5,66,21
Puri,2021-03,9,9,1,3,1,0,0,0,5,50,19
Balasore,2021-03,6,10,1,4,1,0,0,0,3,59,12
Rourkela,2021-03,12,15,1,4,1,0,0,0,4,49,21
Mayurbhanj,2021-03,3,4,0,0,0,0,0,0,0,4,3
Cuttack,2021-03,11,11,1,6,2,0,0,0,3,66,35
Kalahandi,2021-03,5,6,0,0,0,0,0,0,1,6,3
Bhubaneswar,2021-04,12,15,1,5,3,0,0,0,4,67,25
Ganjam,2021-04,15,17,0,3,1,0,0,0,5,45,18
Koraput,2021-04,5,8,0,1,0,0,0,0,3,19,8
Sambalpur,2021-04,9,9,0,1,0,0,0,0,2,16,6
Puri,2021-04,8,12,1,7,1,0,0,0,5,56,29
Balasore,2021-04,5,5,0,1,1,0,0,0,2,20,10
Rourkela,2021-04,9,10,1,6,3,0,0,0,2,63,18
Mayurbhanj,2021-04,2,4,0,0,0,0,0,0,3,14,10
Cuttack,2021-04,15,15,4,8,3,0,0,0,8,118,43
Kalahandi,2021-04,0,1,0,0,0,0,0,0,1,4,2
Bhubaneswar,2021-05,24,24,2,12,5,0,0,0,4,117,54
Ganjam,2021-05,7,7,0,4,0,0,0,0,5,50,18
Koraput,2021-05,3,3,0,1,0,0,0,0,2,13,3
Sambalpur,2021-05,8,8,0,4,1,0,0,0,2,35,19
Puri,2021-05,5,6,1,4,1,0,0,0,1,38,23
Balasore,2021-05,10,12,1,5,1,0,0,0,4,57,29
Rourkela,2021-05,10,14,0,1,0,0,0,0,3,21,8
Mayurbhanj,2021-05,9,17,1,5,2,0,0,0,2,54,29
Cuttack,2021-05,12,15,2,6,2,0,0,0,1,51,15
Kalahandi,2021-05,2,4,0,1,0,0,0,0,1,10,4
Bhubaneswar,2021-06,11,17,2,6,4,0,0,0,6,89,45
Ganjam,2021-06,15,17,2,6,3,0,0,0,0,46,24
Koraput,2021-06,1,2,0,0,0,0,0,0,2,8,4
Sambalpur,2021-06,7,8,1,6,2,0,0,0,3,49,27
Puri,2021-06,7,9,1,4,2,0,0,0,3,42,27
Balasore,2021-06,11,11,1,7,1,0,0,0,3,56,19
Rourkela,2021-06,7,12,0,1,0,0,0,0,3,22,7
Mayurbhanj,2021-06,3,3,0,1,0,0,0,0,2,15,7
Cuttack,2021-06,13,14,1,5,1,0,0,0,4,43,14
Kalahandi,2021-06,2,3,0,0,0,0,0,0,0,1,3
Bhubaneswar,2021-07,17,24,3,5,3,0,0,0,6,97,28
Ganjam,2021-07,6,6,1,4,0,0,0,0,4,40,17
Koraput,2021-07,5,7,0,1,0,0,0,0,3,26,16
Sambalpur,2021-07,6,10,0,1,0,0,0,0,3,20,8
Puri,2021-07,6,12,1,4,1,0,0,0,6,56,25
Balasore,2021-07,8,9,0,3,1,0,0,0,2,30,9
Rourkela,2021-07,6,12,1,3,2,0,0,0,4,34,20
Mayurbhanj,2021-07,5,5,0,1,0,0,0,0,2,7,3
Cuttack,2021-07,17,17,2,5,3,0,0,0,6,74,29
Kalahandi,2021-07,3,3,0,1,0,0,0,0,3,14,8
Bhubaneswar,2021-08,15,16,2,6,4,0,0,0,7,107,31
Ganjam,2021-08,9,9,1,6,2,0,0,0,2,64,18
Koraput,2021-08,6,6,1,3,0,0,0,0,4,45,9
Sambalpur,2021-08,7,7,1,2,1,0,0,0,4,43,16
Puri,2021-08,9,18,1,5,1,0,0,0,3,54,15
Balasore,2021-08,9,10,1,6,2,0,0,0,4,55,34
Rourkela,2021-08,11,14,1,4,1,0,0,0,3,37,14
Mayurbhanj,2021-08,2,2,0,1,0,0,0,0,2,16,7
Cuttack,2021-08,13,13,1,4,3,0,0,0,6,54,26
Kalahandi,2021-08,5,7,0,1,0,0,0,0,4,19,14
Bhubaneswar,2021-09,7,7,1,3,0,0,0,0,4,48,19
Ganjam,2021-09,7,12,1,3,2,0,0,0,3,51,28
Koraput,2021-09,9,10,1,4,2,0,0,0,3,56,27
Sambalpur,2021-09,9,12,1,3,1,0,0,0,2,31,12
Puri,2021-09,12,12,1,4,1,0,0,0,3,41,22
Balasore,2021-09,9,13,1,6,2,0,0,0,5,66,38
Rourkela,2021-09,11,13,1,4,0,0,0,0,2,32,18
Mayurbhanj,2021-09,2,3,0,0,0,0,0,0,1,4,3
Cuttack,2021-09,24,28,2,11,3,0,0,0,5,118,51
Kalahandi,2021-09,0,1,0,1,0,0,0,0,1,13,6
Bhubaneswar,2021-10,22,28,3,12,3,0,0,0,8,138,51
Ganjam,2021-10,10,11,0,1,1,0,0,0,3,27,9
Koraput,2021-10,4,4,0,0,0,0,0,0,1,6,3
Sambalpur,2021-10,9,9,1,3,1,0,0,0,2,32,9
Puri,2021-10,3,3,0,1,0,0,0,0,3,25,9
Balasore,2021-10,12,12,2,8,3,0,0,0,5,75,28
Rourkela,2021-10,12,15,1,5,2,0,0,0,6,71,35
Mayurbhanj,2021-10,3,3,0,1,0,0,0,0,4,24,14
Cuttack,2021-10,8,8,1,5,2,0,0,0,3,59,21
Kalahandi,2021-10,2,3,0,1,0,0,0,0,2,15,8
Bhubaneswar,2021-11,18,18,3,9,4,0,0,0,6,127,39
Ganjam,2021-11,6,7,0,2,0,0,0,0,4,30,14
Koraput,2021-11,4,4,0,1,0,0,0,0,3,25,4
Sambalpur,2021-11,5,5,0,2,1,0,0,0,2,32,13
Puri,2021-11,7,7,0,2,1,0,0,0,3,32,21
Balasore,2021-11,2,2,0,1,0,0,0,0,1,16,6
Rourkela,2021-11,11,12,1,5,2,0,0,0,2,52,16
Mayurbhanj,2021-11,6,6,0,2,1,0,0,0,3,27,12
Cuttack,2021-11,17,19,2,8,4,0,0,0,7,102,38
Kalahandi,2021-11,8,11,0,2,1,0,0,0,2,27,16
Bhubaneswar,2021-12,12,16,0,1,1,0,0,0,4,32,11
Ganjam,2021-12,10,14,1,4,1,0,0,0,7,68,26
Koraput,2021-12,1,1,0,0,0,0,0,0,0,1,1
Sambalpur,2021-12,6,8,1,4,2,0,0,0,2,44,22
Puri,2021-12,5,5,0,2,0,0,0,0,3,24,6
Balasore,2021-12,9,9,1,2,1,0,0,0,4,47,17
Rourkela,2021-12,14,14,2,5,2,0,0,0,2,55,21
Mayurbhanj,2021-12,2,4,0,1,0,0,0,0,2,16,7
Cuttack,2021-12,13,16,1,7,2,0,0,0,7,74,28
Kalahandi,2021-12,4,5,0,2,0,0,0,0,3,30,9
Bhubaneswar,2022-01,17,17,3,10,6,0,0,0,3,112,48
Ganjam,2022-01,13,16,2,8,4,0,0,0,5,78,42
Koraput,2022-01,9,11,1,3,2,0,0,0,3,43,25
Sambalpur,2022-01,7,7,0,2,0,0,0,0,2,28,5
Puri,2022-01,11,11,0,2,1,0,0,0,1,23,6
Balasore,2022-01,6,10,0,2,0,0,0,0,3,35,11
Rourkela,2022-01,7,9,1,3,2,0,0,0,2,46,18
Mayurbhanj,2022-01,1,2,0,0,0,0,0,0,0,0,0
Cuttack,2022-01,10,17,1,5,1,0,0,0,2,43,18
Kalahandi,2022-01,3,4,0,2,1,0,0,0,1,17,11
Bhubaneswar,2022-02,21,22,6,15,7,0,0,0,8,176,79
Ganjam,2022-02,5,11,1,2,1,0,0,0,3,38,14
Koraput,2022-02,3,6,0,1,0,0,0,0,3,26,7
Sambalpur,2022-02,6,10,0,3,1,0,0,0,3,37,14
Puri,2022-02,3,4,0,1,0,0,0,0,3,25,11
Balasore,2022-02,7,7,0,4,1,0,0,0,3,53,17
Rourkela,2022-02,8,10,2,4,2,0,0,0,3,50,18
Mayurbhanj,2022-02,4,5,0,1,0,0,0,0,3,24,12
Cuttack,2022-02,14,18,2,6,3,0,0,0,5,90,26
Kalahandi,2022-02,3,3,1,3,1,0,0,0,2,45,9
Bhubaneswar,2022-03,17,22,2,8,5,0,0,0,4,79,38
Ganjam,2022-03,5,7,0,2,0,0,0,0,3,36,6
Koraput,2022-03,4,4,0,1,0,0,0,0,2,14,6
Sambalpur,2022-03,8,12,3,8,3,0,0,0,4,109,34
Puri,2022-03,7,7,0,1,0,0,0,0,4,29,8
Balasore,2022-03,9,17,1,4,2,0,0,0,2,34,17
Rourkela,2022-03,10,11,1,2,0,0,0,0,5,45,18
Mayurbhanj,2022-03,3,3,0,0,0,0,0,0,0,1,2
Cuttack,2022-03,11,12,1,7,1,0,0,0,4,73,42
Kalahandi,2022-03,4,4,0,2,2,0,0,0,3,34,10
Bhubaneswar,2022-04,16,16,2,10,4,0,0,0,5,114,40
Ganjam,2022-04,7,11,1,3,2,0,0,0,3,34,26
Koraput,2022-04,3,4,0,2,1,0,0,0,2,31,7
Sambalpur,2022-04,12,12,1,6,2,0,0,0,3,65,28
Puri,2022-04,8,13,1,5,1,0,0,0,3,48,24
Balasore,2022-04,9,9,2,6,3,0,0,0,5,76,24
Rourkela,2022-04,9,9,1,5,1,0,0,0,4,56,23
Mayurbhanj,2022-04,3,3,0,1,1,0,0,0,2,17,5
Cuttack,2022-04,11,15,1,4,1,0,0,0,3,51,17
Kalahandi,2022-04,2,2,0,0,0,0,0,0,2,9,6
Bhubaneswar,2022-05,13,20,1,4,2,0,0,0,2,51,15
Ganjam,2022-05,11,12,1,4,1,0,0,0,7,57,25
Koraput,2022-05,2,3,0,0,0,0,0,0,2,15,5
Sambalpur,2022-05,5,6,0,2,0,0,0,0,2,20,8
Puri,2022-05,8,12,1,3,0,0,0,0,2,37,17
Balasore,2022-05,8,12,0,3,0,0,0,0,3,25,14
Rourkela,2022-05,11,11,1,3,2,0,0,0,4,63,21
Mayurbhanj,2022-05,5,5,0,3,1,0,0,0,5,50,19
Cuttack,2022-05,11,11,2,4,1,0,0,0,5,64,18
Kalahandi,2022-05,4,7,0,2,0,0,0,0,4,28,15
Bhubaneswar,2022-06,15,15,2,9,4,0,0,0,3,75,39
Ganjam,2022-06,11,11,2,4,3,0,0,0,7,98,23
Koraput,2022-06,6,6,0,2,0,0,0,0,5,29,14
Sambalpur,2022-06,10,12,2,5,1,0,0,0,3,48,27
Puri,2022-06,8,15,1,4,0,0,0,0,3,47,12
Balasore,2022-06,7,11,1,2,1,0,0,0,5,45,27
Rourkela,2022-06,13,15,1,4,1,0,0,0,3,40,22
Mayurbhanj,2022-06,0,4,0,0,0,0,0,0,0,1,0
Cuttack,2022-06,7,7,0,1,1,0,0,0,3,26,10
Kalahandi,2022-06,2,3,0,1,0,0,0,0,2,21,6
Bhubaneswar,2022-07,18,38,2,8,4,0,0,0,4,89,43
Ganjam,2022-07,10,10,1,5,2,0,0,0,2,44,26
Koraput,2022-07,3,6,0,1,0,0,0,0,3,21,8
Sambalpur,2022-07,8,14,2,6,2,0,0,0,4,70,36
Puri,2022-07,3,4,0,1,0,0,0,0,2,19,4
Balasore,2022-07,13,16,3,7,3,0,0,0,9,112,42
Rourkela,2022-07,10,11,2,4,2,0,0,0,6,77,28
Mayurbhanj,2022-07,5,5,0,2,1,0,0,0,2,25,6
Cuttack,2022-07,9,13,1,5,2,0,0,0,3,53,21
Kalahandi,2022-07,4,4,0,2,1,0,0,0,2,32,14
Bhubaneswar,2022-08,14,14,2,10,6,0,0,0,3,110,44
Ganjam,2022-08,8,11,0,1,1,0,0,0,2,16,6
Koraput,2022-08,3,3,0,1,0,0,0,0,2,19,5
Sambalpur,2022-08,8,12,0,1,1,0,0,0,3,24,7
Puri,2022-08,3,4,1,4,1,0,0,0,3,47,13
Balasore,2022-08,5,6,0,3,1,0,0,0,3,45,12
Rourkela,2022-08,12,19,1,3,2,0,0,0,4,53,19
Mayurbhanj,2022-08,4,6,0,1,0,0,0,0,5,39,12
Cuttack,2022-08,11,13,0,4,2,0,0,0,3,46,17
Kalahandi,2022-08,1,1,0,1,0,0,0,0,1,8,3
Bhubaneswar,2022-09,15,20,2,5,1,0,0,0,5,57,34
Ganjam,2022-09,9,12,1,4,1,0,0,0,4,55,18
Koraput,2022-09,2,2,0,2,1,0,0,0,1,19,9
Sambalpur,2022-09,7,7,1,2,1,0,0,0,5,49,19
Puri,2022-09,9,14,1,4,2,0,0,0,3,57,19
Balasore,2022-09,8,8,0,4,1,0,0,0,3,44,8
Rourkela,2022-09,8,11,0,2,0,0,0,0,4,19,10
Mayurbhanj,2022-09,6,9,1,3,1,0,0,0,4,46,15
Cuttack,2022-09,12,15,2,9,1,0,0,0,6,87,42
Kalahandi,2022-09,2,3,0,1,0,0,0,0,1,11,4
Bhubaneswar,2022-10,17,33,2,6,1,0,0,0,6,73,35
Ganjam,2022-10,4,6,0,1,0,0,0,0,1,11,5
Koraput,2022-10,2,2,0,0,0,0,0,0,1,5,3
Sambalpur,2022-10,7,8,0,3,0,0,0,0,3,27,17
Puri,2022-10,8,12,0,4,2,0,0,0,2,50,18
Balasore,2022-10,7,11,0,1,0,0,0,0,4,29,14
Rourkela,2022-10,10,10,2,7,4,0,0,0,4,81,27
Mayurbhanj,2022-10,5,6,1,4,1,0,0,0,2,43,21
Cuttack,2022-10,19,38,3,8,2,0,0,0,4,72,25
Kalahandi,2022-10,1,1,0,0,0,0,0,0,1,3,1
Bhubaneswar,2022-11,11,11,1,5,2,0,0,0,1,46,16
Ganjam,2022-11,12,12,1,7,1,0,0,0,5,74,35
Koraput,2022-11,3,3,0,1,0,0,0,0,2,15,8
Sambalpur,2022-11,10,14,0,2,1,0,0,0,2,24,10
Puri,2022-11,5,6,0,1,0,0,0,0,3,13,7
Balasore,2022-11,7,7,0,1,0,0,0,0,3,16,11
Rourkela,2022-11,16,27,2,8,4,0,0,0,3,91,26
Mayurbhanj,2022-11,2,4,0,2,0,0,0,0,3,28,6
Cuttack,2022-11,20,20,4,8,5,0,0,0,8,113,68
Kalahandi,2022-11,5,6,0,4,0,0,0,0,3,38,10
Bhubaneswar,2022-12,15,22,3,6,3,0,0,0,5,91,27
Ganjam,2022-12,12,13,1,4,1,0,0,0,3,44,17
Koraput,2022-12,4,4,0,0,0,0,0,0,1,4,2
Sambalpur,2022-12,3,5,0,0,0,0,0,0,3,15,4
Puri,2022-12,8,8,2,4,1,0,0,0,7,66,29
Balasore,2022-12,7,13,1,5,1,0,0,0,5,70,29
Rourkela,2022-12,12,17,1,3,1,0,0,0,6,60,18
Mayurbhanj,2022-12,1,1,0,1,0,0,0,0,2,11,6
Cuttack,2022-12,16,20,3,8,3,0,0,0,5,92,45
Kalahandi,2022-12,4,4,1,4,1,0,0,0,1,35,18
Bhubaneswar,2023-01,14,21,2,5,2,0,0,0,7,82,27
Ganjam,2023-01,5,6,1,4,1,0,0,0,4,51,31
Koraput,2023-01,5,8,1,2,1,0,0,0,3,35,15
Sambalpur,2023-01,7,9,0,2,1,0,0,0,4,43,19
Puri,2023-01,6,10,1,4,1,0,0,0,4,40,13
Balasore,2023-01,7,13,0,1,0,0,0,0,2,12,8
Rourkela,2023-01,12,12,1,2,1,0,0,0,3,32,14
Mayurbhanj,2023-01,3,7,0,1,0,0,0,0,1,4,5
Cuttack,2023-01,16,19,2,8,3,0,0,0,3,79,21
Kalahandi,2023-01,3,4,0,0,0,0,0,0,1,5,0
Bhubaneswar,2023-02,14,14,3,10,4,0,0,0,3,113,35
Ganjam,2023-02,8,8,1,5,2,0,0,0,2,60,19
Koraput,2023-02,3,3,0,0,0,0,0,0,2,12,8
Sambalpur,2023-02,7,8,1,3,1,0,0,0,7,65,24
Puri,2023-02,4,5,0,1,0,0,0,0,3,21,2
Balasore,2023-02,8,8,0,2,1,0,0,0,5,45,21
Rourkela,2023-02,13,15,1,3,1,0,0,0,5,44,14
Mayurbhanj,2023-02,3,3,0,1,0,0,0,0,5,20,6
Cuttack,2023-02,21,27,4,10,4,0,0,0,7,128,50
Kalahandi,2023-02,3,5,0,1,0,0,0,0,1,7,11
Bhubaneswar,2023-03,16,20,2,12,5,0,0,0,2,102,44
Ganjam,2023-03,8,11,1,3,1,0,0,0,5,52,20
Koraput,2023-03,1,1,0,0,0,0,0,0,1,2,4
Sambalpur,2023-03,9,13,1,5,2,0,0,0,6,65,28
Puri,2023-03,5,5,0,1,1,0,0,0,4,29,13
Balasore,2023-03,6,11,1,2,1,0,0,0,4,37,14
Rourkela,2023-03,15,15,2,9,3,0,0,0,2,75,30
Mayurbhanj,2023-03,3,3,0,1,1,0,0,0,2,18,6
Cuttack,2023-03,16,17,3,13,7,0,0,0,3,115,32
Kalahandi,2023-03,2,2,0,1,0,0,0,0,1,9,7
Bhubaneswar,2023-04,20,28,2,7,3,0,0,0,7,109,35
Ganjam,2023-04,9,9,2,5,2,0,0,0,2,59,28
Koraput,2023-04,5,5,1,2,1,0,0,0,4,40,23
Sambalpur,2023-04,6,6,0,1,0,0,0,0,2,12,7
Puri,2023-04,4,7,0,1,0,0,0,0,2,11,4
Balasore,2023-04,6,12,0,2,0,0,0,0,2,28,9
Rourkela,2023-04,2,3,0,1,0,0,0,0,2,18,4
Mayurbhanj,2023-04,4,4,0,0,0,0,0,0,1,8,1
Cuttack,2023-04,15,15,3,7,3,0,0,0,6,94,45
Kalahandi,2023-04,5,5,0,1,0,0,0,0,1,12,6
Bhubaneswar,2023-05,14,14,3,15,5,0,0,0,4,130,56
Ganjam,2023-05,6,9,0,1,0,0,0,0,3,25,9
Koraput,2023-05,2,2,0,2,1,0,0,0,2,25,10
Sambalpur,2023-05,5,5,0,1,1,0,0,0,2,22,7
Puri,2023-05,8,8,1,6,2,0,0,0,6,77,41
Balasore,2023-05,5,5,0,3,1,0,0,0,2,37,16
Rourkela,2023-05,9,11,0,2,1,0,0,0,3,32,18
Mayurbhanj,2023-05,0,2,0,0,0,0,0,0,2,13,3
Cuttack,2023-05,16,23,2,5,1,0,0,0,6,68,28
Kalahandi,2023-05,3,5,0,1,0,0,0,0,2,12,8
Bhubaneswar,2023-06,14,22,2,6,4,0,0,0,7,82,35
Ganjam,2023-06,8,8,1,5,4,0,0,0,6,76,19
Koraput,2023-06,4,6,0,2,1,0,0,0,2,22,9
Sambalpur,2023-06,8,12,0,1,0,0,0,0,3,31,10
Puri,2023-06,11,12,0,3,1,0,0,0,3,32,16
Balasore,2023-06,7,11,1,3,0,0,0,0,3,26,10
Rourkela,2023-06,10,16,1,3,1,0,0,0,5,50,24
Mayurbhanj,2023-06,4,5,1,2,0,0,0,0,4,32,22
Cuttack,2023-06,11,11,1,4,2,0,0,0,5,60,27
Kalahandi,2023-06,2,4,0,1,0,0,0,0,1,14,8
Bhubaneswar,2023-07,12,23,2,5,3,0,0,0,4,57,25
Ganjam,2023-07,6,6,1,6,1,0,0,0,4,64,18
Koraput,2023-07,5,9,0,3,1,0,0,0,2,33,10
Sambalpur,2023-07,3,3,0,2,0,0,0,0,2,18,5
Puri,2023-07,6,9,0,3,1,0,0,0,3,23,15
Balasore,2023-07,6,6,0,2,2,0,0,0,4,42,6
Rourkela,2023-07,6,6,1,7,3,0,0,0,2,54,27
Mayurbhanj,2023-07,4,4,0,2,1,0,0,0,1,21,4
Cuttack,2023-07,14,23,2,6,2,0,0,0,5,71,38
Kalahandi,2023-07,3,5,0,3,1,0,0,0,2,25,14
Bhubaneswar,2023-08,19,19,2,10,4,0,0,0,5,109,47
Ganjam,2023-08,7,12,1,5,2,0,0,0,3,63,26
Koraput,2023-08,4,5,0,1,1,0,0,0,2,26,7
Sambalpur,2023-08,3,4,0,0,0,0,0,0,2,5,5
Puri,2023-08,6,11,0,2,1,0,0,0,2,20,9
Balasore,2023-08,7,7,2,5,3,0,0,0,1,46,20
Rourkela,2023-08,5,7,0,1,1,0,0,0,2,22,11
Mayurbhanj,2023-08,2,2,0,0,0,0,0,0,1,7,1
Cuttack,2023-08,18,18,2,6,3,0,0,0,5,77,31
Kalahandi,2023-08,4,5,0,1,0,0,0,0,3,16,12
Bhubaneswar,2023-09,11,11,1,4,2,0,0,0,2,43,25
Ganjam,2023-09,11,11,1,3,1,0,0,0,4,43,16
Koraput,2023-09,4,4,1,3,0,0,0,0,4,40,18
Sambalpur,2023-09,5,7,1,2,0,0,0,0,4,31,14
Puri,2023-09,5,12,0,2,1,0,0,0,2,28,11
Balasore,2023-09,14,16,2,8,4,0,0,0,2,88,40
Rourkela,2023-09,18,18,2,5,3,0,0,0,4,56,31
Mayurbhanj,2023-09,3,4,0,0,0,0,0,0,3,16,3
Cuttack,2023-09,16,16,1,10,4,0,0,0,3,89,33
Kalahandi,2023-09,2,2,0,0,0,0,0,0,3,10,11
Bhubaneswar,2023-10,11,19,1,2,1,0,0,0,4,42,14
Ganjam,2023-10,7,7,0,2,0,0,0,0,4,32,17
Koraput,2023-10,6,6,1,4,3,0,0,0,5,62,29
Sambalpur,2023-10,5,5,0,2,0,0,0,0,2,28,6
Puri,2023-10,4,4,0,2,0,0,0,0,4,30,5
Balasore,2023-10,5,9,1,3,1,0,0,0,3,44,19
Rourkela,2023-10,5,5,0,1,1,0,0,0,4,35,9
Mayurbhanj,2023-10,5,12,0,2,0,0,0,0,3,28,7
Cuttack,2023-10,14,17,1,3,2,0,0,0,5,56,26
Kalahandi,2023-10,3,5,0,1,1,0,0,0,3,36,12
Bhubaneswar,2023-11,20,20,2,12,3,0,0,0,7,115,49
Ganjam,2023-11,11,16,3,9,5,0,0,0,1,99,40
Koraput,2023-11,7,7,1,3,1,0,0,0,3,38,28
Sambalpur,2023-11,12,12,1,7,2,0,0,0,4,80,30
Puri,2023-11,5,5,0,2,0,0,0,0,3,17,8
Balasore,2023-11,2,2,0,1,0,0,0,0,2,17,6
Rourkela,2023-11,10,10,1,4,1,0,0,0,4,37,14
Mayurbhanj,2023-11,1,1,0,0,0,0,0,0,0,0,1
Cuttack,2023-11,7,7,1,3,0,0,0,0,2,33,15
Kalahandi,2023-11,3,3,1,2,1,0,0,0,2,31,5
Bhubaneswar,2023-12,14,17,2,3,1,0,0,0,5,43,24
Ganjam,2023-12,7,7,1,3,2,0,0,0,2,42,7
Koraput,2023-12,6,12,0,2,0,0,0,0,3,30,5
Sambalpur,2023-12,6,10,0,1,0,0,0,0,4,33,12
Puri,2023-12,5,7,0,1,0,0,0,0,2,13,9
Balasore,2023-12,5,7,1,2,1,0,0,0,3,38,12
Rourkela,2023-12,18,29,2,10,4,0,0,0,2,88,33
Mayurbhanj,2023-12,4,5,0,1,0,0,0,0,2,11,4
Cuttack,2023-12,16,23,3,10,4,0,0,0,6,141,31
Kalahandi,2023-12,3,3,0,1,0,0,0,0,3,15,7
Bhubaneswar,2024-01,13,17,0,2,1,0,0,0,4,31,14
Ganjam,2024-01,6,7,1,5,2,0,0,0,1,40,16
Koraput,2024-01,4,4,0,2,1,0,0,0,2,24,8
Sambalpur,2024-01,5,5,0,1,0,0,0,0,4,26,11
Puri,2024-01,12,15,1,3,2,0,0,0,5,46,18
Balasore,2024-01,6,10,1,4,2,0,0,0,2,45,21
Rourkela,2024-01,11,16,1,5,1,0,0,0,7,73,35
Mayurbhanj,2024-01,4,4,0,2,1,0,0,0,1,19,11
Cuttack,2024-01,13,13,1,4,2,0,0,0,7,64,31
Kalahandi,2024-01,3,3,0,0,0,0,0,0,2,13,4
Bhubaneswar,2024-02,9,9,0,3,1,0,0,0,3,46,13
Ganjam,2024-02,15,22,1,4,2,0,0,0,2,48,21
Koraput,2024-02,5,6,0,1,0,0,0,0,2,9,8
Sambalpur,2024-02,8,8,1,4,2,0,0,0,5,52,18
Puri,2024-02,6,7,0,2,1,0,0,0,3,30,15
Balasore,2024-02,5,5,0,2,1,0,0,0,2,19,11
Rourkela,2024-02,9,19,1,2,1,0,0,0,4,32,18
Mayurbhanj,2024-02,2,2,0,0,0,0,0,0,1,4,2
Cuttack,2024-02,14,21,2,6,3,0,0,0,6,82,32
Kalahandi,2024-02,1,1,0,0,0,0,0,0,1,5,2
Bhubaneswar,2024-03,15,15,2,5,2,0,0,0,9,82,38
Ganjam,2024-03,10,13,1,4,3,0,0,0,3,53,17
Koraput,2024-03,1,1,0,0,0,0,0,0,1,8,3
Sambalpur,2024-03,7,10,0,1,0,0,0,0,3,27,7
Puri,2024-03,2,5,0,2,0,0,0,0,2,20,16
Balasore,2024-03,6,6,0,0,0,0,0,0,0,2,0
Rourkela,2024-03,11,11,1,8,3,0,0,0,3,79,38
Mayurbhanj,2024-03,2,2,0,1,0,0,0,0,2,13,10
Cuttack,2024-03,15,15,1,6,2,0,0,0,5,74,34
Kalahandi,2024-03,4,7,0,2,0,0,0,0,3,25,8
Bhubaneswar,2024-04,14,14,2,4,1,0,0,0,6,62,25
Ganjam,2024-04,11,14,2,4,1,0,0,0,5,55,30
Koraput,2024-04,3,3,0,1,0,0,0,0,2,17,9
Sambalpur,2024-04,5,9,0,1,0,0,0,0,2,15,5
Puri,2024-04,13,18,3,9,4,0,0,0,2,76,33
Balasore,2024-04,1,1,0,0,0,0,0,0,0,0,3
Rourkela,2024-04,11,18,3,8,4,0,0,0,2,80,34
Mayurbhanj,2024-04,5,6,0,0,0,0,0,0,1,5,4
Cuttack,2024-04,14,21,2,8,2,0,0,0,6,86,42
Kalahandi,2024-04,4,4,0,2,1,0,0,0,2,21,5
Bhubaneswar,2024-05,17,17,2,8,2,0,0,0,3,64,37
Ganjam,2024-05,7,7,0,3,1,0,0,0,3,35,12
Koraput,2024-05,2,3,0,1,0,0,0,0,1,6,2
Sambalpur,2024-05,10,11,1,4,1,0,0,0,4,46,19
Puri,2024-05,2,3,0,2,0,0,0,0,2,31,9
Balasore,2024-05,6,10,1,3,1,0,0,0,2,34,10
Rourkela,2024-05,14,18,3,8,5,0,0,0,8,119,46
Mayurbhanj,2024-05,5,5,0,2,0,0,0,0,3,26,9
Cuttack,2024-05,19,19,2,8,4,0,0,0,10,115,49
Kalahandi,2024-05,2,4,0,1,0,0,0,0,2,11,3
Bhubaneswar,2024-06,17,17,2,6,4,0,0,0,4,84,34
Ganjam,2024-06,7,9,0,1,0,0,0,0,3,26,9
Koraput,2024-06,10,10,1,6,2,0,0,0,3,62,27
Sambalpur,2024-06,9,10,1,7,2,0,0,0,5,75,33
Puri,2024-06,3,3,0,1,1,0,0,0,2,10,7
Balasore,2024-06,3,5,0,0,0,0,0,0,1,4,1
Rourkela,2024-06,13,24,1,5,2,0,0,0,4,51,20
Mayurbhanj,2024-06,2,2,0,1,0,0,0,0,2,18,3
Cuttack,2024-06,15,18,3,10,5,0,0,0,8,118,67
Kalahandi,2024-06,6,7,0,4,1,0,0,0,2,29,8
Bhubaneswar,2024-07,14,18,1,6,2,0,0,0,6,82,35
Ganjam,2024-07,4,4,0,1,1,0,0,0,3,24,12
Koraput,2024-07,3,3,0,0,0,0,0,0,2,10,4
Sambalpur,2024-07,6,10,1,3,2,0,0,0,2,37,10
Puri,2024-07,5,5,0,2,1,0,0,0,2,25,9
Balasore,2024-07,3,5,1,2,0,0,0,0,4,34,11
Rourkela,2024-07,5,12,0,2,1,0,0,0,3,25,12
Mayurbhanj,2024-07,6,8,0,1,0,0,0,0,2,17,6
Cuttack,2024-07,11,17,1,2,1,0,0,0,3,29,12
Kalahandi,2024-07,7,9,1,3,3,0,0,0,4,52,25
Bhubaneswar,2024-08,19,19,2,6,4,0,0,0,7,90,40
Ganjam,2024-08,13,17,2,7,1,0,0,0,3,69,23
Koraput,2024-08,8,8,1,4,2,0,0,0,4,55,28
Sambalpur,2024-08,5,5,0,0,0,0,0,0,2,10,1
Puri,2024-08,2,2,0,0,0,0,0,0,0,0,1
Balasore,2024-08,6,11,1,4,2,0,0,0,2,41,16
Rourkela,2024-08,11,15,1,5,1,0,0,0,2,46,17
Mayurbhanj,2024-08,4,5,0,1,0,0,0,0,2,16,3
Cuttack,2024-08,9,12,1,3,2,0,0,0,4,65,26
Kalahandi,2024-08,2,2,0,0,0,0,0,0,2,11,4
Bhubaneswar,2024-09,21,28,4,14,2,0,0,0,4,117,49
Ganjam,2024-09,7,10,0,3,1,0,0,0,3,26,13
Koraput,2024-09,3,3,0,1,0,0,0,0,2,19,6
Sambalpur,2024-09,9,16,3,9,5,0,0,0,1,88,34
Puri,2024-09,9,9,1,5,2,0,0,0,4,69,24
Balasore,2024-09,5,5,0,1,0,0,0,0,2,8,5
Rourkela,2024-09,10,10,1,2,1,0,0,0,2,39,13
Mayurbhanj,2024-09,4,8,0,1,0,0,0,0,2,9,6
Cuttack,2024-09,11,11,1,2,1,0,0,0,3,36,8
Kalahandi,2024-09,6,6,0,1,0,0,0,0,2,21,7
Bhubaneswar,2024-10,19,27,3,7,3,0,0,0,7,109,36
Ganjam,2024-10,10,10,1,4,1,0,0,0,6,56,20
Koraput,2024-10,2,3,0,0,0,0,0,0,0,3,0
Sambalpur,2024-10,7,7,0,2,1,0,0,0,2,28,8
Puri,2024-10,7,7,0,4,0,0,0,0,3,38,4
Balasore,2024-10,8,8,1,8,2,0,0,0,4,72,31
Rourkela,2024-10,7,13,2,4,1,0,0,0,4,49,13
Mayurbhanj,2024-10,7,11,1,3,2,0,0,0,2,42,15
Cuttack,2024-10,16,16,2,9,4,0,0,0,2,90,24
Kalahandi,2024-10,4,5,0,1,1,0,0,0,2,18,7
Bhubaneswar,2024-11,13,17,1,5,2,0,0,0,5,62,25
Ganjam,2024-11,6,6,1,2,1,0,0,0,5,57,18
Koraput,2024-11,2,2,0,0,0,0,0,0,3,14,6
Sambalpur,2024-11,12,12,1,3,2,0,0,0,3,40,15
Puri,2024-11,7,8,0,2,1,0,0,0,2,36,10
Balasore,2024-11,4,8,0,2,0,0,0,0,2,20,5
Rourkela,2024-11,17,23,4,14,7,0,0,0,0,123,57
Mayurbhanj,2024-11,0,2,0,0,0,0,0,0,1,4,2
Cuttack,2024-11,13,23,1,8,4,0,0,0,4,77,33
Kalahandi,2024-11,3,5,0,1,0,0,0,0,3,21,8
Bhubaneswar,2024-12,15,16,2,10,4,0,0,0,4,104,44
Ganjam,2024-12,6,8,0,2,1,0,0,0,2,29,11
Koraput,2024-12,4,4,0,1,0,0,0,0,3,10,10
Sambalpur,2024-12,6,6,0,2,1,0,0,0,2,27,10
Puri,2024-12,6,12,0,2,1,0,0,0,2,27,11
Balasore,2024-12,10,10,3,12,2,0,0,0,5,111,45
Rourkela,2024-12,23,27,3,15,5,0,0,0,10,158,66
Mayurbhanj,2024-12,5,9,1,2,1,0,0,0,4,38,18
Cuttack,2024-12,14,15,1,5,1,0,0,0,6,90,26
Kalahandi,2024-12,1,2,0,0,0,0,0,0,0,1,0
Bhubaneswar,2025-01,12,12,0,3,0,0,0,0,4,34,15
Ganjam,2025-01,8,8,1,3,0,0,0,0,3,36,12
Koraput,2025-01,5,5,0,1,0,0,0,0,2,12,5
Sambalpur,2025-01,5,9,1,3,1,0,0,0,4,40,23
Puri,2025-01,4,13,0,0,0,0,0,0,3,15,5
Balasore,2025-01,12,19,3,9,3,0,0,0,3,73,30
Rourkela,2025-01,9,17,1,5,2,0,0,0,6,63,28
Mayurbhanj,2025-01,2,2,0,1,0,0,0,0,1,10,2
Cuttack,2025-01,23,31,2,10,2,0,0,0,7,103,38
Kalahandi,2025-01,5,9,0,2,1,0,0,0,2,27,1
Bhubaneswar,2025-02,13,20,2,3,1,0,0,0,5,59,33
Ganjam,2025-02,19,32,2,4,4,0,0,0,5,87,31
Koraput,2025-02,6,11,0,3,1,0,0,0,3,38,11
Sambalpur,2025-02,9,14,2,4,2,0,0,0,5,46,24
Puri,2025-02,8,8,0,1,0,0,0,0,4,25,13
Balasore,2025-02,7,10,0,1,0,0,0,0,3,22,8
Rourkela,2025-02,10,11,3,6,4,0,0,0,3,91,22
Mayurbhanj,2025-02,3,4,0,1,0,0,0,0,4,26,12
Cuttack,2025-02,10,10,2,10,2,0,0,0,4,92,28
Kalahandi,2025-02,2,2,0,0,0,0,0,0,0,0,1
Bhubaneswar,2025-03,21,22,3,13,4,0,0,0,6,145,57
Ganjam,2025-03,16,20,3,6,4,0,0,0,7,120,37
Koraput,2025-03,2,2,0,0,0,0,0,0,1,3,3
Sambalpur,2025-03,9,13,1,4,1,0,0,0,4,60,14
Puri,2025-03,6,6,0,0,0,0,0,0,2,12,2
Balasore,2025-03,9,11,0,1,1,0,0,0,3,17,11
Rourkela,2025-03,10,13,1,4,1,0,0,0,4,58,23
Mayurbhanj,2025-03,1,1,0,0,0,0,0,0,2,11,6
Cuttack,2025-03,12,16,1,4,1,0,0,0,5,55,22
Kalahandi,2025-03,5,10,2,6,2,0,0,0,3,76,22
Bhubaneswar,2025-04,17,17,1,6,3,0,0,0,2,58,19
Ganjam,2025-04,8,8,1,5,1,0,0,0,3,48,18
Koraput,2025-04,3,3,0,1,0,0,0,0,3,22,10
Sambalpur,2025-04,5,7,0,1,0,0,0,0,2,18,3
Puri,2025-04,6,9,0,1,1,0,0,0,3,30,11
Balasore,2025-04,5,5,1,3,0,0,0,0,3,32,13
Rourkela,2025-04,17,25,4,15,3,0,0,0,5,126,48
Mayurbhanj,2025-04,2,3,0,1,0,0,0,0,2,11,11
Cuttack,2025-04,14,16,4,9,3,0,0,0,8,115,50
Kalahandi,2025-04,5,6,0,1,0,0,0,0,2,13,6
Bhubaneswar,2025-05,14,18,1,4,1,0,0,0,1,34,12
Ganjam,2025-05,10,10,1,6,1,0,0,0,3,53,25
Koraput,2025-05,6,11,1,3,2,0,0,0,4,48,25
Sambalpur,2025-05,8,8,1,3,1,0,0,0,2,29,10
Puri,2025-05,4,11,0,1,0,0,0,0,2,12,3
Balasore,2025-05,7,10,1,3,2,0,0,0,4,45,20
Rourkela,2025-05,15,19,4,11,7,0,0,0,6,145,53
Mayurbhanj,2025-05,2,4,0,1,0,0,0,0,2,16,8
Cuttack,2025-05,18,21,3,9,3,0,0,0,6,109,41
Kalahandi,2025-05,2,4,0,1,0,0,0,0,2,14,1
Bhubaneswar,2025-06,20,30,4,8,6,0,0,0,6,119,51
Ganjam,2025-06,7,7,2,5,2,0,0,0,3,64,25
Koraput,2025-06,4,8,0,2,0,0,0,0,3,24,12
Sambalpur,2025-06,10,10,2,5,2,0,0,0,9,74,31
Puri,2025-06,5,11,0,1,1,0,0,0,3,26,10
Balasore,2025-06,10,19,3,8,3,0,0,0,8,85,43
Rourkela,2025-06,8,13,1,4,1,0,0,0,4,47,19
Mayurbhanj,2025-06,5,5,0,0,0,0,0,0,3,14,7
Cuttack,2025-06,13,13,2,10,3,0,0,0,5,108,41
Kalahandi,2025-06,6,6,1,5,1,0,0,0,3,57,21
Bhubaneswar,2025-07,12,12,1,4,2,0,0,0,1,39,15
Ganjam,2025-07,3,5,0,0,0,0,0,0,2,12,5
Koraput,2025-07,4,4,0,0,0,0,0,0,1,1,2
Sambalpur,2025-07,9,9,1,4,1,0,0,0,3,41,12
Puri,2025-07,5,7,0,2,0,0,0,0,3,25,9
Balasore,2025-07,5,5,0,2,1,0,0,0,4,26,14
Rourkela,2025-07,8,11,0,3,1,0,0,0,3,37,11
Mayurbhanj,2025-07,3,8,0,1,0,0,0,0,1,13,4
Cuttack,2025-07,10,12,1,3,1,0,0,0,4,51,26
Kalahandi,2025-07,3,4,0,1,0,0,0,0,2,16,2
Bhubaneswar,2025-08,12,14,2,10,3,0,0,0,4,104,37
Ganjam,2025-08,7,8,0,1,0,0,0,0,4,20,9
Koraput,2025-08,3,3,0,2,1,0,0,0,2,22,14
Sambalpur,2025-08,10,19,1,3,1,0,0,0,5,56,19
Puri,2025-08,7,7,0,0,0,0,0,0,2,7,7
Balasore,2025-08,4,6,0,1,0,0,0,0,1,13,3
Rourkela,2025-08,17,17,2,5,2,0,0,0,6,62,29
Mayurbhanj,2025-08,3,4,0,1,0,0,0,0,4,19,8
Cuttack,2025-08,12,12,1,3,1,0,0,0,3,42,15
Kalahandi,2025-08,2,7,0,2,1,0,0,0,1,20,11
Bhubaneswar,2025-09,19,19,3,11,5,0,0,0,3,92,32
Ganjam,2025-09,6,10,0,1,0,0,0,0,1,9,4
Koraput,2025-09,5,5,0,1,0,0,0,0,2,14,7
Sambalpur,2025-09,12,20,1,9,2,0,0,0,4,83,24
Puri,2025-09,3,3,0,2,0,0,0,0,3,25,11
Balasore,2025-09,8,8,1,4,2,0,0,0,2,40,14
Rourkela,2025-09,18,18,2,8,2,0,0,0,4,65,29
Mayurbhanj,2025-09,6,9,0,2,0,0,0,0,4,36,13
Cuttack,2025-09,17,18,1,6,4,0,0,0,4,74,31
Kalahandi,2025-09,2,3,0,1,0,0,0,0,2,18,4
Bhubaneswar,2025-10,19,23,6,17,4,0,0,0,5,154,79
Ganjam,2025-10,14,16,1,5,1,0,0,0,6,71,27
Koraput,2025-10,4,4,0,1,0,0,0,0,3,15,11
Sambalpur,2025-10,11,11,1,6,2,0,0,0,4,58,28
Puri,2025-10,13,16,2,7,3,0,0,0,2,78,36
Balasore,2025-10,3,3,0,1,0,0,0,0,2,9,4
Rourkela,2025-10,11,11,2,8,4,0,0,0,6,98,30
Mayurbhanj,2025-10,3,5,0,2,0,0,0,0,3,38,16
Cuttack,2025-10,10,10,1,3,2,0,0,0,5,69,8
Kalahandi,2025-10,0,2,0,1,0,0,0,0,2,17,7
Bhubaneswar,2025-11,14,20,2,6,3,0,0,0,7,95,39
Ganjam,2025-11,8,8,1,5,1,0,0,0,5,38,31
Koraput,2025-11,2,2,0,1,0,0,0,0,2,18,5
Sambalpur,2025-11,8,13,1,4,1,0,0,0,5,64,22
Puri,2025-11,4,8,0,1,0,0,0,0,2,10,4
Balasore,2025-11,7,9,0,2,1,0,0,0,3,19,19
Rourkela,2025-11,11,14,1,10,3,0,0,0,4,101,38
Mayurbhanj,2025-11,2,2,0,0,0,0,0,0,0,0,0
Cuttack,2025-11,17,19,3,8,4,0,0,0,4,107,45
Kalahandi,2025-11,3,3,0,0,0,0,0,0,2,9,6
