district,month,nbw_pending_start,nbw_received,nbw_executed_drive,nbw_disposed_other,nbw_total_disposed,nbw_pending_end,nbw_executed_st_gr,nbw_executed_before2023
Bhubaneswar,2015-01,500,287,158,66,224,563,33,9
Ganjam,2015-01,500,166,78,44,122,544,18,4
Koraput,2015-01,500,79,44,16,60,519,10,12
Sambalpur,2015-01,500,142,71,45,116,526,20,6
Puri,2015-01,500,125,54,31,85,540,18,4
Balasore,2015-01,500,119,82,33,115,504,19,4
Rourkela,2015-01,500,228,115,69,184,544,28,6
Mayurbhanj,2015-01,500,77,29,16,45,532,8,2
Cuttack,2015-01,500,294,140,44,184,610,55,5
Kalahandi,2015-01,500,49,39,15,54,495,9,2
Bhubaneswar,2015-02,563,328,173,95,268,623,68,8
Ganjam,2015-02,544,173,94,52,146,571,28,8
Koraput,2015-02,519,74,35,20,55,538,13,8
Sambalpur,2015-02,526,168,73,42,115,579,16,7
Puri,2015-02,540,112,64,34,98,554,18,4
Balasore,2015-02,504,133,65,37,102,535,15,2
Rourkela,2015-02,544,208,128,57,185,567,28,12
Mayurbhanj,2015-02,532,84,33,23,56,560,7,4
Cuttack,2015-02,610,281,187,84,271,620,50,11
Kalahandi,2015-02,495,58,37,15,52,501,13,5
Bhubaneswar,2015-03,623,277,171,90,261,639,45,7
Ganjam,2015-03,571,193,101,64,165,599,36,7
Koraput,2015-03,538,93,37,29,66,565,8,5
Sambalpur,2015-03,579,166,99,41,140,605,36,2
Puri,2015-03,554,98,63,25,88,564,16,3
Balasore,2015-03,535,127,81,42,123,539,22,5
Rourkela,2015-03,567,221,135,75,210,578,47,7
Mayurbhanj,2015-03,560,75,35,17,52,583,10,4
Cuttack,2015-03,620,294,196,91,287,627,68,4
Kalahandi,2015-03,501,46,30,17,47,500,10,2
Bhubaneswar,2015-04,639,294,187,85,272,661,56,6
Ganjam,2015-04,599,164,105,57,162,601,21,10
Koraput,2015-04,565,74,50,21,71,568,12,8
Sambalpur,2015-04,605,151,67,52,119,637,20,8
Puri,2015-04,564,110,63,44,107,567,17,2
Balasore,2015-04,539,138,74,36,110,567,16,6
Rourkela,2015-04,578,244,135,54,189,633,46,2
Mayurbhanj,2015-04,583,71,40,29,69,585,8,6
Cuttack,2015-04,627,282,185,101,286,623,69,6
Kalahandi,2015-04,500,52,28,13,41,511,6,7
Bhubaneswar,2015-05,661,305,211,102,313,653,52,10
Ganjam,2015-05,601,178,111,49,160,619,42,10
Koraput,2015-05,568,58,53,22,75,551,12,7
Sambalpur,2015-05,637,148,107,47,154,631,40,5
Puri,2015-05,567,129,70,33,103,593,22,5
Balasore,2015-05,567,151,67,35,102,616,19,8
Rourkela,2015-05,633,210,145,67,212,631,43,7
Mayurbhanj,2015-05,585,77,37,21,58,604,8,4
Cuttack,2015-05,623,263,168,80,248,638,53,6
Kalahandi,2015-05,511,55,34,8,42,524,13,9
Bhubaneswar,2015-06,653,295,192,111,303,645,65,13
Ganjam,2015-06,619,154,134,52,186,587,28,1
Koraput,2015-06,551,75,54,18,72,554,13,6
Sambalpur,2015-06,631,162,95,42,137,656,35,5
Puri,2015-06,593,127,76,36,112,608,26,5
Balasore,2015-06,616,145,96,43,139,622,35,5
Rourkela,2015-06,631,203,124,76,200,634,33,10
Mayurbhanj,2015-06,604,74,41,34,75,603,11,7
Cuttack,2015-06,638,312,181,78,259,691,45,6
Kalahandi,2015-06,524,57,32,20,52,529,9,3
Bhubaneswar,2015-07,645,308,197,94,291,662,46,8
Ganjam,2015-07,587,177,108,43,151,613,32,9
Koraput,2015-07,554,86,50,21,71,569,13,3
Sambalpur,2015-07,656,144,109,51,160,640,41,11
Puri,2015-07,608,132,90,30,120,620,31,4
Balasore,2015-07,622,125,74,42,116,631,24,9
Rourkela,2015-07,634,232,143,83,226,640,36,10
Mayurbhanj,2015-07,603,65,40,27,67,601,14,4
Cuttack,2015-07,691,271,159,100,259,703,58,6
Kalahandi,2015-07,529,72,27,11,38,563,6,5
Bhubaneswar,2015-08,662,327,197,87,284,705,60,7
Ganjam,2015-08,613,177,110,59,169,621,34,5
Koraput,2015-08,569,97,45,19,64,602,10,3
Sambalpur,2015-08,640,154,85,52,137,657,33,11
Puri,2015-08,620,110,87,36,123,607,33,9
Balasore,2015-08,631,127,100,41,141,617,32,6
Rourkela,2015-08,640,241,151,79,230,651,35,1
Mayurbhanj,2015-08,601,67,57,26,83,585,14,5
Cuttack,2015-08,703,256,201,107,308,651,49,8
Kalahandi,2015-08,563,84,33,18,51,596,9,5
Bhubaneswar,2015-09,705,292,220,114,334,663,65,4
Ganjam,2015-09,621,183,114,60,174,630,37,4
Koraput,2015-09,602,85,50,16,66,621,10,6
Sambalpur,2015-09,657,160,102,43,145,672,30,12
Puri,2015-09,607,114,85,32,117,604,20,9
Balasore,2015-09,617,141,80,40,120,638,29,7
Rourkela,2015-09,651,237,148,61,209,679,40,5
Mayurbhanj,2015-09,585,61,34,16,50,596,12,5
Cuttack,2015-09,651,255,185,104,289,617,69,3
Kalahandi,2015-09,596,58,51,15,66,588,13,6
Bhubaneswar,2015-10,663,303,210,105,315,651,55,6
Ganjam,2015-10,630,177,96,44,140,667,23,7
Koraput,2015-10,621,88,52,22,74,635,18,7
Sambalpur,2015-10,672,139,107,44,151,660,29,2
Puri,2015-10,604,120,79,34,113,611,17,8
Balasore,2015-10,638,134,95,31,126,646,22,8
Rourkela,2015-10,679,229,156,77,233,675,31,6
Mayurbhanj,2015-10,596,73,51,29,80,589,19,4
Cuttack,2015-10,617,288,165,96,261,644,45,6
Kalahandi,2015-10,588,80,38,20,58,610,8,5
Bhubaneswar,2015-11,651,269,214,104,318,602,73,8
Ganjam,2015-11,667,180,111,51,162,685,23,6
Koraput,2015-11,635,92,46,24,70,657,16,4
Sambalpur,2015-11,660,154,107,49,156,658,40,6
Puri,2015-11,611,124,86,36,122,613,21,9
Balasore,2015-11,646,128,87,44,131,643,31,14
Rourkela,2015-11,675,234,158,72,230,679,37,2
Mayurbhanj,2015-11,589,72,50,17,67,594,13,3
Cuttack,2015-11,644,300,187,92,279,665,46,9
Kalahandi,2015-11,610,63,37,17,54,619,14,4
Bhubaneswar,2015-12,602,289,172,92,264,627,53,3
Ganjam,2015-12,685,171,98,47,145,711,35,9
Koraput,2015-12,657,95,60,24,84,668,12,6
Sambalpur,2015-12,658,129,94,44,138,649,24,7
Puri,2015-12,613,128,63,43,106,635,23,6
Balasore,2015-12,643,124,92,37,129,638,34,9
Rourkela,2015-12,679,206,149,82,231,654,40,9
Mayurbhanj,2015-12,594,67,48,28,76,585,15,12
Cuttack,2015-12,665,293,178,70,248,710,38,5
Kalahandi,2015-12,619,51,43,23,66,604,12,8
Bhubaneswar,2016-01,627,280,199,88,287,620,64,5
Ganjam,2016-01,711,190,141,66,207,694,39,12
Koraput,2016-01,668,87,59,33,92,663,18,7
Sambalpur,2016-01,649,152,95,47,142,659,23,9
Puri,2016-01,635,118,71,38,109,644,27,9
Balasore,2016-01,638,140,81,44,125,653,29,9
Rourkela,2016-01,654,199,145,79,224,629,55,5
Mayurbhanj,2016-01,585,59,50,14,64,580,10,7
Cuttack,2016-01,710,256,210,95,305,661,81,7
Kalahandi,2016-01,604,63,36,28,64,603,12,8
Bhubaneswar,2016-02,620,306,176,91,267,659,66,6
Ganjam,2016-02,694,164,121,57,178,680,33,10
Koraput,2016-02,663,78,35,27,62,679,11,8
Sambalpur,2016-02,659,129,78,56,134,654,20,12
Puri,2016-02,644,117,80,34,114,647,30,7
Balasore,2016-02,653,152,114,44,158,647,27,7
Rourkela,2016-02,629,228,137,77,214,643,30,9
Mayurbhanj,2016-02,580,72,42,30,72,580,12,3
Cuttack,2016-02,661,253,165,86,251,663,58,6
Kalahandi,2016-02,603,44,39,15,54,593,8,8
Bhubaneswar,2016-03,659,292,188,95,283,668,65,4
Ganjam,2016-03,680,202,118,65,183,699,46,5
Koraput,2016-03,679,82,52,32,84,677,12,7
Sambalpur,2016-03,654,165,88,36,124,695,27,5
Puri,2016-03,647,121,68,41,109,659,14,4
Balasore,2016-03,647,137,89,44,133,651,21,5
Rourkela,2016-03,643,217,138,71,209,651,39,3
Mayurbhanj,2016-03,580,71,41,21,62,589,9,4
Cuttack,2016-03,663,279,203,106,309,633,46,7
Kalahandi,2016-03,593,59,44,15,59,593,15,6
Bhubaneswar,2016-04,668,308,194,108,302,674,51,7
Ganjam,2016-04,699,193,120,69,189,703,24,4
Koraput,2016-04,677,91,58,38,96,672,16,9
Sambalpur,2016-04,695,161,84,54,138,718,19,3
Puri,2016-04,659,120,96,42,138,641,29,6
Balasore,2016-04,651,153,101,36,137,667,23,6
Rourkela,2016-04,651,212,143,80,223,640,39,7
Mayurbhanj,2016-04,589,72,35,19,54,607,8,4
Cuttack,2016-04,633,306,181,86,267,672,41,8
Kalahandi,2016-04,593,76,32,20,52,617,10,4
Bhubaneswar,2016-05,674,285,206,95,301,658,46,8
Ganjam,2016-05,703,184,122,69,191,696,40,10
Koraput,2016-05,672,88,49,29,78,682,18,11
Sambalpur,2016-05,718,139,103,48,151,706,34,9
Puri,2016-05,641,126,82,45,127,640,27,3
Balasore,2016-05,667,163,89,55,144,686,26,7
Rourkela,2016-05,640,228,142,64,206,662,50,4
Mayurbhanj,2016-05,607,60,39,21,60,607,11,5
Cuttack,2016-05,672,284,207,96,303,653,51,6
Kalahandi,2016-05,617,76,42,25,67,626,16,5
Bhubaneswar,2016-06,658,317,190,100,290,685,53,6
Ganjam,2016-06,696,186,121,77,198,684,41,6
Koraput,2016-06,682,77,46,22,68,691,16,8
Sambalpur,2016-06,706,140,125,55,180,666,37,4
Puri,2016-06,640,102,74,40,114,628,25,8
Balasore,2016-06,686,113,97,50,147,652,26,8
Rourkela,2016-06,662,223,130,76,206,679,44,6
Mayurbhanj,2016-06,607,60,41,17,58,609,10,9
Cuttack,2016-06,653,275,178,93,271,657,42,1
Kalahandi,2016-06,626,65,39,22,61,630,10,7
Bhubaneswar,2016-07,685,339,216,116,332,692,63,5
Ganjam,2016-07,684,176,110,74,184,676,38,2
Koraput,2016-07,691,85,73,25,98,678,26,3
Sambalpur,2016-07,666,136,90,44,134,668,24,8
Puri,2016-07,628,146,74,41,115,659,24,7
Balasore,2016-07,652,143,85,45,130,665,28,14
Rourkela,2016-07,679,249,163,74,237,691,51,8
Mayurbhanj,2016-07,609,72,44,22,66,615,13,3
Cuttack,2016-07,657,299,166,101,267,689,61,5
Kalahandi,2016-07,630,63,32,15,47,646,12,10
Bhubaneswar,2016-08,692,283,202,99,301,674,76,8
Ganjam,2016-08,676,156,116,72,188,644,27,2
Koraput,2016-08,678,81,41,28,69,690,15,5
Sambalpur,2016-08,668,142,91,56,147,663,27,5
Puri,2016-08,659,109,82,40,122,646,29,5
Balasore,2016-08,665,124,91,53,144,645,20,7
Rourkela,2016-08,691,215,136,79,215,691,53,7
Mayurbhanj,2016-08,615,67,46,26,72,610,14,7
Cuttack,2016-08,689,292,177,93,270,711,35,2
Kalahandi,2016-08,646,51,42,20,62,635,8,11
Bhubaneswar,2016-09,674,277,182,97,279,672,71,3
Ganjam,2016-09,644,190,121,62,183,651,26,9
Koraput,2016-09,690,81,52,25,77,694,18,8
Sambalpur,2016-09,663,140,101,55,156,647,24,7
Puri,2016-09,646,124,79,42,121,649,29,8
Balasore,2016-09,645,137,84,44,128,654,26,4
Rourkela,2016-09,691,195,153,72,225,661,48,4
Mayurbhanj,2016-09,610,67,38,18,56,621,8,5
Cuttack,2016-09,711,292,189,97,286,717,39,9
Kalahandi,2016-09,635,40,29,26,55,620,7,2
Bhubaneswar,2016-10,672,313,192,101,293,692,45,5
Ganjam,2016-10,651,168,99,70,169,650,22,3
Koraput,2016-10,694,95,45,30,75,714,13,7
Sambalpur,2016-10,647,147,88,43,131,663,35,4
Puri,2016-10,649,123,83,37,120,652,31,5
Balasore,2016-10,654,141,83,49,132,663,31,8
Rourkela,2016-10,661,243,157,61,218,686,43,4
Mayurbhanj,2016-10,621,73,48,31,79,615,16,7
Cuttack,2016-10,717,270,178,88,266,721,38,6
Kalahandi,2016-10,620,80,47,24,71,629,13,3
Bhubaneswar,2016-11,692,304,230,94,324,672,89,3
Ganjam,2016-11,650,180,115,63,178,652,38,7
Koraput,2016-11,714,74,61,22,83,705,14,7
Sambalpur,2016-11,663,160,117,61,178,645,30,5
Puri,2016-11,652,113,84,54,138,627,28,12
Balasore,2016-11,663,143,89,47,136,670,27,8
Rourkela,2016-11,686,221,150,58,208,699,49,6
Mayurbhanj,2016-11,615,91,45,22,67,639,9,9
Cuttack,2016-11,721,273,192,100,292,702,49,8
Kalahandi,2016-11,629,48,40,21,61,616,8,11
Bhubaneswar,2016-12,672,275,211,100,311,636,69,10
Ganjam,2016-12,652,205,122,63,185,672,29,1
Koraput,2016-12,705,77,66,28,94,688,18,5
Sambalpur,2016-12,645,108,119,42,161,592,37,8
Puri,2016-12,627,119,49,36,85,661,19,6
Balasore,2016-12,670,106,87,50,137,639,24,10
Rourkela,2016-12,699,209,139,72,211,697,38,10
Mayurbhanj,2016-12,639,72,51,27,78,633,15,11
Cuttack,2016-12,702,268,196,97,293,677,58,5
Kalahandi,2016-12,616,68,46,23,69,615,9,10
Bhubaneswar,2017-01,636,304,189,98,287,653,69,6
Ganjam,2017-01,672,188,129,47,176,684,37,7
Koraput,2017-01,688,83,64,37,101,670,24,9
Sambalpur,2017-01,592,145,84,35,119,618,27,8
Puri,2017-01,661,126,88,33,121,666,25,4
Balasore,2017-01,639,129,80,45,125,643,22,10
Rourkela,2017-01,697,214,153,80,233,678,34,5
Mayurbhanj,2017-01,633,71,36,22,58,646,10,9
Cuttack,2017-01,677,282,192,74,266,693,65,5
Kalahandi,2017-01,615,56,50,22,72,599,15,7
Bhubaneswar,2017-02,653,294,200,118,318,629,41,10
Ganjam,2017-02,684,170,149,82,231,623,34,5
Koraput,2017-02,670,88,51,26,77,681,13,6
Sambalpur,2017-02,618,141,91,55,146,613,20,3
Puri,2017-02,666,108,83,43,126,648,24,9
Balasore,2017-02,643,158,98,33,131,670,27,8
Rourkela,2017-02,678,220,156,73,229,669,34,14
Mayurbhanj,2017-02,646,59,44,25,69,636,10,10
Cuttack,2017-02,693,275,186,119,305,663,52,5
Kalahandi,2017-02,599,46,29,14,43,602,6,2
Bhubaneswar,2017-03,629,306,190,95,285,650,43,4
Ganjam,2017-03,623,184,117,57,174,633,35,4
Koraput,2017-03,681,71,45,32,77,675,15,8
Sambalpur,2017-03,613,160,97,45,142,631,28,3
Puri,2017-03,648,116,77,42,119,645,22,6
Balasore,2017-03,670,131,74,48,122,679,29,9
Rourkela,2017-03,669,228,151,70,221,676,47,7
Mayurbhanj,2017-03,636,65,56,19,75,626,12,5
Cuttack,2017-03,663,271,196,91,287,647,42,7
Kalahandi,2017-03,602,62,36,23,59,605,9,7
Bhubaneswar,2017-04,650,304,179,95,274,680,54,4
Ganjam,2017-04,633,180,123,60,183,630,24,10
Koraput,2017-04,675,72,42,31,73,674,15,8
Sambalpur,2017-04,631,146,100,40,140,637,22,8
Puri,2017-04,645,134,73,28,101,678,27,9
Balasore,2017-04,679,134,98,50,148,665,26,7
Rourkela,2017-04,676,234,153,81,234,676,35,7
Mayurbhanj,2017-04,626,67,50,21,71,622,19,5
Cuttack,2017-04,647,287,195,85,280,654,53,7
Kalahandi,2017-04,605,55,27,13,40,620,10,8
Bhubaneswar,2017-05,680,311,225,99,324,667,66,6
Ganjam,2017-05,630,204,99,62,161,673,30,8
Koraput,2017-05,674,75,61,33,94,655,13,5
Sambalpur,2017-05,637,160,96,47,143,654,28,9
Puri,2017-05,678,131,94,41,135,674,34,6
Balasore,2017-05,665,141,97,50,147,659,37,4
Rourkela,2017-05,676,221,149,72,221,676,41,7
Mayurbhanj,2017-05,622,63,45,20,65,620,10,12
Cuttack,2017-05,654,274,159,93,252,676,52,7
Kalahandi,2017-05,620,49,45,23,68,601,15,9
Bhubaneswar,2017-06,667,290,213,110,323,634,67,4
Ganjam,2017-06,673,221,128,57,185,709,45,7
Koraput,2017-06,655,79,57,26,83,651,13,5
Sambalpur,2017-06,654,160,104,39,143,671,41,5
Puri,2017-06,674,104,83,32,115,663,32,7
Balasore,2017-06,659,134,99,54,153,640,25,7
Rourkela,2017-06,676,207,136,92,228,655,51,8
Mayurbhanj,2017-06,620,87,51,20,71,636,17,6
Cuttack,2017-06,676,261,204,98,302,635,66,3
Kalahandi,2017-06,601,64,41,29,70,595,11,7
Bhubaneswar,2017-07,634,325,202,98,300,659,79,5
Ganjam,2017-07,709,167,137,65,202,674,32,9
Koraput,2017-07,651,85,51,27,78,658,14,6
Sambalpur,2017-07,671,160,105,46,151,680,25,9
Puri,2017-07,663,117,82,46,128,652,20,9
Balasore,2017-07,640,132,84,50,134,638,31,5
Rourkela,2017-07,655,227,168,69,237,645,64,2
Mayurbhanj,2017-07,636,71,51,18,69,638,13,3
Cuttack,2017-07,635,239,182,98,280,594,71,9
Kalahandi,2017-07,595,49,35,15,50,594,11,7
Bhubaneswar,2017-08,659,301,193,96,289,671,62,10
Ganjam,2017-08,674,192,115,54,169,697,25,7
Koraput,2017-08,658,86,50,31,81,663,16,13
Sambalpur,2017-08,680,144,103,43,146,678,24,8
Puri,2017-08,652,111,66,41,107,656,17,6
Balasore,2017-08,638,126,94,35,129,635,24,7
Rourkela,2017-08,645,197,157,79,236,606,34,11
Mayurbhanj,2017-08,638,65,40,17,57,646,11,4
Cuttack,2017-08,594,281,183,92,275,600,60,7
Kalahandi,2017-08,594,78,43,18,61,611,14,2
Bhubaneswar,2017-09,671,275,201,117,318,628,41,7
Ganjam,2017-09,697,176,128,71,199,674,37,9
Koraput,2017-09,663,84,64,30,94,653,24,9
Sambalpur,2017-09,678,147,103,51,154,671,27,13
Puri,2017-09,656,107,93,43,136,627,25,3
Balasore,2017-09,635,135,94,41,135,635,35,13
Rourkela,2017-09,606,232,129,62,191,647,46,2
Mayurbhanj,2017-09,646,70,40,22,62,654,12,8
Cuttack,2017-09,600,267,179,88,267,600,69,3
Kalahandi,2017-09,611,56,32,19,51,616,9,8
Bhubaneswar,2017-10,628,279,198,99,297,610,69,7
Ganjam,2017-10,674,181,142,58,200,655,36,6
Koraput,2017-10,653,76,54,19,73,656,15,9
Sambalpur,2017-10,671,148,101,41,142,677,27,8
Puri,2017-10,627,117,68,35,103,641,21,6
Balasore,2017-10,635,145,104,33,137,643,32,13
Rourkela,2017-10,647,224,127,70,197,674,29,10
Mayurbhanj,2017-10,654,75,47,25,72,657,14,5
Cuttack,2017-10,600,314,170,50,220,694,48,6
Kalahandi,2017-10,616,47,34,13,47,616,7,3
Bhubaneswar,2017-11,610,297,180,79,259,648,60,3
Ganjam,2017-11,655,186,125,45,170,671,45,9
Koraput,2017-11,656,88,60,41,101,643,18,5
Sambalpur,2017-11,677,135,97,32,129,683,24,5
Puri,2017-11,641,116,69,43,112,645,20,7
Balasore,2017-11,643,133,84,57,141,635,32,4
Rourkela,2017-11,674,217,141,87,228,663,44,9
Mayurbhanj,2017-11,657,83,38,17,55,685,12,3
Cuttack,2017-11,694,275,210,95,305,664,77,9
Kalahandi,2017-11,616,69,35,24,59,626,7,3
Bhubaneswar,2017-12,648,285,181,112,293,640,61,9
Ganjam,2017-12,671,158,116,48,164,665,27,7
Koraput,2017-12,643,78,56,30,86,635,14,2
Sambalpur,2017-12,683,151,94,47,141,693,20,5
Puri,2017-12,645,133,82,45,127,651,22,5
Balasore,2017-12,635,108,74,47,121,622,20,5
Rourkela,2017-12,663,234,143,43,186,711,55,6
Mayurbhanj,2017-12,685,65,37,22,59,691,12,6
Cuttack,2017-12,664,314,191,91,282,696,60,8
Kalahandi,2017-12,626,74,30,12,42,658,6,11
Bhubaneswar,2018-01,640,300,207,97,304,636,49,2
Ganjam,2018-01,665,172,127,67,194,643,42,3
Koraput,2018-01,635,76,50,17,67,644,10,7
Sambalpur,2018-01,693,157,112,50,162,688,44,5
Puri,2018-01,651,108,81,42,123,636,31,4
Balasore,2018-01,622,124,98,36,134,612,27,6
Rourkela,2018-01,711,223,160,87,247,687,48,8
Mayurbhanj,2018-01,691,64,61,28,89,666,14,5
Cuttack,2018-01,696,285,213,106,319,662,54,6
Kalahandi,2018-01,658,60,38,16,54,664,11,5
Bhubaneswar,2018-02,636,310,186,104,290,656,61,10
Ganjam,2018-02,643,183,117,47,164,662,43,6
Koraput,2018-02,644,93,49,18,67,670,18,9
Sambalpur,2018-02,688,142,110,48,158,672,37,2
Puri,2018-02,636,122,71,37,108,650,26,5
Balasore,2018-02,612,132,84,35,119,625,21,10
Rourkela,2018-02,687,242,165,73,238,691,48,7
Mayurbhanj,2018-02,666,67,58,36,94,639,20,5
Cuttack,2018-02,662,288,189,99,288,662,64,8
Kalahandi,2018-02,664,54,49,22,71,647,14,9
Bhubaneswar,2018-03,656,330,201,96,297,689,74,6
Ganjam,2018-03,662,177,123,56,179,660,34,5
Koraput,2018-03,670,67,56,27,83,654,20,9
Sambalpur,2018-03,672,153,90,50,140,685,29,9
Puri,2018-03,650,111,69,37,106,655,21,8
Balasore,2018-03,625,155,79,31,110,670,23,7
Rourkela,2018-03,691,229,127,71,198,722,41,9
Mayurbhanj,2018-03,639,74,42,25,67,646,14,8
Cuttack,2018-03,662,261,181,71,252,671,42,6
Kalahandi,2018-03,647,54,52,22,74,627,15,6
Bhubaneswar,2018-04,689,302,184,108,292,699,55,7
Ganjam,2018-04,660,191,117,56,173,678,40,7
Koraput,2018-04,654,80,50,28,78,656,10,4
Sambalpur,2018-04,685,143,82,69,151,677,31,4
Puri,2018-04,655,103,75,30,105,653,29,12
Balasore,2018-04,670,117,100,49,149,638,26,8
Rourkela,2018-04,722,196,150,78,228,690,31,7
Mayurbhanj,2018-04,646,87,37,23,60,673,14,5
Cuttack,2018-04,671,286,180,78,258,699,56,7
Kalahandi,2018-04,627,54,40,18,58,623,13,7
Bhubaneswar,2018-05,699,293,214,122,336,656,70,9
Ganjam,2018-05,678,197,109,50,159,716,25,1
Koraput,2018-05,656,98,50,25,75,679,11,12
Sambalpur,2018-05,677,146,105,44,149,674,35,5
Puri,2018-05,653,129,92,45,137,645,33,6
Balasore,2018-05,638,135,91,34,125,648,26,3
Rourkela,2018-05,690,231,149,72,221,700,56,9
Mayurbhanj,2018-05,673,74,48,22,70,677,10,3
Cuttack,2018-05,699,274,226,88,314,659,69,6
Kalahandi,2018-05,623,56,40,13,53,626,15,4
Bhubaneswar,2018-06,656,288,217,86,303,641,52,4
Ganjam,2018-06,716,191,131,60,191,716,31,7
Koraput,2018-06,679,81,50,23,73,687,16,7
Sambalpur,2018-06,674,161,109,53,162,673,35,5
Puri,2018-06,645,117,66,41,107,655,16,5
Balasore,2018-06,648,129,97,40,137,640,28,2
Rourkela,2018-06,700,233,149,96,245,688,45,5
Mayurbhanj,2018-06,677,82,60,19,79,680,17,7
Cuttack,2018-06,659,277,176,109,285,651,57,8
Kalahandi,2018-06,626,58,45,23,68,616,12,8
Bhubaneswar,2018-07,641,324,180,105,285,680,38,6
Ganjam,2018-07,716,197,118,69,187,726,29,5
Koraput,2018-07,687,81,59,25,84,684,15,5
Sambalpur,2018-07,673,174,93,38,131,716,28,11
Puri,2018-07,655,107,87,32,119,643,30,6
Balasore,2018-07,640,159,73,45,118,681,26,7
Rourkela,2018-07,688,219,158,81,239,668,63,10
Mayurbhanj,2018-07,680,74,39,25,64,690,14,5
Cuttack,2018-07,651,312,184,79,263,700,70,4
Kalahandi,2018-07,616,71,32,25,57,630,11,7
Bhubaneswar,2018-08,680,306,217,109,326,660,60,10
Ganjam,2018-08,726,188,108,64,172,742,22,3
Koraput,2018-08,684,91,52,24,76,699,15,2
Sambalpur,2018-08,716,150,97,48,145,721,30,9
Puri,2018-08,643,115,77,35,112,646,28,6
Balasore,2018-08,681,134,92,53,145,670,35,4
Rourkela,2018-08,668,216,145,86,231,653,53,3
Mayurbhanj,2018-08,690,69,43,24,67,692,9,7
Cuttack,2018-08,700,277,188,99,287,690,37,6
Kalahandi,2018-08,630,65,36,17,53,642,10,3
Bhubaneswar,2018-09,660,288,202,98,300,648,66,6
Ganjam,2018-09,742,144,141,71,212,674,54,8
Koraput,2018-09,699,70,69,33,102,667,16,5
Sambalpur,2018-09,721,165,91,53,144,742,23,4
Puri,2018-09,646,120,94,46,140,626,32,9
Balasore,2018-09,670,132,103,55,158,644,31,6
Rourkela,2018-09,653,229,155,59,214,668,32,6
Mayurbhanj,2018-09,692,73,49,32,81,684,18,8
Cuttack,2018-09,690,286,190,93,283,693,62,5
Kalahandi,2018-09,642,47,36,15,51,638,9,6
Bhubaneswar,2018-10,648,306,167,85,252,702,47,6
Ganjam,2018-10,674,197,133,71,204,667,36,11
Koraput,2018-10,667,90,48,25,73,684,18,8
Sambalpur,2018-10,742,166,125,43,168,740,46,10
Puri,2018-10,626,121,66,32,98,649,17,3
Balasore,2018-10,644,133,89,48,137,640,22,6
Rourkela,2018-10,668,219,147,79,226,661,44,10
Mayurbhanj,2018-10,684,73,44,22,66,691,12,3
Cuttack,2018-10,693,283,181,102,283,693,42,2
Kalahandi,2018-10,638,57,43,15,58,637,12,5
Bhubaneswar,2018-11,702,269,202,99,301,670,44,6
Ganjam,2018-11,667,196,126,75,201,662,43,12
Koraput,2018-11,684,76,66,28,94,666,15,4
Sambalpur,2018-11,740,128,119,45,164,704,27,5
Puri,2018-11,649,111,66,31,97,663,23,4
Balasore,2018-11,640,149,109,40,149,640,39,8
Rourkela,2018-11,661,257,155,80,235,683,46,14
Mayurbhanj,2018-11,691,56,51,30,81,666,11,6
Cuttack,2018-11,693,277,178,105,283,687,51,8
Kalahandi,2018-11,637,54,38,23,61,630,9,8
Bhubaneswar,2018-12,670,306,215,94,309,667,70,4
Ganjam,2018-12,662,185,118,48,166,681,42,6
Koraput,2018-12,666,84,56,31,87,663,17,13
Sambalpur,2018-12,704,148,103,60,163,689,21,11
Puri,2018-12,663,113,68,41,109,667,26,10
Balasore,2018-12,640,131,95,45,140,631,27,7
Rourkela,2018-12,683,231,157,65,222,692,59,5
Mayurbhanj,2018-12,666,70,37,24,61,675,12,8
Cuttack,2018-12,687,276,192,89,281,682,42,8
Kalahandi,2018-12,630,50,54,19,73,607,12,10
Bhubaneswar,2019-01,667,309,204,121,325,651,63,9
Ganjam,2019-01,681,187,106,54,160,708,36,5
Koraput,2019-01,663,70,53,23,76,657,13,6
Sambalpur,2019-01,689,142,88,53,141,690,34,1
Puri,2019-01,667,128,82,40,122,673,30,8
Balasore,2019-01,631,127,82,43,125,633,25,7
Rourkela,2019-01,692,246,163,70,233,705,34,12
Mayurbhanj,2019-01,675,77,46,36,82,670,16,6
Cuttack,2019-01,682,278,199,82,281,679,70,12
Kalahandi,2019-01,607,57,40,19,59,605,12,5
Bhubaneswar,2019-02,651,301,206,98,304,648,42,7
Ganjam,2019-02,708,179,112,58,170,717,26,3
Koraput,2019-02,657,78,53,26,79,656,19,3
Sambalpur,2019-02,690,152,96,59,155,687,37,6
Puri,2019-02,673,134,89,39,128,679,34,9
Balasore,2019-02,633,139,70,42,112,660,27,5
Rourkela,2019-02,705,239,162,76,238,706,59,10
Mayurbhanj,2019-02,670,78,39,29,68,680,11,4
Cuttack,2019-02,679,243,218,92,310,612,74,4
Kalahandi,2019-02,605,50,34,16,50,605,12,6
Bhubaneswar,2019-03,648,292,201,104,305,635,42,8
Ganjam,2019-03,717,186,124,44,168,735,48,13
Koraput,2019-03,656,86,58,24,82,660,19,10
Sambalpur,2019-03,687,133,106,50,156,664,25,4
Puri,2019-03,679,130,90,36,126,683,32,10
Balasore,2019-03,660,155,97,46,143,672,23,2
Rourkela,2019-03,706,229,160,64,224,711,52,6
Mayurbhanj,2019-03,680,73,41,17,58,695,14,9
Cuttack,2019-03,612,242,153,89,242,612,50,3
Kalahandi,2019-03,605,62,39,20,59,608,10,9
Bhubaneswar,2019-04,635,304,191,90,281,658,48,3
Ganjam,2019-04,735,170,129,71,200,705,28,4
Koraput,2019-04,660,85,56,21,77,668,16,7
Sambalpur,2019-04,664,145,99,42,141,668,32,10
Puri,2019-04,683,131,76,46,122,692,18,8
Balasore,2019-04,672,138,85,37,122,688,23,4
Rourkela,2019-04,711,196,154,80,234,673,36,3
Mayurbhanj,2019-04,695,66,55,19,74,687,17,8
Cuttack,2019-04,612,261,173,55,228,645,63,6
Kalahandi,2019-04,608,57,43,16,59,606,8,7
Bhubaneswar,2019-05,658,297,187,105,292,663,56,4
Ganjam,2019-05,705,161,137,66,203,663,28,8
Koraput,2019-05,668,80,37,35,72,676,7,9
Sambalpur,2019-05,668,125,96,54,150,643,28,3
Puri,2019-05,692,122,79,46,125,689,24,6
Balasore,2019-05,688,121,91,47,138,671,36,6
Rourkela,2019-05,673,232,133,78,211,694,43,7
Mayurbhanj,2019-05,687,85,47,27,74,698,15,8
Cuttack,2019-05,645,283,158,92,250,678,51,5
Kalahandi,2019-05,606,62,46,18,64,604,17,10
Bhubaneswar,2019-06,663,275,227,88,315,623,48,10
Ganjam,2019-06,663,171,103,59,162,672,21,6
Koraput,2019-06,676,84,47,25,72,688,9,4
Sambalpur,2019-06,643,153,91,44,135,661,29,2
Puri,2019-06,689,131,78,33,111,709,22,8
Balasore,2019-06,671,146,91,43,134,683,19,3
Rourkela,2019-06,694,205,153,60,213,686,41,6
Mayurbhanj,2019-06,698,85,58,21,79,704,12,8
Cuttack,2019-06,678,245,194,95,289,634,54,7
Kalahandi,2019-06,604,53,39,22,61,596,12,7
Bhubaneswar,2019-07,623,318,191,95,286,655,70,5
Ganjam,2019-07,672,195,108,60,168,699,37,7
Koraput,2019-07,688,81,61,21,82,687,15,4
Sambalpur,2019-07,661,162,89,60,149,674,30,6
Puri,2019-07,709,117,79,34,113,713,29,5
Balasore,2019-07,683,127,88,43,131,679,31,9
Rourkela,2019-07,686,206,156,79,235,657,54,8
Mayurbhanj,2019-07,704,59,52,23,75,688,17,3
Cuttack,2019-07,634,272,186,82,268,638,47,7
Kalahandi,2019-07,596,59,43,16,59,596,16,2
Bhubaneswar,2019-08,655,320,193,98,291,684,48,5
Ganjam,2019-08,699,182,119,64,183,698,27,9
Koraput,2019-08,687,95,55,29,84,698,11,10
Sambalpur,2019-08,674,143,106,47,153,664,36,3
Puri,2019-08,713,107,93,52,145,675,23,6
Balasore,2019-08,679,148,102,59,161,666,27,5
Rourkela,2019-08,657,249,129,73,202,704,40,1
Mayurbhanj,2019-08,688,77,48,23,71,694,11,3
Cuttack,2019-08,638,292,167,70,237,693,41,9
Kalahandi,2019-08,596,60,40,17,57,599,12,2
Bhubaneswar,2019-09,684,294,197,96,293,685,74,10
Ganjam,2019-09,698,184,134,62,196,686,47,5
Koraput,2019-09,698,67,41,36,77,688,9,8
Sambalpur,2019-09,664,158,95,55,150,672,35,7
Puri,2019-09,675,131,73,45,118,688,29,4
Balasore,2019-09,666,150,92,52,144,672,32,7
Rourkela,2019-09,704,211,162,71,233,682,47,5
Mayurbhanj,2019-09,694,81,49,26,75,700,10,9
Cuttack,2019-09,693,270,177,86,263,700,61,10
Kalahandi,2019-09,599,60,20,10,30,629,4,5
Bhubaneswar,2019-10,685,318,194,114,308,695,40,5
Ganjam,2019-10,686,174,129,61,190,670,48,9
Koraput,2019-10,688,88,53,31,84,692,18,8
Sambalpur,2019-10,672,173,99,67,166,679,21,5
Puri,2019-10,688,124,82,46,128,684,21,12
Balasore,2019-10,672,138,82,60,142,668,25,4
Rourkela,2019-10,682,207,164,81,245,644,33,4
Mayurbhanj,2019-10,700,72,51,20,71,701,17,15
Cuttack,2019-10,700,271,214,118,332,639,61,3
Kalahandi,2019-10,629,46,40,27,67,608,13,6
Bhubaneswar,2019-11,695,321,204,125,329,687,57,6
Ganjam,2019-11,670,182,123,57,180,672,27,4
Koraput,2019-11,692,88,59,25,84,696,19,6
Sambalpur,2019-11,679,157,116,47,163,673,37,10
Puri,2019-11,684,112,92,43,135,661,33,7
Balasore,2019-11,668,151,77,39,116,703,19,6
Rourkela,2019-11,644,198,148,68,216,626,36,7
Mayurbhanj,2019-11,701,59,54,28,82,678,14,9
Cuttack,2019-11,639,329,215,100,315,653,57,6
Kalahandi,2019-11,608,60,36,18,54,614,7,7
Bhubaneswar,2019-12,687,313,196,98,294,706,64,7
Ganjam,2019-12,672,177,125,61,186,663,49,5
Koraput,2019-12,696,76,53,26,79,693,11,8
Sambalpur,2019-12,673,158,89,49,138,693,23,6
Puri,2019-12,661,118,73,44,117,662,16,7
Balasore,2019-12,703,118,122,47,169,652,46,7
Rourkela,2019-12,626,197,135,60,195,628,29,7
Mayurbhanj,2019-12,678,67,43,28,71,674,9,2
Cuttack,2019-12,653,272,163,77,240,685,63,6
Kalahandi,2019-12,614,54,40,16,56,612,9,4
Bhubaneswar,2020-01,706,334,208,106,314,726,67,7
Ganjam,2020-01,663,177,128,52,180,660,35,5
Koraput,2020-01,693,73,56,38,94,672,17,4
Sambalpur,2020-01,693,162,107,63,170,685,24,6
Puri,2020-01,662,106,82,39,121,647,17,6
Balasore,2020-01,652,130,98,51,149,633,20,11
Rourkela,2020-01,628,247,135,61,196,679,30,9
Mayurbhanj,2020-01,674,81,47,27,74,681,11,6
Cuttack,2020-01,685,323,210,115,325,683,58,8
Kalahandi,2020-01,612,70,34,15,49,633,7,5
Bhubaneswar,2020-02,726,289,218,100,318,697,77,7
Ganjam,2020-02,660,183,142,48,190,653,53,4
Koraput,2020-02,672,76,45,26,71,677,11,8
Sambalpur,2020-02,685,129,106,53,159,655,21,6
Puri,2020-02,647,111,59,34,93,665,22,5
Balasore,2020-02,633,130,73,58,131,632,19,8
Rourkela,2020-02,679,245,138,81,219,705,46,4
Mayurbhanj,2020-02,681,65,59,22,81,665,20,2
Cuttack,2020-02,683,282,208,93,301,664,66,6
Kalahandi,2020-02,633,53,35,17,52,634,9,7
Bhubaneswar,2020-03,697,284,176,117,293,688,60,8
Ganjam,2020-03,653,189,106,46,152,690,35,6
Koraput,2020-03,677,82,45,27,72,687,16,7
Sambalpur,2020-03,655,160,113,59,172,643,44,5
Puri,2020-03,665,108,79,45,124,649,18,3
Balasore,2020-03,632,128,83,59,142,618,31,5
Rourkela,2020-03,705,210,143,67,210,705,29,10
Mayurbhanj,2020-03,665,68,43,23,66,667,11,11
Cuttack,2020-03,664,295,182,96,278,681,66,13
Kalahandi,2020-03,634,65,41,18,59,640,10,9
Bhubaneswar,2020-04,688,291,204,126,330,649,59,10
Ganjam,2020-04,690,202,121,67,188,704,35,6
Koraput,2020-04,687,79,54,23,77,689,12,12
Sambalpur,2020-04,643,176,114,59,173,646,29,14
Puri,2020-04,649,124,92,47,139,634,31,3
Balasore,2020-04,618,143,79,32,111,650,22,5
Rourkela,2020-04,705,230,162,78,240,695,55,5
Mayurbhanj,2020-04,667,74,42,29,71,670,13,5
Cuttack,2020-04,681,272,189,88,277,676,42,4
Kalahandi,2020-04,640,66,34,18,52,654,12,5
Bhubaneswar,2020-05,649,310,212,112,324,635,61,4
Ganjam,2020-05,704,200,129,57,186,718,50,4
Koraput,2020-05,689,69,60,24,84,674,14,7
Sambalpur,2020-05,646,148,89,47,136,658,29,6
Puri,2020-05,634,129,86,40,126,637,28,6
Balasore,2020-05,650,134,83,55,138,646,23,5
Rourkela,2020-05,695,214,157,67,224,685,54,10
Mayurbhanj,2020-05,670,63,52,18,70,663,19,6
Cuttack,2020-05,676,287,174,93,267,696,55,11
Kalahandi,2020-05,654,63,42,23,65,652,9,9
Bhubaneswar,2020-06,635,294,196,97,293,636,45,8
Ganjam,2020-06,718,191,133,76,209,700,44,11
Koraput,2020-06,674,90,48,22,70,694,11,12
Sambalpur,2020-06,658,164,100,46,146,676,22,5
Puri,2020-06,637,100,69,36,105,632,15,8
Balasore,2020-06,646,129,79,39,118,657,27,8
Rourkela,2020-06,685,204,154,75,229,660,51,4
Mayurbhanj,2020-06,663,51,64,29,93,621,13,2
Cuttack,2020-06,696,274,200,97,297,673,64,5
Kalahandi,2020-06,652,54,51,21,72,634,16,6
Bhubaneswar,2020-07,636,301,210,88,298,639,78,5
Ganjam,2020-07,700,186,120,62,182,704,43,4
Koraput,2020-07,694,92,66,25,91,695,17,6
Sambalpur,2020-07,676,141,96,49,145,672,38,3
Puri,2020-07,632,108,74,33,107,633,23,9
Balasore,2020-07,657,140,91,66,157,640,35,6
Rourkela,2020-07,660,200,136,69,205,655,36,5
Mayurbhanj,2020-07,621,77,59,22,81,617,11,11
Cuttack,2020-07,673,274,197,85,282,665,57,3
Kalahandi,2020-07,634,65,40,12,52,647,10,8
Bhubaneswar,2020-08,639,305,199,96,295,649,67,5
Ganjam,2020-08,704,175,138,66,204,675,44,11
Koraput,2020-08,695,74,50,28,78,691,15,6
Sambalpur,2020-08,672,146,105,53,158,660,39,8
Puri,2020-08,633,114,82,37,119,628,25,5
Balasore,2020-08,640,125,87,60,147,618,34,12
Rourkela,2020-08,655,261,141,74,215,701,30,7
Mayurbhanj,2020-08,617,69,45,16,61,625,13,3
Cuttack,2020-08,665,297,170,98,268,694,56,3
Kalahandi,2020-08,647,55,29,22,51,651,9,5
Bhubaneswar,2020-09,649,311,189,92,281,679,55,4
Ganjam,2020-09,675,180,135,68,203,652,31,8
Koraput,2020-09,691,84,65,27,92,683,21,5
Sambalpur,2020-09,660,172,90,57,147,685,35,8
Puri,2020-09,628,122,74,36,110,640,24,2
Balasore,2020-09,618,175,81,33,114,679,17,4
Rourkela,2020-09,701,245,159,82,241,705,39,14
Mayurbhanj,2020-09,625,83,44,22,66,642,11,5
Cuttack,2020-09,694,290,207,103,310,674,59,6
Kalahandi,2020-09,651,57,54,21,75,633,11,12
Bhubaneswar,2020-10,679,312,201,101,302,689,44,9
Ganjam,2020-10,652,207,114,63,177,682,33,10
Koraput,2020-10,683,76,54,29,83,676,14,8
Sambalpur,2020-10,685,154,118,52,170,669,25,7
Puri,2020-10,640,114,71,47,118,636,28,13
Balasore,2020-10,679,156,94,52,146,689,29,4
Rourkela,2020-10,705,207,127,78,205,707,31,8
Mayurbhanj,2020-10,642,76,50,29,79,639,15,3
Cuttack,2020-10,674,282,185,110,295,661,73,10
Kalahandi,2020-10,633,64,51,25,76,621,10,9
Bhubaneswar,2020-11,689,324,212,86,298,715,51,7
Ganjam,2020-11,682,180,124,60,184,678,37,8
Koraput,2020-11,676,71,52,28,80,667,13,5
Sambalpur,2020-11,669,140,102,42,144,665,33,7
Puri,2020-11,636,121,84,43,127,630,29,7
Balasore,2020-11,689,148,92,44,136,701,18,9
Rourkela,2020-11,707,216,139,91,230,693,39,9
Mayurbhanj,2020-11,639,70,50,20,70,639,15,5
Cuttack,2020-11,661,294,181,102,283,672,61,8
Kalahandi,2020-11,621,64,37,21,58,627,13,4
Bhubaneswar,2020-12,715,328,214,106,320,723,71,12
Ganjam,2020-12,678,176,116,67,183,671,44,10
Koraput,2020-12,667,82,33,31,64,685,7,8
Sambalpur,2020-12,665,131,100,63,163,633,37,5
Puri,2020-12,630,119,70,28,98,651,27,5
Balasore,2020-12,701,157,94,43,137,721,31,6
Rourkela,2020-12,693,219,157,78,235,677,42,2
Mayurbhanj,2020-12,639,58,40,24,64,633,12,5
Cuttack,2020-12,672,271,177,100,277,666,39,9
Kalahandi,2020-12,627,59,37,22,59,627,11,12
Bhubaneswar,2021-01,723,329,236,98,334,718,70,13
Ganjam,2021-01,671,188,121,54,175,684,33,3
Koraput,2021-01,685,66,52,20,72,679,12,11
Sambalpur,2021-01,633,124,80,54,134,623,25,5
Puri,2021-01,651,137,80,45,125,663,17,10
Balasore,2021-01,721,125,94,42,136,710,26,7
Rourkela,2021-01,677,203,149,73,222,658,51,5
Mayurbhanj,2021-01,633,71,44,20,64,640,11,7
Cuttack,2021-01,666,257,187,83,270,653,71,7
Kalahandi,2021-01,627,59,38,15,53,633,10,5
Bhubaneswar,2021-02,718,302,215,94,309,711,81,3
Ganjam,2021-02,684,183,134,65,199,668,36,4
Koraput,2021-02,679,73,49,22,71,681,17,5
Sambalpur,2021-02,623,163,97,49,146,640,37,7
Puri,2021-02,663,122,75,44,119,666,18,5
Balasore,2021-02,710,146,113,49,162,694,24,5
Rourkela,2021-02,658,228,149,80,229,657,44,4
Mayurbhanj,2021-02,640,70,40,28,68,642,9,5
Cuttack,2021-02,653,286,195,86,281,658,42,8
Kalahandi,2021-02,633,75,38,21,59,649,11,11
Bhubaneswar,2021-03,711,282,197,117,314,679,51,7
Ganjam,2021-03,668,159,109,50,159,668,39,10
Koraput,2021-03,681,77,70,29,99,659,16,5
Sambalpur,2021-03,640,161,88,37,125,676,31,6
Puri,2021-03,666,105,82,40,122,649,25,4
Balasore,2021-03,694,132,98,40,138,688,30,7
Rourkela,2021-03,657,226,171,67,238,645,64,5
Mayurbhanj,2021-03,642,60,56,31,87,615,18,11
Cuttack,2021-03,658,303,179,89,268,693,43,4
Kalahandi,2021-03,649,54,40,21,61,642,9,7
Bhubaneswar,2021-04,679,291,179,111,290,680,62,6
Ganjam,2021-04,668,165,129,57,186,647,35,4
Koraput,2021-04,659,75,48,28,76,658,13,9
Sambalpur,2021-04,676,148,99,49,148,676,35,7
Puri,2021-04,649,115,90,33,123,641,21,6
Balasore,2021-04,688,131,82,42,124,695,20,7
Rourkela,2021-04,645,215,144,71,215,645,34,1
Mayurbhanj,2021-04,615,54,56,25,81,588,14,8
Cuttack,2021-04,693,292,216,90,306,679,50,3
Kalahandi,2021-04,642,58,32,19,51,649,6,11
Bhubaneswar,2021-05,680,318,206,104,310,688,43,7
Ganjam,2021-05,647,195,115,64,179,663,29,9
Koraput,2021-05,658,75,49,35,84,649,10,8
Sambalpur,2021-05,676,164,105,48,153,687,24,3
Puri,2021-05,641,102,93,45,138,605,25,6
Balasore,2021-05,695,142,102,48,150,687,27,13
Rourkela,2021-05,645,223,144,66,210,658,49,7
Mayurbhanj,2021-05,588,71,40,26,66,593,15,7
Cuttack,2021-05,679,268,199,98,297,650,69,6
Kalahandi,2021-05,649,60,42,17,59,650,13,9
Bhubaneswar,2021-06,688,292,203,102,305,675,50,4
Ganjam,2021-06,663,192,122,60,182,673,41,8
Koraput,2021-06,649,78,54,30,84,643,20,9
Sambalpur,2021-06,687,141,95,42,137,691,21,7
Puri,2021-06,605,123,77,34,111,617,19,13
Balasore,2021-06,687,136,103,46,149,674,34,8
Rourkela,2021-06,658,214,148,65,213,659,53,8
Mayurbhanj,2021-06,593,64,39,21,60,597,10,12
Cuttack,2021-06,650,269,202,88,290,629,50,6
Kalahandi,2021-06,650,50,41,19,60,640,8,5
Bhubaneswar,2021-07,675,304,199,98,297,682,64,7
Ganjam,2021-07,673,212,108,75,183,702,40,5
Koraput,2021-07,643,78,38,20,58,663,9,8
Sambalpur,2021-07,691,141,99,62,161,671,29,6
Puri,2021-07,617,126,79,40,119,624,20,8
Balasore,2021-07,674,150,91,53,144,680,24,8
Rourkela,2021-07,659,196,135,82,217,638,29,7
Mayurbhanj,2021-07,597,76,44,24,68,605,10,3
Cuttack,2021-07,629,328,180,82,262,695,47,11
Kalahandi,2021-07,640,69,28,18,46,663,6,5
Bhubaneswar,2021-08,682,291,213,107,320,653,64,8
Ganjam,2021-08,702,182,123,59,182,702,27,10
Koraput,2021-08,663,75,50,17,67,671,10,7
Sambalpur,2021-08,671,147,126,54,180,638,34,7
Puri,2021-08,624,139,57,48,105,658,17,5
Balasore,2021-08,680,128,94,49,143,665,37,6
Rourkela,2021-08,638,202,134,76,210,630,26,7
Mayurbhanj,2021-08,605,77,40,23,63,619,12,8
Cuttack,2021-08,695,285,182,96,278,702,71,7
Kalahandi,2021-08,663,52,35,20,55,660,12,6
Bhubaneswar,2021-09,653,318,172,94,266,705,60,7
Ganjam,2021-09,702,178,133,47,180,700,46,6
Koraput,2021-09,671,105,61,18,79,697,17,7
Sambalpur,2021-09,638,130,89,61,150,618,20,7
Puri,2021-09,658,133,83,31,114,677,30,9
Balasore,2021-09,665,123,89,46,135,653,34,9
Rourkela,2021-09,630,236,157,67,224,642,62,6
Mayurbhanj,2021-09,619,70,53,22,75,614,13,7
Cuttack,2021-09,702,282,197,85,282,702,42,9
Kalahandi,2021-09,660,56,35,19,54,662,12,6
Bhubaneswar,2021-10,705,279,198,95,293,691,47,9
Ganjam,2021-10,700,184,125,72,197,687,38,7
Koraput,2021-10,697,73,63,25,88,682,16,3
Sambalpur,2021-10,618,159,93,44,137,640,21,4
Puri,2021-10,677,133,72,34,106,704,26,11
Balasore,2021-10,653,129,91,46,137,645,27,5
Rourkela,2021-10,642,217,148,88,236,623,36,7
Mayurbhanj,2021-10,614,61,38,21,59,616,12,3
Cuttack,2021-10,702,244,175,81,256,690,69,10
Kalahandi,2021-10,662,69,48,26,74,657,16,10
Bhubaneswar,2021-11,691,313,229,87,316,688,60,13
Ganjam,2021-11,687,165,106,62,168,684,24,4
Koraput,2021-11,682,74,66,21,87,669,24,7
Sambalpur,2021-11,640,167,111,45,156,651,32,5
Puri,2021-11,704,125,82,32,114,715,18,10
Balasore,2021-11,645,133,81,40,121,657,23,5
Rourkela,2021-11,623,217,138,77,215,625,52,7
Mayurbhanj,2021-11,616,69,40,30,70,615,10,6
Cuttack,2021-11,690,276,182,97,279,687,38,5
Kalahandi,2021-11,657,51,30,23,53,655,10,2
Bhubaneswar,2021-12,688,262,228,91,319,631,75,6
Ganjam,2021-12,684,175,121,64,185,674,36,9
Koraput,2021-12,669,73,59,24,83,659,12,6
Sambalpur,2021-12,651,166,108,53,161,656,35,12
Puri,2021-12,715,140,95,43,138,717,26,3
Balasore,2021-12,657,143,91,50,141,659,26,3
Rourkela,2021-12,625,213,150,64,214,624,41,3
Mayurbhanj,2021-12,615,69,46,19,65,619,16,4
Cuttack,2021-12,687,232,172,95,267,652,54,4
Kalahandi,2021-12,655,63,42,22,64,654,11,6
Bhubaneswar,2022-01,631,266,168,99,267,630,55,9
Ganjam,2022-01,674,184,130,65,195,663,39,5
Koraput,2022-01,659,66,58,18,76,649,11,7
Sambalpur,2022-01,656,151,85,46,131,676,32,7
Puri,2022-01,717,108,82,44,126,699,24,3
Balasore,2022-01,659,148,115,49,164,643,42,12
Rourkela,2022-01,624,218,153,70,223,619,50,6
Mayurbhanj,2022-01,619,68,48,24,72,615,15,8
Cuttack,2022-01,652,297,184,86,270,679,50,4
Kalahandi,2022-01,654,67,33,15,48,673,12,6
Bhubaneswar,2022-02,630,306,210,94,304,632,64,8
Ganjam,2022-02,663,183,135,56,191,655,44,9
Koraput,2022-02,649,83,48,16,64,668,10,8
Sambalpur,2022-02,676,170,107,40,147,699,39,4
Puri,2022-02,699,131,76,34,110,720,24,7
Balasore,2022-02,643,139,83,38,121,661,30,8
Rourkela,2022-02,619,227,139,70,209,637,38,5
Mayurbhanj,2022-02,615,64,46,29,75,604,11,5
Cuttack,2022-02,679,271,174,107,281,669,53,6
Kalahandi,2022-02,673,49,31,21,52,670,7,11
Bhubaneswar,2022-03,632,289,181,72,253,668,52,4
Ganjam,2022-03,655,178,121,63,184,649,27,5
Koraput,2022-03,668,75,47,35,82,661,17,6
Sambalpur,2022-03,699,127,105,71,176,650,28,7
Puri,2022-03,720,117,95,43,138,699,25,3
Balasore,2022-03,661,156,86,38,124,693,29,7
Rourkela,2022-03,637,219,129,57,186,670,42,5
Mayurbhanj,2022-03,604,86,48,12,60,630,15,3
Cuttack,2022-03,669,240,197,93,290,619,56,9
Kalahandi,2022-03,670,66,38,24,62,674,12,4
Bhubaneswar,2022-04,668,294,196,94,290,672,66,11
Ganjam,2022-04,649,149,106,48,154,644,36,9
Koraput,2022-04,661,87,54,32,86,662,13,8
Sambalpur,2022-04,650,153,104,46,150,653,26,5
Puri,2022-04,699,130,76,48,124,705,25,9
Balasore,2022-04,693,125,95,46,141,677,25,9
Rourkela,2022-04,670,203,152,52,204,669,39,6
Mayurbhanj,2022-04,630,71,61,23,84,617,17,5
Cuttack,2022-04,619,263,155,88,243,639,49,7
Kalahandi,2022-04,674,65,47,16,63,676,15,3
Bhubaneswar,2022-05,672,315,179,95,274,713,38,5
Ganjam,2022-05,644,186,114,51,165,665,41,10
Koraput,2022-05,662,75,49,25,74,663,10,9
Sambalpur,2022-05,653,150,106,45,151,652,27,6
Puri,2022-05,705,121,88,39,127,699,20,10
Balasore,2022-05,677,146,111,45,156,667,28,5
Rourkela,2022-05,669,224,168,62,230,663,40,5
Mayurbhanj,2022-05,617,63,40,28,68,612,14,6
Cuttack,2022-05,639,268,203,86,289,618,64,2
Kalahandi,2022-05,676,61,44,19,63,674,12,0
Bhubaneswar,2022-06,713,271,217,108,325,659,67,7
Ganjam,2022-06,665,195,109,60,169,691,24,5
Koraput,2022-06,663,79,60,30,90,652,22,6
Sambalpur,2022-06,652,157,104,40,144,665,26,5
Puri,2022-06,699,115,73,33,106,708,22,3
Balasore,2022-06,667,155,75,61,136,686,17,7
Rourkela,2022-06,663,242,140,75,215,690,38,7
Mayurbhanj,2022-06,612,72,46,18,64,620,17,8
Cuttack,2022-06,618,294,173,84,257,655,43,6
Kalahandi,2022-06,674,73,32,14,46,701,11,4
Bhubaneswar,2022-07,659,290,185,101,286,663,63,6
Ganjam,2022-07,691,197,108,57,165,723,33,8
Koraput,2022-07,652,58,53,24,77,633,19,13
Sambalpur,2022-07,665,138,98,50,148,655,21,6
Puri,2022-07,708,140,74,52,126,722,25,6
Balasore,2022-07,686,127,89,55,144,669,22,4
Rourkela,2022-07,690,226,160,77,237,679,36,5
Mayurbhanj,2022-07,620,70,39,22,61,629,14,6
Cuttack,2022-07,655,277,190,107,297,635,68,3
Kalahandi,2022-07,701,55,40,23,63,693,14,3
Bhubaneswar,2022-08,663,295,227,88,315,643,49,5
Ganjam,2022-08,723,180,108,57,165,738,25,5
Koraput,2022-08,633,81,46,19,65,649,15,2
Sambalpur,2022-08,655,137,97,37,134,658,36,4
Puri,2022-08,722,107,74,45,119,710,18,4
Balasore,2022-08,669,143,81,47,128,684,26,9
Rourkela,2022-08,679,236,143,62,205,710,47,5
Mayurbhanj,2022-08,629,65,50,33,83,611,14,5
Cuttack,2022-08,635,263,159,77,236,662,54,4
Kalahandi,2022-08,693,49,43,20,63,679,12,5
Bhubaneswar,2022-09,643,293,175,92,267,669,59,10
Ganjam,2022-09,738,203,144,65,209,732,46,12
Koraput,2022-09,649,84,40,30,70,663,9,3
Sambalpur,2022-09,658,139,75,54,129,668,27,5
Puri,2022-09,710,127,88,50,138,699,30,7
Balasore,2022-09,684,139,96,45,141,682,23,6
Rourkela,2022-09,710,202,171,103,274,638,48,6
Mayurbhanj,2022-09,611,77,41,19,60,628,10,12
Cuttack,2022-09,662,259,160,111,271,650,35,4
Kalahandi,2022-09,679,57,43,15,58,678,12,10
Bhubaneswar,2022-10,669,287,205,117,322,634,55,6
Ganjam,2022-10,732,171,128,76,204,699,40,8
Koraput,2022-10,663,78,59,28,87,654,15,11
Sambalpur,2022-10,668,166,109,48,157,677,36,6
Puri,2022-10,699,118,86,45,131,686,32,6
Balasore,2022-10,682,136,109,45,154,664,25,5
Rourkela,2022-10,638,213,129,57,186,665,48,6
Mayurbhanj,2022-10,628,72,49,14,63,637,15,6
Cuttack,2022-10,650,278,178,72,250,678,70,2
Kalahandi,2022-10,678,61,49,17,66,673,13,5
Bhubaneswar,2022-11,634,296,171,89,260,670,58,3
Ganjam,2022-11,699,171,122,67,189,681,34,15
Koraput,2022-11,654,82,55,29,84,652,15,4
Sambalpur,2022-11,677,138,113,51,164,651,43,10
Puri,2022-11,686,130,83,44,127,689,22,6
Balasore,2022-11,664,144,98,46,144,664,37,6
Rourkela,2022-11,665,225,146,83,229,661,36,7
Mayurbhanj,2022-11,637,60,32,23,55,642,9,8
Cuttack,2022-11,678,292,204,92,296,674,53,10
Kalahandi,2022-11,673,50,45,16,61,662,15,7
Bhubaneswar,2022-12,670,290,211,96,307,653,70,9
Ganjam,2022-12,681,183,103,54,157,707,21,5
Koraput,2022-12,652,71,60,25,85,638,19,10
Sambalpur,2022-12,651,145,91,63,154,642,20,5
Puri,2022-12,689,110,76,42,118,681,22,6
Balasore,2022-12,664,156,96,60,156,664,22,7
Rourkela,2022-12,661,226,152,67,219,668,37,6
Mayurbhanj,2022-12,642,82,50,24,74,650,11,8
Cuttack,2022-12,674,285,194,106,300,659,41,6
Kalahandi,2022-12,662,57,36,20,56,663,14,7
Bhubaneswar,2023-01,653,277,207,108,315,615,49,8
Ganjam,2023-01,707,192,111,52,163,736,26,7
Koraput,2023-01,638,73,43,26,69,642,10,4
Sambalpur,2023-01,642,147,85,46,131,658,17,5
Puri,2023-01,681,124,90,41,131,674,22,10
Balasore,2023-01,664,144,86,45,131,677,20,9
Rourkela,2023-01,668,259,152,79,231,696,60,6
Mayurbhanj,2023-01,650,71,50,16,66,655,11,11
Cuttack,2023-01,659,289,166,100,266,682,48,5
Kalahandi,2023-01,663,63,39,19,58,668,11,2
Bhubaneswar,2023-02,615,280,177,92,269,626,42,8
Ganjam,2023-02,736,182,137,73,210,708,32,7
Koraput,2023-02,642,80,64,31,95,627,19,6
Sambalpur,2023-02,658,141,96,52,148,651,26,3
Puri,2023-02,674,109,76,30,106,677,26,11
Balasore,2023-02,677,130,95,47,142,665,37,10
Rourkela,2023-02,696,207,146,62,208,695,45,9
Mayurbhanj,2023-02,655,59,45,21,66,648,13,5
Cuttack,2023-02,682,292,189,89,278,696,68,3
Kalahandi,2023-02,668,51,47,13,60,659,13,10
Bhubaneswar,2023-03,626,322,182,92,274,674,38,9
Ganjam,2023-03,708,164,111,74,185,687,29,8
Koraput,2023-03,627,68,50,25,75,620,17,7
Sambalpur,2023-03,651,156,80,54,134,673,17,4
Puri,2023-03,677,117,80,41,121,673,26,3
Balasore,2023-03,665,135,98,40,138,662,34,4
Rourkela,2023-03,695,228,135,87,222,701,50,5
Mayurbhanj,2023-03,648,74,50,28,78,644,10,9
Cuttack,2023-03,696,269,180,124,304,661,45,6
Kalahandi,2023-03,659,68,29,17,46,681,11,6
Bhubaneswar,2023-04,674,314,184,99,283,705,49,8
Ganjam,2023-04,687,199,120,61,181,705,40,4
Koraput,2023-04,620,77,60,22,82,615,14,3
Sambalpur,2023-04,673,156,99,38,137,692,22,8
Puri,2023-04,673,116,91,37,128,661,35,5
Balasore,2023-04,662,123,93,43,136,649,33,6
Rourkela,2023-04,701,226,157,90,247,680,44,7
Mayurbhanj,2023-04,644,69,40,17,57,656,12,5
Cuttack,2023-04,661,272,171,94,265,668,46,9
Kalahandi,2023-04,681,69,54,28,82,668,20,7
Bhubaneswar,2023-05,705,301,227,104,331,675,65,8
Ganjam,2023-05,705,190,117,77,194,701,45,9
Koraput,2023-05,615,83,47,35,82,616,12,6
Sambalpur,2023-05,692,159,89,43,132,719,30,7
Puri,2023-05,661,99,83,41,124,636,20,6
Balasore,2023-05,649,128,95,35,130,647,19,5
Rourkela,2023-05,680,214,164,75,239,655,49,4
Mayurbhanj,2023-05,656,69,50,17,67,658,16,6
Cuttack,2023-05,668,307,182,101,283,692,36,6
Kalahandi,2023-05,668,59,47,31,78,649,12,7
Bhubaneswar,2023-06,675,321,185,105,290,706,37,11
Ganjam,2023-06,701,183,116,55,171,713,30,7
Koraput,2023-06,616,75,49,27,76,615,11,8
Sambalpur,2023-06,719,144,111,62,173,690,44,8
Puri,2023-06,636,123,70,46,116,643,26,6
Balasore,2023-06,647,132,91,49,140,639,27,4
Rourkela,2023-06,655,235,144,62,206,684,55,4
Mayurbhanj,2023-06,658,61,49,24,73,646,12,9
Cuttack,2023-06,692,282,202,99,301,673,51,9
Kalahandi,2023-06,649,69,41,19,60,658,9,9
Bhubaneswar,2023-07,706,278,223,121,344,640,61,7
Ganjam,2023-07,713,175,139,64,203,685,42,9
Koraput,2023-07,615,88,54,16,70,633,18,9
Sambalpur,2023-07,690,151,83,54,137,704,20,7
Puri,2023-07,643,134,77,36,113,664,16,6
Balasore,2023-07,639,131,78,38,116,654,25,8
Rourkela,2023-07,684,209,144,75,219,674,31,6
Mayurbhanj,2023-07,646,67,32,20,52,661,9,10
Cuttack,2023-07,673,262,169,105,274,661,66,5
Kalahandi,2023-07,658,73,36,22,58,673,12,6
Bhubaneswar,2023-08,640,288,212,88,300,628,47,6
Ganjam,2023-08,685,181,126,52,178,688,46,9
Koraput,2023-08,633,72,47,27,74,631,11,6
Sambalpur,2023-08,704,151,101,67,168,687,32,14
Puri,2023-08,664,120,79,42,121,663,27,8
Balasore,2023-08,654,137,90,44,134,657,23,14
Rourkela,2023-08,674,235,169,76,245,664,45,6
Mayurbhanj,2023-08,661,73,42,22,64,670,11,6
Cuttack,2023-08,661,265,171,107,278,648,54,9
Kalahandi,2023-08,673,71,37,17,54,690,8,8
Bhubaneswar,2023-09,628,310,192,86,278,660,74,6
Ganjam,2023-09,688,181,132,62,194,675,52,5
Koraput,2023-09,631,69,42,26,68,632,10,6
Sambalpur,2023-09,687,146,106,55,161,672,36,11
Puri,2023-09,663,116,87,49,136,643,20,7
Balasore,2023-09,657,125,113,34,147,635,23,7
Rourkela,2023-09,664,215,165,64,229,650,62,4
Mayurbhanj,2023-09,670,70,47,19,66,674,14,7
Cuttack,2023-09,648,275,171,89,260,663,39,8
Kalahandi,2023-09,690,56,38,24,62,684,11,5
Bhubaneswar,2023-10,660,308,195,82,277,691,61,8
Ganjam,2023-10,675,165,115,69,184,656,34,5
Koraput,2023-10,632,86,46,36,82,636,12,13
Sambalpur,2023-10,672,130,90,58,148,654,24,9
Puri,2023-10,643,115,85,34,119,639,26,4
Balasore,2023-10,635,130,101,50,151,614,27,6
Rourkela,2023-10,650,210,163,84,247,613,63,9
Mayurbhanj,2023-10,674,69,42,21,63,680,15,8
Cuttack,2023-10,663,285,183,107,290,658,72,9
Kalahandi,2023-10,684,62,40,16,56,690,9,5
Bhubaneswar,2023-11,691,286,198,107,305,672,76,6
Ganjam,2023-11,656,202,116,54,170,688,25,4
Koraput,2023-11,636,80,59,27,86,630,12,5
Sambalpur,2023-11,654,160,84,34,118,696,27,3
Puri,2023-11,639,117,78,28,106,650,28,7
Balasore,2023-11,614,147,75,39,114,647,26,3
Rourkela,2023-11,613,218,134,76,210,621,53,6
Mayurbhanj,2023-11,680,54,44,24,68,666,9,2
Cuttack,2023-11,658,273,199,95,294,637,72,6
Kalahandi,2023-11,690,76,40,17,57,709,15,7
Bhubaneswar,2023-12,672,282,186,107,293,661,43,10
Ganjam,2023-12,688,189,122,68,190,687,29,12
Koraput,2023-12,630,72,52,31,83,619,19,7
Sambalpur,2023-12,696,142,110,42,152,686,25,12
Puri,2023-12,650,102,82,43,125,627,22,9
Balasore,2023-12,647,182,103,49,152,677,35,3
Rourkela,2023-12,621,221,151,52,203,639,47,2
Mayurbhanj,2023-12,666,86,41,23,64,688,13,4
Cuttack,2023-12,637,315,169,84,253,699,47,6
Kalahandi,2023-12,709,54,39,29,68,695,11,5
Bhubaneswar,2024-01,661,335,177,102,279,717,52,5
Ganjam,2024-01,687,170,115,65,180,677,42,6
Koraput,2024-01,619,79,61,23,84,614,15,6
Sambalpur,2024-01,686,156,109,62,171,671,40,3
Puri,2024-01,627,125,78,28,106,646,17,6
Balasore,2024-01,677,127,106,49,155,649,35,8
Rourkela,2024-01,639,217,137,64,201,655,34,2
Mayurbhanj,2024-01,688,73,45,24,69,692,15,9
Cuttack,2024-01,699,294,193,94,287,706,71,4
Kalahandi,2024-01,695,55,50,14,64,686,19,1
Bhubaneswar,2024-02,717,290,216,107,323,684,58,7
Ganjam,2024-02,677,183,121,62,183,677,43,2
Koraput,2024-02,614,76,39,28,67,623,13,9
Sambalpur,2024-02,671,148,97,55,152,667,31,5
Puri,2024-02,646,128,88,38,126,648,26,4
Balasore,2024-02,649,135,96,32,128,656,32,2
Rourkela,2024-02,655,216,154,83,237,634,56,7
Mayurbhanj,2024-02,692,75,50,24,74,693,19,10
Cuttack,2024-02,706,284,226,95,321,669,75,8
Kalahandi,2024-02,686,53,36,15,51,688,9,11
Bhubaneswar,2024-03,684,280,218,103,321,643,60,3
Ganjam,2024-03,677,170,114,69,183,664,38,7
Koraput,2024-03,623,81,50,28,78,626,15,3
Sambalpur,2024-03,667,146,96,53,149,664,37,4
Puri,2024-03,648,117,98,38,136,629,27,3
Balasore,2024-03,656,147,91,39,130,673,23,6
Rourkela,2024-03,634,266,131,51,182,718,42,7
Mayurbhanj,2024-03,693,77,49,20,69,701,14,10
Cuttack,2024-03,669,287,196,91,287,669,51,6
Kalahandi,2024-03,688,55,35,19,54,689,9,4
Bhubaneswar,2024-04,643,281,196,121,317,607,55,5
Ganjam,2024-04,664,183,110,68,178,669,27,8
Koraput,2024-04,626,79,54,20,74,631,15,3
Sambalpur,2024-04,664,146,102,42,144,666,25,3
Puri,2024-04,629,111,76,36,112,628,27,6
Balasore,2024-04,673,137,89,32,121,689,31,5
Rourkela,2024-04,718,219,139,80,219,718,34,3
Mayurbhanj,2024-04,701,68,43,24,67,702,16,10
Cuttack,2024-04,669,273,204,119,323,619,59,4
Kalahandi,2024-04,689,60,31,20,51,698,6,6
Bhubaneswar,2024-05,607,323,167,90,257,673,54,5
Ganjam,2024-05,669,188,94,73,167,690,28,5
Koraput,2024-05,631,87,56,28,84,634,16,5
Sambalpur,2024-05,666,150,91,45,136,680,34,8
Puri,2024-05,628,125,71,30,101,652,17,5
Balasore,2024-05,689,145,114,47,161,673,42,9
Rourkela,2024-05,718,220,163,66,229,709,48,9
Mayurbhanj,2024-05,702,86,48,25,73,715,13,3
Cuttack,2024-05,619,307,182,80,262,664,55,10
Kalahandi,2024-05,698,57,39,22,61,694,10,5
Bhubaneswar,2024-06,673,303,222,105,327,649,78,2
Ganjam,2024-06,690,165,123,75,198,657,38,1
Koraput,2024-06,634,71,51,24,75,630,10,7
Sambalpur,2024-06,680,146,95,59,154,672,34,3
Puri,2024-06,652,120,82,34,116,656,28,6
Balasore,2024-06,673,144,90,56,146,671,32,8
Rourkela,2024-06,709,201,141,66,207,703,39,2
Mayurbhanj,2024-06,715,85,61,18,79,721,19,7
Cuttack,2024-06,664,300,182,90,272,692,66,5
Kalahandi,2024-06,694,71,49,24,73,692,16,7
Bhubaneswar,2024-07,649,291,193,92,285,655,46,3
Ganjam,2024-07,657,171,133,64,197,631,30,5
Koraput,2024-07,630,83,48,19,67,646,13,2
Sambalpur,2024-07,672,133,107,75,182,623,24,3
Puri,2024-07,656,136,74,36,110,682,21,5
Balasore,2024-07,671,147,103,42,145,673,28,7
Rourkela,2024-07,703,224,145,111,256,671,36,5
Mayurbhanj,2024-07,721,56,46,31,77,700,15,9
Cuttack,2024-07,692,305,186,109,295,702,57,8
Kalahandi,2024-07,692,59,35,31,66,685,12,12
Bhubaneswar,2024-08,655,320,205,94,299,676,51,3
Ganjam,2024-08,631,184,152,68,220,595,50,8
Koraput,2024-08,646,87,49,23,72,661,15,4
Sambalpur,2024-08,623,136,93,58,151,608,22,7
Puri,2024-08,682,115,88,41,129,668,34,4
Balasore,2024-08,673,141,106,48,154,660,30,7
Rourkela,2024-08,671,235,161,72,233,673,37,2
Mayurbhanj,2024-08,700,69,35,27,62,707,13,7
Cuttack,2024-08,702,266,179,89,268,700,41,2
Kalahandi,2024-08,685,52,37,20,57,680,10,4
Bhubaneswar,2024-09,676,317,202,106,308,685,41,2
Ganjam,2024-09,595,173,118,46,164,604,31,3
Koraput,2024-09,661,91,58,23,81,671,21,6
Sambalpur,2024-09,608,158,93,38,131,635,26,7
Puri,2024-09,668,114,74,53,127,655,28,12
Balasore,2024-09,660,130,89,53,142,648,31,6
Rourkela,2024-09,673,218,160,68,228,663,37,4
Mayurbhanj,2024-09,707,72,49,33,82,697,19,7
Cuttack,2024-09,700,298,213,91,304,694,65,8
Kalahandi,2024-09,680,60,46,22,68,672,12,12
Bhubaneswar,2024-10,685,301,200,118,318,668,78,1
Ganjam,2024-10,604,186,117,51,168,622,40,7
Koraput,2024-10,671,66,53,24,77,660,17,4
Sambalpur,2024-10,635,160,107,61,168,627,22,1
Puri,2024-10,655,125,81,36,117,663,23,3
Balasore,2024-10,648,148,100,49,149,647,23,6
Rourkela,2024-10,663,203,142,71,213,653,29,5
Mayurbhanj,2024-10,697,68,61,20,81,684,12,7
Cuttack,2024-10,694,308,189,100,289,713,68,7
Kalahandi,2024-10,672,56,38,26,64,664,12,5
Bhubaneswar,2024-11,668,269,194,100,294,643,58,8
Ganjam,2024-11,622,166,120,58,178,610,35,4
Koraput,2024-11,660,85,50,29,79,666,16,3
Sambalpur,2024-11,627,158,84,49,133,652,32,6
Puri,2024-11,663,132,70,36,106,689,24,7
Balasore,2024-11,647,121,85,41,126,642,20,3
Rourkela,2024-11,653,227,130,56,186,694,28,13
Mayurbhanj,2024-11,684,67,47,24,71,680,14,6
Cuttack,2024-11,713,292,200,100,300,705,63,9
Kalahandi,2024-11,664,60,38,9,47,677,11,3
Bhubaneswar,2024-12,643,284,216,99,315,612,49,8
Ganjam,2024-12,610,172,101,62,163,619,28,7
Koraput,2024-12,666,75,60,22,82,659,15,5
Sambalpur,2024-12,652,152,94,52,146,658,22,2
Puri,2024-12,689,127,67,42,109,707,18,4
Balasore,2024-12,642,143,89,47,136,649,25,3
Rourkela,2024-12,694,250,157,81,238,706,42,3
Mayurbhanj,2024-12,680,78,41,24,65,693,12,0
Cuttack,2024-12,705,298,190,96,286,717,60,4
Kalahandi,2024-12,677,58,44,16,60,675,10,4
Bhubaneswar,2025-01,612,327,199,98,297,642,65,9
Ganjam,2025-01,619,214,124,61,185,648,47,6
Koraput,2025-01,659,82,44,23,67,674,15,8
Sambalpur,2025-01,658,154,87,53,140,672,29,7
Puri,2025-01,707,144,85,42,127,724,28,5
Balasore,2025-01,649,132,83,46,129,652,19,4
Rourkela,2025-01,706,229,140,72,212,723,47,6
Mayurbhanj,2025-01,693,55,51,29,80,668,19,6
Cuttack,2025-01,717,296,203,122,325,688,56,8
Kalahandi,2025-01,675,63,42,19,61,677,9,6
Bhubaneswar,2025-02,642,315,189,99,288,669,42,6
Ganjam,2025-02,648,177,109,61,170,655,33,8
Koraput,2025-02,674,76,56,17,73,677,20,10
Sambalpur,2025-02,672,133,91,43,134,671,32,4
Puri,2025-02,724,104,78,50,128,700,30,8
Balasore,2025-02,652,131,99,52,151,632,25,5
Rourkela,2025-02,723,212,161,96,257,678,50,6
Mayurbhanj,2025-02,668,68,52,12,64,672,14,3
Cuttack,2025-02,688,282,188,98,286,684,61,6
Kalahandi,2025-02,677,69,40,28,68,678,14,12
Bhubaneswar,2025-03,669,293,207,105,312,650,48,8
Ganjam,2025-03,655,170,114,53,167,658,28,6
Koraput,2025-03,677,68,48,40,88,657,12,10
Sambalpur,2025-03,671,158,118,59,177,652,46,4
Puri,2025-03,700,127,77,29,106,721,16,9
Balasore,2025-03,632,144,90,50,140,636,27,5
Rourkela,2025-03,678,221,130,83,213,686,26,11
Mayurbhanj,2025-03,672,76,34,31,65,683,9,4
Cuttack,2025-03,684,287,175,99,274,697,67,5
Kalahandi,2025-03,678,49,47,18,65,662,18,7
Bhubaneswar,2025-04,650,307,208,91,299,658,65,6
Ganjam,2025-04,658,171,138,61,199,630,47,9
Koraput,2025-04,657,80,45,24,69,668,12,7
Sambalpur,2025-04,652,155,107,46,153,654,21,5
Puri,2025-04,721,124,83,37,120,725,18,7
Balasore,2025-04,636,160,98,45,143,653,30,10
Rourkela,2025-04,686,239,186,70,256,669,67,8
Mayurbhanj,2025-04,683,66,41,25,66,683,15,8
Cuttack,2025-04,697,246,214,96,310,633,78,3
Kalahandi,2025-04,662,63,51,24,75,650,10,4
Bhubaneswar,2025-05,658,308,183,78,261,705,66,6
Ganjam,2025-05,630,174,127,68,195,609,45,5
Koraput,2025-05,668,76,51,23,74,670,12,4
Sambalpur,2025-05,654,145,92,43,135,664,22,10
Puri,2025-05,725,107,89,38,127,705,19,11
Balasore,2025-05,653,127,86,40,126,654,17,10
Rourkela,2025-05,669,256,150,78,228,697,38,10
Mayurbhanj,2025-05,683,70,46,24,70,683,10,6
Cuttack,2025-05,633,285,184,87,271,647,68,7
Kalahandi,2025-05,650,55,35,28,63,642,9,11
Bhubaneswar,2025-06,705,274,209,94,303,676,51,7
Ganjam,2025-06,609,191,121,60,181,619,32,3
Koraput,2025-06,670,87,47,25,72,685,17,8
Sambalpur,2025-06,664,146,94,53,147,663,20,6
Puri,2025-06,705,133,93,31,124,714,35,5
Balasore,2025-06,654,117,86,35,121,650,31,9
Rourkela,2025-06,697,226,160,85,245,678,58,7
Mayurbhanj,2025-06,683,54,43,20,63,674,11,5
Cuttack,2025-06,647,302,204,90,294,655,71,4
Kalahandi,2025-06,642,62,40,19,59,645,9,6
Bhubaneswar,2025-07,676,288,195,118,313,651,52,10
Ganjam,2025-07,619,185,113,62,175,629,44,2
Koraput,2025-07,685,78,70,33,103,660,19,4
Sambalpur,2025-07,663,169,101,63,164,668,35,8
Puri,2025-07,714,100,85,41,126,688,33,10
Balasore,2025-07,650,136,98,46,144,642,21,11
Rourkela,2025-07,678,189,130,80,210,657,35,9
Mayurbhanj,2025-07,674,66,48,28,76,664,10,8
Cuttack,2025-07,655,254,187,95,282,627,43,9
Kalahandi,2025-07,645,61,46,24,70,636,14,9
Bhubaneswar,2025-08,651,291,208,66,274,668,47,9
Ganjam,2025-08,629,181,125,47,172,638,47,7
Koraput,2025-08,660,78,57,33,90,648,17,3
Sambalpur,2025-08,668,127,112,46,158,637,29,4
Puri,2025-08,688,138,81,42,123,703,18,8
Balasore,2025-08,642,138,72,52,124,656,22,6
Rourkela,2025-08,657,225,139,64,203,679,54,3
Mayurbhanj,2025-08,664,77,49,22,71,670,14,5
Cuttack,2025-08,627,295,163,95,258,664,38,6
Kalahandi,2025-08,636,63,35,10,45,654,11,7
Bhubaneswar,2025-09,668,282,225,99,324,626,49,8
Ganjam,2025-09,638,187,119,45,164,661,33,4
Koraput,2025-09,648,84,64,29,93,639,14,7
Sambalpur,2025-09,637,161,92,50,142,656,22,6
Puri,2025-09,703,110,96,44,140,673,23,6
Balasore,2025-09,656,155,90,37,127,684,26,4
Rourkela,2025-09,679,223,115,84,199,703,31,11
Mayurbhanj,2025-09,670,76,32,22,54,692,11,6
Cuttack,2025-09,664,280,186,85,271,673,54,3
Kalahandi,2025-09,654,69,36,17,53,670,8,4
Bhubaneswar,2025-10,626,316,224,80,304,638,88,11
Ganjam,2025-10,661,185,125,56,181,665,25,7
Koraput,2025-10,639,75,63,21,84,630,17,6
Sambalpur,2025-10,656,162,97,48,145,673,28,8
Puri,2025-10,673,115,87,44,131,657,25,11
Balasore,2025-10,684,133,96,48,144,673,25,2
Rourkela,2025-10,703,212,162,79,241,674,35,3
Mayurbhanj,2025-10,692,76,50,20,70,698,16,4
Cuttack,2025-10,673,287,179,89,268,692,66,5
Kalahandi,2025-10,670,52,34,19,53,669,10,4
Bhubaneswar,2025-11,638,299,185,98,283,654,53,6
Ganjam,2025-11,665,187,120,80,200,652,33,9
Koraput,2025-11,630,93,37,32,69,654,14,10
Sambalpur,2025-11,673,148,100,43,143,678,31,9
Puri,2025-11,657,100,82,43,125,632,31,7
Balasore,2025-11,673,145,97,51,148,670,22,12
Rourkela,2025-11,674,233,148,74,222,685,46,4
Mayurbhanj,2025-11,698,79,58,21,79,698,22,6
Cuttack,2025-11,692,257,178,114,292,657,69,7
Kalahandi,2025-11,669,67,49,19,68,668,10,4
